relative_path,physical_class,canonical_class,class_id,split,sha256,perceptual_hash,subject_id
dataset/test/glioma/Te-glTr_0000.jpg,glioma,glioma,0,train,b513a83f68e486f45159b004d356782e782840145321511f99dd38399251b6d7,4f17172b2723074d,
dataset/test/glioma/Te-glTr_0002.jpg,glioma,glioma,0,train,6fd1918b39e7a7f92fa5652d7802583f3251fed50a23ec691b099fea4696e060,210f17272b270e4d,
dataset/test/glioma/Te-glTr_0004.jpg,glioma,glioma,0,train,c35734545021ab5a4f55fb87e08732e26fb16abe8879271d19dba53a92473006,0d173b2b4f170f4d,
dataset/test/glioma/Te-glTr_0008.jpg,glioma,glioma,0,train,d5c72e60e4f6440cef201bc25351d3894143569cf7fcb20992c3f62a263a31c2,0d0f170b2f17070f,
dataset/test/glioma/Te-glTr_0009.jpg,glioma,glioma,0,train,ee07fcfa84fe2e1a6e4cffd174d4c33b72ce830c36839667ca952ca995073745,0d0f17271b2b0f0f,
dataset/test/glioma/Te-gl_0010.jpg,glioma,glioma,0,train,a99b7a1c0a8281a6bc844d3cb7a3581458fb37fd5b7af7279c5e201e89f03c60,4d16372d2d3b0f4c,
dataset/test/glioma/Te-gl_0011.jpg,glioma,glioma,0,train,2582dc2998a76c37ca78d3f82baace12065ffd1fa72c2e4864d756d30bd4eef7,0607132b1f1b0e49,
dataset/test/glioma/Te-gl_0012.jpg,glioma,glioma,0,train,d3919a620ad5aee91a2f2991fcb5c4c6d21fc30aafca09cc8e9768bc0dc10f28,0d17170b0f2b1f0d,
dataset/test/glioma/Te-gl_0013.jpg,glioma,glioma,0,train,008f7fea9cbb6d61aa406db657479bf8437355ffff3b894a807c8d7b81d7e628,290f0e0b0f0f0e4d,
dataset/test/glioma/Te-gl_0014.jpg,glioma,glioma,0,train,6864a3e2f7406bdef32f33aecfeeb19b0a5fe0ac92a6f7b09be01c2ddc255278,090f0e1f170f0f4d,
dataset/test/glioma/Te-gl_0015.jpg,glioma,glioma,0,train,2d33e035b533d94e310dce9c7925ede0fc88b85796079304e3da37a2e9ce0326,0e17332b2f2b0f4d,
dataset/test/glioma/Te-gl_0016.jpg,glioma,glioma,0,train,085a411f8f51f72f45fb4f3452e62a43e31c74bbcfe5404bff529ebfe0218e59,4d0623231f2b0e0d,
dataset/test/glioma/Te-gl_0017.jpg,glioma,glioma,0,train,8faa1956f6c3e58ca9911d98e453692128bb99c49abb2216ede151e46b1c631b,234d07232b2b0e4d,
dataset/test/glioma/Te-gl_0018.jpg,glioma,glioma,0,train,a34ca7ca37c4cf5832f566fa434d8f37183b4e828b28b2141ff9d921ec843a1a,0d0717232b331f0d,
dataset/test/glioma/Te-gl_0021.jpg,glioma,glioma,0,train,91e2aee97ba4249a173a8da29709dda1a74b525eb4d973ab4526bed1a953beff,4c0733170f2b1f0d,
dataset/test/glioma/Te-gl_0022.jpg,glioma,glioma,0,train,fdba94b356e4831716f85a4908bec395a0c8e52d785d042e52ef332fd708fd0f,0d170b1f27370e4d,
dataset/test/glioma/Te-gl_0024.jpg,glioma,glioma,0,train,192cb19f45e0c2f320174ae32077f828514d07d101a3042b1064776e6bc28cd6,09071717170b0f2d,
dataset/test/glioma/Te-gl_0025.jpg,glioma,glioma,0,train,84c83365ba5787cf071768ffc8ab37780e46572b4626e98c24a0af0e02235a8a,0d1e371b0b3f0e49,
dataset/test/glioma/Te-gl_0026.jpg,glioma,glioma,0,train,7f213584ba4c3105cd350c1c223cff315928f31c065ed7de457aa6e201e591c3,0f172b1f0f3f0e4d,
dataset/test/glioma/Te-gl_0027.jpg,glioma,glioma,0,train,328489dd932b3466be21ef4db70071954fbbe99ca52a0d98dc3b9bb954e4356d,0d163f332b3f0e4d,
dataset/test/glioma/Te-gl_0028.jpg,glioma,glioma,0,train,4c5c0925010c5b236a21c7e93e3f2e5725e6e90f516cdbb2873f43f7f9c7eedf,0f07071f17170f4d,
dataset/test/glioma/Te-gl_0029.jpg,glioma,glioma,0,train,192cb19f45e0c2f320174ae32077f828514d07d101a3042b1064776e6bc28cd6,09071717170b0f2d,
dataset/test/glioma/Te-gl_0030.jpg,glioma,glioma,0,train,e8185b8e2b5265a6b98b4c45eceda250fa0ba2e8be9641265c721d236a3b7f1d,4c072b2727170f68,
dataset/test/glioma/Te-gl_0031.jpg,glioma,glioma,0,train,63b32a97756de602d40a8d4ce936af773f0ebb50c68de982d5ac84cc940a3b53,4d172b2f2f3b174d,
dataset/test/glioma/Te-gl_0032.jpg,glioma,glioma,0,train,88b07fe2565f4311da77f265199458f7496fbff6d46d85741a5d4842800d828b,4d060f372b2b0f4d,
dataset/test/glioma/Te-gl_0033.jpg,glioma,glioma,0,train,e41a038d3be002107164bd5dac29c770784913a733d895a9c9a03dc32f113078,0d0e2f17072f0e4d,
dataset/test/glioma/Te-gl_0034.jpg,glioma,glioma,0,train,1b3346358d6b031bb4f685cf40826246e02487627ffdceb23091274333cd4e2e,0d0e0f0f2f2f0e4d,
dataset/test/glioma/Te-gl_0035.jpg,glioma,glioma,0,train,77e9b3e882c6f0f8ac024c33dd50f0903cc907ce96a9b2150fd03c11b98a19d1,4e070b2b1b230e4d,
dataset/test/glioma/Te-gl_0036.jpg,glioma,glioma,0,train,6674e11f2138d476e985e5ab20b8550b049c9bc205341a753a500ac2d420321e,8e0b37170f171f1f,
dataset/test/glioma/Te-gl_0037.jpg,glioma,glioma,0,train,bbafd834ec74fa3ee1962ca292dfc276e4bfa35e1dcab21f00dccd96d2f44420,0e07171713130f1b,
dataset/test/glioma/Te-gl_0038.jpg,glioma,glioma,0,train,451cac5ad16e74c6c11d640709f3a363726eeebeae98d0e13084b379b3fc37fa,0e331b174b57171f,
dataset/test/glioma/Te-gl_0039.jpg,glioma,glioma,0,train,b91a7eb896b9ce5bb93d1cc26673d038fdcb99451ed376cc4028a97e500af127,4d0f1b1b331b2b16,
dataset/test/glioma/Te-gl_0040.jpg,glioma,glioma,0,train,d784375a34e6682f04ca096ef6c93e26911bac6f5923e8d5afd1c0b394e0d357,610f170b0f0f1313,
dataset/test/glioma/Te-gl_0041.jpg,glioma,glioma,0,train,de35e5ddd6d87fdab88173a4a679df971caf213c1cbbda123d340cb49306def0,610f0f2f0f2f1797,
dataset/test/glioma/Te-gl_0042.jpg,glioma,glioma,0,train,c1371cb4c85214082d5b9220b1538b3e7eff0051e085cb325ab4c05149517d36,4c0e1b0f2b13179e,
dataset/test/glioma/Te-gl_0043.jpg,glioma,glioma,0,train,0de951286256834bd2ddc4e26fe9795265fc200a9f7c85af3fc707eb0bfc8803,410f232b2b0f4d60,
dataset/test/glioma/Te-gl_0044.jpg,glioma,glioma,0,train,989de8b8b3ba83496e5ae82b259a88ded06a9c3eb6f661222ec53835cf8c1adf,4d0f17172f17071f,
dataset/test/glioma/Te-gl_0045.jpg,glioma,glioma,0,train,7a25c9ff1ef14561ea1cd8c1cc7597ae2d9210b42f2fe1ac5a289e236f3bfcd1,4c073317372f371e,
dataset/test/glioma/Te-gl_0048.jpg,glioma,glioma,0,train,80465290633a2440682d01f9af00ee53fdb13c4495f7dc747919764564dbf19b,4d0e273b133b3733,
dataset/test/glioma/Te-gl_0051.jpg,glioma,glioma,0,train,6fa70414d35ea183e1b0fb7cf43496b489352b94bc3868079dc173e4a46a5b97,0d0e1b33372b0f4c,
dataset/test/glioma/Te-gl_0053.jpg,glioma,glioma,0,train,a7dd4c37710b5b3d9e0dbfa2c0198577815691e477ecba18172cbb92068ff1b5,0e172b0f172b0f0d,
dataset/test/glioma/Te-gl_0056.jpg,glioma,glioma,0,train,27ffbea1b951f589b9460431ec684ee55f36b0d8f415d0e9239b9ee874e808a4,0e1f330f4f1f3717,
dataset/test/glioma/Te-gl_0057.jpg,glioma,glioma,0,train,0965f7c1f03c075eac60f7d4892f7cfc779c01ccf2fff694e92c2f2240898cee,0d17171733132b26,
dataset/test/glioma/Te-gl_0058.jpg,glioma,glioma,0,train,b8cabb32395fbd9010ec802e4863b93d9ea997a77ebd5391c2ca11ea304ee9d3,0f072b0f5f371727,
dataset/test/glioma/Te-gl_0060.jpg,glioma,glioma,0,train,d310e4edba1ff944a9a39a24e01bad1c7b8e7f033278de00b15b041704053f78,8f171b0f0f0b1313,
dataset/test/glioma/Te-gl_0061.jpg,glioma,glioma,0,train,8a8e8d7c3362561c0da7910495f11d57713bd26a5d31571cd4e48711cc073fa6,4d173b0b2f133b13,
dataset/test/glioma/Te-gl_0063.jpg,glioma,glioma,0,train,3f5c0df7213f1349e178b4ea5e7b1ae7168389e08ed50aa7a4f98c03c72a3298,4d0f172733172b23,
dataset/test/glioma/Te-gl_0064.jpg,glioma,glioma,0,train,c9a558f416ed54ee6cf6cf9da4543a8c33056ddeb73fad4b016b324b388ba20f,4d172b294d4b7351,
dataset/test/glioma/Te-gl_0066.jpg,glioma,glioma,0,train,ae926d6c5e0601d1fd2d452de6eaa3a03b8cb0581d52114a1c0890b7c0a1ca56,4d0713173517072b,
dataset/test/glioma/Te-gl_0067.jpg,glioma,glioma,0,train,5cdd84e19ffe78c777333988be53b4037f2f18dd1ccf6e5f731e09ca7a0f07b8,4e1f2b0f4d173337,
dataset/test/glioma/Te-gl_0068.jpg,glioma,glioma,0,train,d9f4b45dbd6b4583a3a2a7f3e080221f0e80be285de21fe7e37bd32b5f5d220e,410f371f1b13130b,
dataset/test/glioma/Te-gl_0069.jpg,glioma,glioma,0,train,8d1acbe4dd690fc2b97056cf12458a5f1ea3d6e05e0032e099aa08a84af3359d,0e132f072d17171f,
dataset/test/glioma/Te-gl_0070.jpg,glioma,glioma,0,train,83d93d01a5ab50c725931cc7c2b82d3d0728bbc2228d79514c90ed2bcd0237ff,4d0f131b332b2b2e,
dataset/test/glioma/Te-gl_0071.jpg,glioma,glioma,0,train,c731e056bf72715accb0cdf4c79b15006c3c73bc089e876a720ba777f5215241,0f1f0b070b173f1f,
dataset/test/glioma/Te-gl_0072.jpg,glioma,glioma,0,train,c930a430dc434a7543254b3d082e9fbdf27b646cf8babdb06402524c7f67a896,4d0f0f2b2f0f0f29,
dataset/test/glioma/Te-gl_0073.jpg,glioma,glioma,0,train,07de01c21b4c1bfa695ce058fb68678fc129a4883f83633f4ff043bb47f01d5a,0e17132b17130f4d,
dataset/test/glioma/Te-gl_0074.jpg,glioma,glioma,0,train,f01b27f9deeee7616bfd709f323ac95b5b55a1d29db5aa83c62ccdc4b5fe1dad,0f172727070b0f4d,
dataset/test/glioma/Te-gl_0075.jpg,glioma,glioma,0,train,e2a3a5edcdbf2de3d11a36d19e8ce37d729fb8d16005313643879ff33ccd0c38,0d1f270b272b0e4d,
dataset/test/glioma/Te-gl_0077.jpg,glioma,glioma,0,train,da2cf44db9cf93878f855ed7da99793fc3cb9e92a31224c75a2bab4be1b1043f,6507132b23170f21,
dataset/test/glioma/Te-gl_0078.jpg,glioma,glioma,0,train,bd0cf563b67031f7b78bbd044e9208e45cc54966b5572964c1273f268f892821,0e03234317071e49,
dataset/test/glioma/Te-gl_0079.jpg,glioma,glioma,0,train,b23f7bb224a08f748ec6e4dd1c919a72e550507f17b9156819c28d4872982557,4e0323130b0b0e09,
dataset/test/glioma/Te-gl_0080.jpg,glioma,glioma,0,train,0fb5f45a7383c388d55ba7e1963e91890e57a9a3bd5e4baa1595ed0a087a21d5,0d2e0b430b2b0e4d,
dataset/test/glioma/Te-gl_0081.jpg,glioma,glioma,0,train,f88cf89c065bb6ef9b7e66d03b7d63fe99b7488d3abeb1f664c0476bb1102552,0d0e272b2f270e4d,
dataset/test/glioma/Te-gl_0082.jpg,glioma,glioma,0,train,d6d3f99d4249b326cbbac234c0be94db52fc63dbc3c49034631709310a7c75d2,4d0703272f030e29,
dataset/test/glioma/Te-gl_0083.jpg,glioma,glioma,0,train,b74d9fc4cd930a238caa2a932817a044f18cd379a6d1de24d9177234f50bc4dc,4d1f171717270f49,
dataset/test/glioma/Te-gl_0086.jpg,glioma,glioma,0,train,173221c93dc6dbda85f9b57fd1fbd8ceb58ddcdb215a8214dfbddb63c0dd5d81,4e0f23172b2b0f0d,
dataset/test/glioma/Te-gl_0087.jpg,glioma,glioma,0,train,3e8cf913cd2b815b87e28544866d64bbc9e62930640bb8ddca024997e90b9688,490f072707070e49,
dataset/test/glioma/Te-gl_0090.jpg,glioma,glioma,0,train,bda83b81f65ae67e20150f9b3f957428e744d694df4e80a4cec6d8189d940006,4e0f3b090b170e41,
dataset/test/glioma/Te-gl_0091.jpg,glioma,glioma,0,train,afc1027fa25ef07b153606553750cbcfe1cbcd800aad6e9f9d650dafeae8f6d3,4d16170b4f2f0e4d,
dataset/test/glioma/Te-gl_0092.jpg,glioma,glioma,0,train,4790b7d764249a5f27288836e9d4508c01bd344db3e224666bcef2f436e055dc,4d17134b4b230e0d,
dataset/test/glioma/Te-gl_0095.jpg,glioma,glioma,0,train,378224b794dd5706f96d062359ff03f4a3729df2cdbc92584c6bcdb81f87dd26,1c162b0b0b2f0e49,
dataset/test/glioma/Te-gl_0097.jpg,glioma,glioma,0,train,defb1bfdd706a647647eead7addcc2c9285dc9faf9da5f1841d5eb1eec3abec1,490f0f2f0f0f0e4d,
dataset/test/glioma/Te-gl_0098.jpg,glioma,glioma,0,train,4b06be5d6000b7eba922e06c32ee96aaa79282741d14b504618d38c6e81d6781,0d162b332b3b0e4d,
dataset/test/glioma/Te-gl_0099.jpg,glioma,glioma,0,train,89de729d4d8bc4bd54870a816f18f86e34e645c4e0bde61f03dfc7fd9bddfcab,1617172b072b0f4d,
dataset/test/glioma/Te-gl_0100.jpg,glioma,glioma,0,train,b9771e729515d78dbfde511d4d068099ea2aea31cb405b6ce697515077ba912e,4e0f0b0b2b2b0e49,
dataset/test/glioma/Te-gl_0101.jpg,glioma,glioma,0,train,4fa87ade711eedf567d733838912e2eb8572118c71e6c4f5c7c78a4004c66684,490e172b0f170e41,
dataset/test/glioma/Te-gl_0102.jpg,glioma,glioma,0,train,780c65ce49c8016999e1087261c418189aca15bac0fa1e80ce213e53c1ad55c0,0f1f3737172b070e,
dataset/test/glioma/Te-gl_0103.jpg,glioma,glioma,0,train,67b1e717d86be3ccc871102302784f766bab1e21c0b3794bf4a779366b5b0860,0f0f33371f2b070e,
dataset/test/glioma/Te-gl_0104.jpg,glioma,glioma,0,train,4bd6093caca4d08a7c7504e9215c839624a979a84d46e479df96b34fb8d43cba,0d0f17332b2b0b46,
dataset/test/glioma/Te-gl_0106.jpg,glioma,glioma,0,train,386e8bd9a11cda48528b3935a693eb04b89fee815e33d6d94b8c831885b54110,4d0f170f27230f0f,
dataset/test/glioma/Te-gl_0109.jpg,glioma,glioma,0,train,8d7a6cd3978b725673255e56e1a7a7e8aa2048640420e9429e67a52becbd8e7d,0c1717514d0f070e,
dataset/test/glioma/Te-gl_0110.jpg,glioma,glioma,0,train,331d8b9608c5739e494822c6cceaae79842eaf94b085785b7573a484270a2e25,0c1733470d0f130e,
dataset/test/glioma/Te-gl_0111.jpg,glioma,glioma,0,train,178edaf959d0d23aa036436d6428c4750cad595224670317e2a5d1f945484a9c,0d1e33170b2b074c,
dataset/test/glioma/Te-gl_0112.jpg,glioma,glioma,0,train,114982d55c77ad20796d799c70d6538903366ee064e58afc8184f7de8a7c7bde,0d1e37170b2b074d,
dataset/test/glioma/Te-gl_0113.jpg,glioma,glioma,0,train,038db1bbb4895f343f748f586df291c6ad85a6e9f33f4823cb179c1f57dd276d,0c172f0313130e4d,
dataset/test/glioma/Te-gl_0114.jpg,glioma,glioma,0,train,faebaba9de577d49182c649be114e139afe3b4f839ce5504eacda361b7cf7c64,4d0f072313170e41,
dataset/test/glioma/Te-gl_0115.jpg,glioma,glioma,0,train,b86a24b6e5711a0565a731fb53a6a12f33f31b3e46ecad71c705aebdc5d0d29a,0c3323234d0b170c,
dataset/test/glioma/Te-gl_0116.jpg,glioma,glioma,0,train,18c715076bb9685612be10f900e3eb10252e5dba93eb420613a64056d4aef86d,0e17231b0f23170d,
dataset/test/glioma/Te-gl_0117.jpg,glioma,glioma,0,train,ca5396512f1f123a378f039ddbeaaa41e9bb091ef8fd3397e8385225b75bae86,4d1627070b2b0e0d,
dataset/test/glioma/Te-gl_0118.jpg,glioma,glioma,0,train,fe9846324542e280d8c5ce833b597200ac5e31517622cf02e3f0f377352f1938,4d0e232713230e4d,
dataset/test/glioma/Te-gl_0119.jpg,glioma,glioma,0,train,941557e0da191c7a1ff862c3d8cfd1c5f8a80089f4ae06c3dd669ac174aeaecc,4c16332b4f2b0f4d,
dataset/test/glioma/Te-gl_0120.jpg,glioma,glioma,0,train,8e1d0f5e7133a8b7afd88140dfdf6c1b43d511f2a44c0a58d99580a5ce1085c4,0c162b230f2b164d,
dataset/test/glioma/Te-gl_0121.jpg,glioma,glioma,0,train,cb0c965a4479579af7ed64dd9fae6e0b081981718fe097387f8f7e1c5b2bfc30,4d0e030b2f330f0d,
dataset/test/glioma/Te-gl_0122.jpg,glioma,glioma,0,train,b182bc8452d0cacc05b96e099d60c13e88bde7c6c13661450efc8d93d6709db1,4d07230f2b171796,
dataset/test/glioma/Te-gl_0124.jpg,glioma,glioma,0,train,66b918f15a13baab788d6b592ce00d40e58779f61666ab184afa201bddecf669,8e0733130d071396,
dataset/test/glioma/Te-gl_0125.jpg,glioma,glioma,0,train,3973568a319a82e6d56e314bdcfafa77795bd2076aa6cfb2e9e59005e5274dd5,0f17171733330f0f,
dataset/test/glioma/Te-gl_0126.jpg,glioma,glioma,0,train,e897911505360472246911d7c72bfe856d23c986c9b252f0f4bab6a70488b157,4d17171733372b1b,
dataset/test/glioma/Te-gl_0127.jpg,glioma,glioma,0,train,b8573d5300527719e95d55e4503314a1cf0169916b788c37c2c2e5ab3b24a97d,4d072b0f13530f36,
dataset/test/glioma/Te-gl_0128.jpg,glioma,glioma,0,train,bd5d39524c7204ea272cf1a3313a232d65c17d784bd1d3d576b790512b8291e7,8e0b0b0f1b131307,
dataset/test/glioma/Te-gl_0129.jpg,glioma,glioma,0,train,22e6ce785d5be9241f30dc8d070127eb89d6341e66aeb0f2f9fd1c2e5e27756e,4d072b0b0b332337,
dataset/test/glioma/Te-gl_0130.jpg,glioma,glioma,0,train,a9fe16be042acc81a47275440f0ff311aa3b27462afbc7fbc53b355eeba3c477,4d07272737372315,
dataset/test/glioma/Te-gl_0131.jpg,glioma,glioma,0,train,432e7742528502311b8b4c481d2c7d0b26ccf4eb75717efe5cf55b62cfef0114,4c0e23132b27370f,
dataset/test/glioma/Te-gl_0132.jpg,glioma,glioma,0,train,dca6c2c26311bd13aa423142666dbbf2f244d034d28f627ee38793977a563b62,490f171b33172b2b,
dataset/test/glioma/Te-gl_0133.jpg,glioma,glioma,0,train,d1b8f9628310a59f21ee1820c9df5e332e06ed318742fe4e1164fb2ea12fc3af,610f172b332b2b0b,
dataset/test/glioma/Te-gl_0134.jpg,glioma,glioma,0,train,33323cfa244d21e30b5090bfd7a64536e0599d71e2db2a903894e33f28ef56da,4c07230333330b36,
dataset/test/glioma/Te-gl_0135.jpg,glioma,glioma,0,train,78cd99ecf8a6ec2a08c6ac1d90837bcdea52cded1ca298c8f6fadb74cef68bf1,0d162b2b0f2b0e4d,
dataset/test/glioma/Te-gl_0137.jpg,glioma,glioma,0,train,30bc82d29a7db68488ad0fcee2263759d740760d0b71f41b6824a4a282bc11de,0e27030b37170707,
dataset/test/glioma/Te-gl_0138.jpg,glioma,glioma,0,train,469e1c0040036672ce0b88fe461b2e17818a91fa601a46a0822d0b89a851d83b,0e2b03070f131707,
dataset/test/glioma/Te-gl_0139.jpg,glioma,glioma,0,train,a4bd109b78fb5a010d786a0c85ef232a40376c3e1716a273031b05109c4e0a60,0d070b0b0b172707,
dataset/test/glioma/Te-gl_0140.jpg,glioma,glioma,0,train,32793bc7b8e414546e3e7c251a9840a0c6b0bcf266a4f6f8f2e297f546d1b894,4d0f272733272b16,
dataset/test/glioma/Te-gl_0141.jpg,glioma,glioma,0,train,d02281719550b972eb4859edfa0d2591c00fef9be5972026cc7ff46ae16f0412,8e1723072f173316,
dataset/test/glioma/Te-gl_0143.jpg,glioma,glioma,0,train,443578a32e404bc79b511395aa2646cc79100685104767d0447f230deff6edcd,8e33030f4f133775,
dataset/test/glioma/Te-gl_0144.jpg,glioma,glioma,0,train,995fa9460d3f580a5fdcb4077ea2f43aad17812a49ae887ebab2df9252ea6458,8e330b0b07172371,
dataset/test/glioma/Te-gl_0145.jpg,glioma,glioma,0,train,138ea2d9b80d50f67c5d1aebb2a804fa92ffb09f1210b4507ea9412f30190213,0e1b0b074b232361,
dataset/test/glioma/Te-gl_0146.jpg,glioma,glioma,0,train,518988f333ae7801915274469cac0c447e52d5f3744335ec343deb493df3edf5,0e1723030f131716,
dataset/test/glioma/Te-gl_0147.jpg,glioma,glioma,0,train,273c5b6358f36722557d1056c6f3d3ea7a96abed9b1f99987699c9f52009734e,0d072b0b0f171317,
dataset/test/glioma/Te-gl_0148.jpg,glioma,glioma,0,train,4a7aff23341f7e2cd9c811aa78363bcaabd867a7e5c53ad283c1d148cad97c2a,8e3307071f333717,
dataset/test/glioma/Te-gl_0149.jpg,glioma,glioma,0,train,c73dcb04d405df4e3f06d78c89b55899d45708fb3ce282268eea22dcb4db1ccd,8e330b2b17163727,
dataset/test/glioma/Te-gl_0150.jpg,glioma,glioma,0,train,7950821b4e6a71354ebc99c594f25711b0113588855384a26914f5e963075c0f,1c3e0b0b671f1b1e,
dataset/test/glioma/Te-gl_0151.jpg,glioma,glioma,0,train,61da15b376f528c18d4eadd0081992eb7ce98bb65315b99d0fb8b66bda0958cd,210d1607172b371d,
dataset/test/glioma/Te-gl_0153.jpg,glioma,glioma,0,train,5d4014bf74d525b80c7fa3c1f3bc09fb42aa4238abb1b2fd086a480c8580250b,610f072b2b2b370f,
dataset/test/glioma/Te-gl_0154.jpg,glioma,glioma,0,train,7daa71c00fa381577d5869d8af4e7d4cc3b430d28472a4b5ef7412dea41803c4,410f07230f0f1316,
dataset/test/glioma/Te-gl_0155.jpg,glioma,glioma,0,train,21d845936e01f927c6789ecbad66243fab37fb3e8be664c865229f49cc5c9a72,0e172b070f372727,
dataset/test/glioma/Te-gl_0156.jpg,glioma,glioma,0,train,a08fed55dc5e3e3c640a4e6d0848c8f3f89da4d3fa422d79789fd029e3f6c61b,690f17131317072b,
dataset/test/glioma/Te-gl_0157.jpg,glioma,glioma,0,train,1c8d9ffbd4232551875dbd8ebcf43666b451a16d56637a011246d7f3facf051e,8e172b0b37173317,
dataset/test/glioma/Te-gl_0158.jpg,glioma,glioma,0,train,a9a75ec92a08c33bbc553599c00c0ba289bc067c2e4c3dd5690b3b0b34081617,4d172337171f3726,
dataset/test/glioma/Te-gl_0159.jpg,glioma,glioma,0,train,178b33bade8572101087b0b1ab49ccbf91122f70df95ae91d34a7e61ff40bcb3,4906132b23330e1d,
dataset/test/glioma/Te-gl_0160.jpg,glioma,glioma,0,train,96464744306fd760062d1cc63d6b3b0bab77f5eeabd4a74483ee976eb04d2b01,4d072b2b23273727,
dataset/test/glioma/Te-gl_0161.jpg,glioma,glioma,0,train,15456a25fe823a66edd7dfeed8c823727e53cddfa775ed03cbe260361dab410f,981e170b33451b2b,
dataset/test/glioma/Te-gl_0162.jpg,glioma,glioma,0,train,00ec18489c236cd41b1ad33c09ee73b530b916c2d03bce0c901a415fc75070d2,409c2e3333278b4e,
dataset/test/glioma/Te-gl_0163.jpg,glioma,glioma,0,train,73d42707144dcfc229d6576c585c19b77b1d9392715936f611f60256a8131448,409c0e37270b8b4e,
dataset/test/glioma/Te-gl_0164.jpg,glioma,glioma,0,train,6c42357b440b4c9c6efce9f0aa110eed212265e1a587138b39d3815bfbba169a,0f6b4d0f45171f5e,
dataset/test/glioma/Te-gl_0165.jpg,glioma,glioma,0,train,c5e8c2f9fcb55dd12896aba0e97bfc159748d2acc7aa544d6637eb0786c7b826,072b0d0f6d2f1f5e,
dataset/test/glioma/Te-gl_0166.jpg,glioma,glioma,0,train,cb55a1372c8c6366b4098d178871ff51a56036c198d159d90e2c93cb0c5a6daf,9c2e3b1f23473b1e,
dataset/test/glioma/Te-gl_0167.jpg,glioma,glioma,0,train,876b4b4683bf08f15daec00804e3151574c42be23efc0df5ba68fd0049573938,1e3b332b1b33276f,
dataset/test/glioma/Te-gl_0168.jpg,glioma,glioma,0,train,72fb369fac5316f2e585c5f3506bcdec95534b20aa74b8b5516715518492f8cf,401c271b13250b9f,
dataset/test/glioma/Te-gl_0169.jpg,glioma,glioma,0,train,81e124890f6945a20f4196a28d4450e76d5f754674a5e6d5ac70c91e4f955baa,9e2f4f4d635b5d2f,
dataset/test/glioma/Te-gl_0170.jpg,glioma,glioma,0,train,862fdc1d0fee766431788e2031f245bd1854c8747aba71aa8079b9c5d00deb89,9e334d1b9953636f,
dataset/test/glioma/Te-gl_0171.jpg,glioma,glioma,0,train,880bd1eccc66a36ab7ec803d3059268b43616e391859b4422e3ca2d7d0374f95,9e330d5d4d33353d,
dataset/test/glioma/Te-gl_0172.jpg,glioma,glioma,0,train,641fc9ea962eab5cbe9d12d013fcf31b7849b52476d12683b2b981d9d80e15f2,c01c261b132b1fcc,
dataset/test/glioma/Te-gl_0173.jpg,glioma,glioma,0,train,570dad0c5c1dc517392dcb40bf631e20b6efbba76da3cc66f6146ce42e5d97b9,401c2f1e26169e58,
dataset/test/glioma/Te-gl_0174.jpg,glioma,glioma,0,train,b2d13289d89471bf9313d1ca87bb41179dfd9c765f3ee45146146eb21c127163,981e2f3f6717363c,
dataset/test/glioma/Te-gl_0175.jpg,glioma,glioma,0,train,5501114f7e345f134e21181a7d1379646f42e09cee186f0de521d0836c62f7d2,409c3f5b2b730b9b,
dataset/test/glioma/Te-gl_0176.jpg,glioma,glioma,0,train,ab28ca5de34f770b86bb74b4f1ecd47764d0f4702eeb9dfc9b48d501347b842c,c01e33495b492b37,
dataset/test/glioma/Te-gl_0178.jpg,glioma,glioma,0,train,7670afd6724720cf59bf0d1201b3e6674f1d522fc14617d9ae7555b26fa0fa75,9c1e171b272f2f1e,
dataset/test/glioma/Te-gl_0179.jpg,glioma,glioma,0,train,42bfd988ed7d65c9d5a86f0b4ebb7ae6d437e2c1b3253ef87bd461973f167d01,1e2f330b0b6b2b2b,
dataset/test/glioma/Te-gl_0180.jpg,glioma,glioma,0,train,99e1c8a1fbc5a4bb7c1f6045e43dd8427e9a24b4246f5c09ddb924e2c2ee28bc,9c1e531f5777277f,
dataset/test/glioma/Te-gl_0181.jpg,glioma,glioma,0,train,70e7d52974ac56818a63fac120b009a6d7ec98e06075e4f013c20581c8297b27,983e530f534b2b3e,
dataset/test/glioma/Te-gl_0184.jpg,glioma,glioma,0,train,f918db0678136f172185f217e45a516f6acbb1f859b2485a2a7e48f558893f46,1e2f5f55235b5b3f,
dataset/test/glioma/Te-gl_0186.jpg,glioma,glioma,0,train,22dd08716517c09764de575248570b620bb8853555e562ad97038dd13e3ac78a,1e734dbdeb6b6167,
dataset/test/glioma/Te-gl_0187.jpg,glioma,glioma,0,train,c6b4fb2d1e85b132085b08597175763bcd741c5639a76d817f96a90d8d82939a,1e67271d5345195b,
dataset/test/glioma/Te-gl_0188.jpg,glioma,glioma,0,train,ab75c4af2b492d53303b4f6ebe7865f08b0bdbd4f83c6169110028d0f97d918a,9c1e4b5b530f1b2e,
dataset/test/glioma/Te-gl_0189.jpg,glioma,glioma,0,train,7f9cc7ddcf4bd79d5ca252d6ccaeb68935313382f385796863219ecc944524d8,1e374f0d4b4f4f1f,
dataset/test/glioma/Te-gl_0190.jpg,glioma,glioma,0,train,b8e3aeeb314c72d478e133dad3046fbd0d247e04fdc1f37a4659d6c524fc6691,1e33571b4b4b6f6f,
dataset/test/glioma/Te-gl_0191.jpg,glioma,glioma,0,train,9b1a983f66d16a4d8d628a00b94827cbca47f9eb81a4fe736e45a419660f855b,489e3b0f4f2b1f9b,
dataset/test/glioma/Te-gl_0192.jpg,glioma,glioma,0,train,426c127c0772368ff20830809ec1811031117a2967957acc6f8c4e0af984d7f0,9e17272b0b0f0d1f,
dataset/test/glioma/Te-gl_0193.jpg,glioma,glioma,0,train,8f369f6871534d3d3ae075fde6719e27b5d66d6ce46ae451eeda39ebaa7503a1,1e274d0b492d0d1f,
dataset/test/glioma/Te-gl_0194.jpg,glioma,glioma,0,train,c2e3737a7f0ce508c3e91e12548ff07d3e9c6be37c95692c997fa869c9fec6f8,cc0e1b1b0b0b1b3b,
dataset/test/glioma/Te-gl_0195.jpg,glioma,glioma,0,train,a4faffa10aee1c19812a46bcc2b0e782df6c1b58eb3aecd7af01f7ae97a30760,cc0e1b1b070f172e,
dataset/test/glioma/Te-gl_0196.jpg,glioma,glioma,0,train,22ea78580226301ff5aee59c2e2bc3196dc594e5347d264ef5cc3eb6d41a4b35,408e1b1f0707960e,
dataset/test/glioma/Te-gl_0197.jpg,glioma,glioma,0,train,963e59445091633346844cd29f269f4a4a8cc513fcae111cda3d88a6cc9123c6,608e372b25238b67,
dataset/test/glioma/Te-gl_0199.jpg,glioma,glioma,0,train,d134177e07ca212883846758511c73222678f987c4dfb7b520ce3af2c0e244ba,8e3f0f1b4525371f,
dataset/test/glioma/Te-gl_0200.jpg,glioma,glioma,0,train,1c630853307d7d3e7afbfee536e6c0295667ddf2f9f04abdafe28384e7eb6454,c81e3b670f6b3b37,
dataset/test/glioma/Te-gl_0201.jpg,glioma,glioma,0,train,cbde75ef8d92816a7f90a7f51f0ad5d3119bfc346e8e2c66b50f7d1534387dec,c01e37674b1f0d0b,
dataset/test/glioma/Te-gl_0202.jpg,glioma,glioma,0,train,4bc90aee8ee83a7af9763ad35da776fc526c72bd505fe4c2a7bc329552a4ba23,409c2f2f23330b9f,
dataset/test/glioma/Te-gl_0203.jpg,glioma,glioma,0,train,d48edf034310e32a6ed3afd531f66b5fd8fda81fafdf8afa9697493d80fe4320,609c0e0f27230b8e,
dataset/test/glioma/Te-gl_0204.jpg,glioma,glioma,0,train,40f162fc8253619b9138061739dbaf8e4fdaa5a5390fccb0765b40f131f360e8,409c0f0f0b230b9b,
dataset/test/glioma/Te-gl_0205.jpg,glioma,glioma,0,train,de11f3e381e0c644d89ca711a70e0cf237ccffc7e8994a94c78881c473f18eab,9c365b4d5b474b5b,
dataset/test/glioma/Te-gl_0206.jpg,glioma,glioma,0,train,2d1faf227e19c7c027469eb74b80ac06e0da1b6e9d909fbf836db0e740da0fbb,9c2e4b1b4b6b0b3a,
dataset/test/glioma/Te-gl_0207.jpg,glioma,glioma,0,train,955fd67c748a9b2bad1dad8eeb993cfe124fc007a4665e0983dda7e34daa9575,c01e2b1b074b2b27,
dataset/test/glioma/Te-gl_0208.jpg,glioma,glioma,0,train,2f28a9237ba6374fc408b06d971ef8d82c3148ff17b7d3312bd38ee0b06ffa35,c01e2b1b07272f0f,
dataset/test/glioma/Te-gl_0209.jpg,glioma,glioma,0,train,32e07290153e2c22725c6ef94de7f2d780da737942b83bb419f30178b6e046d7,8e3b4d151d2b2935,
dataset/test/glioma/Te-gl_0210.jpg,glioma,glioma,0,train,4ab3ad332f958850eaddc12cb5359d052fbc39c91b2d9edf647cd5517ee9bef0,8c1f4b351b452d09,
dataset/test/glioma/Te-gl_0212.jpg,glioma,glioma,0,train,69ef3792f543cf37964ad4f68bfa85dded0dbcb53fa516ef149b529c04040651,9c3f0f1b130f1b1e,
dataset/test/glioma/Te-gl_0214.jpg,glioma,glioma,0,train,f443f279be74543acfa69f46831c90bac8dfa8372b4be9363930e9a0437aea78,9e274b1f4b2b1f1b,
dataset/test/glioma/Te-gl_0216.jpg,glioma,glioma,0,train,ff0ace20f017c3842d7e0454717d84686fe58991e4b19d4594733bf00544b518,1e231b1b4b3b272f,
dataset/test/glioma/Te-gl_0217.jpg,glioma,glioma,0,train,15a2975643bc4368f05ce75490989e07fecc8ba842cd00de7602a3cf1140c7da,1e3b2f0b1b2d1b1f,
dataset/test/glioma/Te-gl_0218.jpg,glioma,glioma,0,train,22de11b9145b5d2af3f15728c9fb2bb4840859850344c0ee6850dbd520c61236,8e172b23132d1b3e,
dataset/test/glioma/Te-gl_0220.jpg,glioma,glioma,0,train,8247cc7c510d9603763cc9448ae52c172bf51c6f0f0cfe9d9f08803fce80a1d8,1c375f1b754d3b2f,
dataset/test/glioma/Te-gl_0221.jpg,glioma,glioma,0,train,af4d49e1afe8d1e36b5ed2df9d094b0561eda0bb05e7be525a295ed97b00f5b7,1e2317919d537177,
dataset/test/glioma/Te-gl_0222.jpg,glioma,glioma,0,train,70b5bbd38ec558ac63ea2e16d98c969c010367ab007e0f6431e1bd527b2dca49,1c0f3f2f2b1d0f0f,
dataset/test/glioma/Te-gl_0223.jpg,glioma,glioma,0,train,44d2b1cba57acac1f2d0e6d4ddc8398cd7b3ed5ebd20b39b0ceeffcf78e974dd,981e0717732b9b0e,
dataset/test/glioma/Te-gl_0224.jpg,glioma,glioma,0,train,203e8f3e1deff766231b6a243e65a209caee743c0a9379f8e71bc8e321658057,9c2f1f27252b3f1b,
dataset/test/glioma/Te-gl_0225.jpg,glioma,glioma,0,train,1bbcd22f24f549fd51865f1c1e8f340a90fabf8e6eeccc7c1845a424a8edd657,9c1e2b4d63230b9f,
dataset/test/glioma/Te-gl_0226.jpg,glioma,glioma,0,train,9d97808177a2df4485d43a6a367d9ed9c8b1e3ed90202a0f135c0ce3f43bc5a3,1f730f1b0d493337,
dataset/test/glioma/Te-gl_0227.jpg,glioma,glioma,0,train,3856b5149f603ce194a193543c09f3619df0051291136cb8eebcae419227b7d1,9c2e3b1b33073b0e,
dataset/test/glioma/Te-gl_0230.jpg,glioma,glioma,0,train,9528a4406086a7c69c4ba245d31ef2fa27607cd7c602bf88d25d556d1c429844,4c1b2b2707070b0e,
dataset/test/glioma/Te-gl_0231.jpg,glioma,glioma,0,train,6e1d1d28c6d3d77256d639f1271a463d9bafd624538037753e378f44e7bc7296,4d1b2b27172b2b0f,
dataset/test/glioma/Te-gl_0233.jpg,glioma,glioma,0,train,fef87eeb41c38b9e6743e46f96d85e6c5b32e4e17bd62b9cf004ac07a45d64c6,4d0e170b3333071b,
dataset/test/glioma/Te-gl_0234.jpg,glioma,glioma,0,train,db518ce42a97a0bd0bdda06748b3b37a96c96e16d15f92f05999ca939f9d86c3,4d071b1713173717,
dataset/test/glioma/Te-gl_0236.jpg,glioma,glioma,0,train,beef673f2831b6232231b6c9979fec24223e3a42cdfc6efeff346d359787c0e0,4d1f2b1b1b170f49,
dataset/test/glioma/Te-gl_0237.jpg,glioma,glioma,0,train,c630285e3ad42802c80e957c4a2be1683c5029bb7b7efe9416a5253d68684e10,0e1717170f172313,
dataset/test/glioma/Te-gl_0238.jpg,glioma,glioma,0,train,93e29db42b69f4404463943fad527b5dfed6a691e5007904b0434465df6244d3,4d0f17170b171f06,
dataset/test/glioma/Te-gl_0239.jpg,glioma,glioma,0,train,2e5fc6a27875e38e8d014b7ad87a85e238749902e25f2e8f8347ce6beacd3949,4c0f33170f0f2326,
dataset/test/glioma/Te-gl_0240.jpg,glioma,glioma,0,train,d8c0034eb3c788a0902becf74d1f89a8da7cc695ec4fff8ddcd279e81473eb55,4c0f23270f17130f,
dataset/test/glioma/Te-gl_0241.jpg,glioma,glioma,0,train,d8847ed1968bec2f8d5799b5b9970c9f69ce726383f1212416efc8be8090598e,4c8f3317132d372b,
dataset/test/glioma/Te-gl_0244.jpg,glioma,glioma,0,train,b4cf3fbd780cfc03f0f10b961eb516c161f291ec027e7b766557fd0fc5c950a2,690f171b2317030f,
dataset/test/glioma/Te-gl_0246.jpg,glioma,glioma,0,train,44e3e18f8f206a636d09c62eec2eeb68115a5cbb2c6523467ff45dd0979c7f9f,4c07131323371703,
dataset/test/glioma/Te-gl_0247.jpg,glioma,glioma,0,train,1d7a9d0ff2bc3f9c96afcafc7476bf5956cc2ee8bbe7a8d20787e03547d5482a,4c07131b2f0b3313,
dataset/test/glioma/Te-gl_0249.jpg,glioma,glioma,0,train,a369491fce4e0f50d01335f33244f624261f64553b40912db1bed914a3366503,4c17330b331f173f,
dataset/test/glioma/Te-gl_0250.jpg,glioma,glioma,0,train,4d4b9622c16c9360bd6d094609d995aa27fbb083af0df0b10cc6a686015e0114,4c1f230b13151313,
dataset/test/glioma/Te-gl_0251.jpg,glioma,glioma,0,train,4dd61cc90b60cca324ca24532d3b45052e1086a7c14dc4698e5464081f59dd38,4c0f23171707178f,
dataset/test/glioma/Te-gl_0252.jpg,glioma,glioma,0,train,8104999bfe7a2664438da4422f50a23145211dd0bfbf5fa4da4023a4a96c5ab9,4d0e173733330786,
dataset/test/glioma/Te-gl_0253.jpg,glioma,glioma,0,train,0b97fd639a529959c96b2997df5747961ed94e39df756e678c5302360a160836,6d0e1b232b2b2f1e,
dataset/test/glioma/Te-gl_0254.jpg,glioma,glioma,0,train,30c2ea8cbc08db7052ed7377f4edfca7173a6aea78090fe571cc27dbfa1793b3,4d0e1b2733130f16,
dataset/test/glioma/Te-gl_0256.jpg,glioma,glioma,0,train,b5393d3baed219c641af40f24d5750ee867905da184461858da29f776dbe274a,cc0e2b0933238b07,
dataset/test/glioma/Te-gl_0258.jpg,glioma,glioma,0,train,677e94c63225f0e593fae5f586ba02f3d2d282fe37c8927fffb9bc018bd4677c,408e271f1b2b2d1f,
dataset/test/glioma/Te-gl_0260.jpg,glioma,glioma,0,train,2597450f93f5f21dbd723a0f5fa304e02ceba919368f71b4f634bcacc28b4ec0,8e374f1b31278d8b,
dataset/test/glioma/Te-gl_0262.jpg,glioma,glioma,0,train,533249d05f632bff356892c9462f4f7e66b27773c98fa3c02c19660196c4767a,cc1e2b1b35954f06,
dataset/test/glioma/Te-gl_0263.jpg,glioma,glioma,0,train,a5450c3f40272842ada55af84b4f4cb4bf5078bf670d0f698e692a21fa5137f4,9c1e372b1b371b8f,
dataset/test/glioma/Te-gl_0265.jpg,glioma,glioma,0,train,c383ffac14bfe053162381377471fdc69710b15fb057259a0a02a0e66c1c8d3e,1c4f272d39090113,
dataset/test/glioma/Te-gl_0266.jpg,glioma,glioma,0,train,eedd4dbe8c7eedc46a158a685ceeba157a92e99a0cdcb1cdcacc2b329236f2a0,981e2b0f334f6f2f,
dataset/test/glioma/Te-gl_0267.jpg,glioma,glioma,0,train,829e3fc8a8c1e8415a9ba575dfc555951ef1f4221bd453dd7302ce007787be71,8c1e2b4d4b4b6b67,
dataset/test/glioma/Te-gl_0268.jpg,glioma,glioma,0,train,3efdf8d48418c80164b0943cc53bf2df24939cc161ff0d645d90d2f1e969b749,1e275b4951212363,
dataset/test/glioma/Te-gl_0269.jpg,glioma,glioma,0,train,20ea7aecd2fe9d9dd5a40f1f51364de6e2905d8f04add9429c38b4d344b7607f,801e071b2b6f1b3e,
dataset/test/glioma/Te-gl_0270.jpg,glioma,glioma,0,train,929c889b61ded97e5e0e300b34a9ff3203803db73bbbebcc32b388f668d7cbec,8e1f1b2d39279d17,
dataset/test/glioma/Te-gl_0271.jpg,glioma,glioma,0,train,9cd44bae45ad9ac2e91fefe9e9b4262e3285d28dc5237ea0b6f948991cf0e50c,1e33471b4d453919,
dataset/test/glioma/Te-gl_0272.jpg,glioma,glioma,0,train,b56b0558e6a73d3aa552595eda9fd9957bd32b084c817ca3d5b8734e23965416,1e335d5b4d29391b,
dataset/test/glioma/Te-gl_0273.jpg,glioma,glioma,0,train,b137e70ffe6bf402409ea946e35d2d7f27795764a9706ae2ee350140172406de,1e33595b4d292b3b,
dataset/test/glioma/Te-gl_0276.jpg,glioma,glioma,0,train,5e216f2e45d49c1816374bb551742d364409372c2126988bc4c34f915b2dcb58,c88f3b1b0d331393,
dataset/test/glioma/Te-gl_0277.jpg,glioma,glioma,0,train,acdc15cc5020bfdc4a5482d22b4af25687b06eee9c305841f84e8738b8b40db3,cc9f3b0b0d251193,
dataset/test/glioma/Te-gl_0278.jpg,glioma,glioma,0,train,99effe9836a101525553004bb5753b88dea4d8bf22dd2dedd407116cc31682f8,400e271f13072b2f,
dataset/test/glioma/Te-gl_0279.jpg,glioma,glioma,0,train,8e2ffc8947d23d2637e5d22d37b053fc3c8c3c38b4ba8694390525a8f2240bb5,8e1b2d2b39078323,
dataset/test/glioma/Te-gl_0280.jpg,glioma,glioma,0,train,1e46a4739ad2e62204a1b12942e60b030d6414723e6b431d0f9e35d8e90e47f5,0e770f99d961311a,
dataset/test/glioma/Te-gl_0282.jpg,glioma,glioma,0,train,2417b20f4ce8b56dc9dded3e88d34e8dc49b4587e45901b5934e35067c199832,1c2f0b1b272d0727,
dataset/test/glioma/Te-gl_0283.jpg,glioma,glioma,0,train,71d20538c53237be55983b3ae2ca25695dcb131a75af5b3dc5a7a0aedc8ec2f3,488e1b1b132b2f0f,
dataset/test/glioma/Te-gl_0284.jpg,glioma,glioma,0,train,7109a1f036d30820692a6fa7c691b17969df15a87614437744e18c3d800f8241,d81e074b632b0bcf,
dataset/test/glioma/Te-gl_0285.jpg,glioma,glioma,0,train,e0ff0040d0c3ccf69ec8553d478d2a05ff410a4aef84307da60234ccc942e4da,0e27471b73074761,
dataset/test/glioma/Te-gl_0286.jpg,glioma,glioma,0,train,83f890a5bfd0529e4dde75660e53be0603773bfb9a35a34f9387e78c362f6381,0e0f0b03170b0f4d,
dataset/test/glioma/Te-gl_0287.jpg,glioma,glioma,0,train,a5462a6482fb103a13bb51456ad6ade49f559d8e0aad0133c42d26d14dc191f5,4d0e17330f030f4d,
dataset/test/glioma/Te-gl_0289.jpg,glioma,glioma,0,train,cd9df2b5150f8f602717fbcc6cbc50c054b39a155813bde6cc01dbde2c562b4f,4d0f2b33032b0f4d,
dataset/test/glioma/Te-gl_0290.jpg,glioma,glioma,0,train,15da8d206da1a200043f206ded27ac7d06184a6844ac57e421e25fc2762666ea,0f0617071b13074e,
dataset/test/glioma/Te-gl_0292.jpg,glioma,glioma,0,train,aa534a46f5ff81b25b693a369b046254af4850efa7fbcb272879f8af901b080d,0d0e170713170e49,
dataset/test/glioma/Te-gl_0293.jpg,glioma,glioma,0,train,8eb1ff1c0da0eec3cea9f28d274a099689c772eafe8cd586b4016fc844afb06a,690f172713170f21,
dataset/test/glioma/Te-gl_0294.jpg,glioma,glioma,0,train,38dd592ac3e66e5092d35e7fda1981522c489cd58662907c46abc3bc1e07abfe,16172b2f0f030f4d,
dataset/test/glioma/Te-gl_0295.jpg,glioma,glioma,0,train,6b693a41d8af737afdc7750b775244c3289750d35a271268b7bbb6a81c5f84dc,4d0f173703170f69,
dataset/test/glioma/Te-gl_0296.jpg,glioma,glioma,0,train,a98eaad5f17d44f5962e143f5eab48a56b037f889183615c726c26a72b9ef613,490f272b0f0b0e4d,
dataset/test/meningioma/Te-meTr_0000.jpg,meningioma,meningioma,1,train,32e58268a4a9d3f82caec378c1065311360f4212c2ab72a1ca6f1ef8ffcca92b,8f878f9383331717,
dataset/test/meningioma/Te-meTr_0001.jpg,meningioma,meningioma,1,train,39cabdc25d698ca1fbb4db79efa72184c0f92d854c553ee098d74ccbcfa38fef,0f27fd9693230307,
dataset/test/meningioma/Te-meTr_0002.jpg,meningioma,meningioma,1,train,ab6340a63c76fe15809d9989b432bb6520301573452d9efed240c9e211e100f9,8e174d4d5d1f338e,
dataset/test/meningioma/Te-meTr_0004.jpg,meningioma,meningioma,1,train,287e57e51279330fe35b02999f3e99c4a8d71a2982384edeb6dc21e65e69c853,071317555333070e,
dataset/test/meningioma/Te-meTr_0005.jpg,meningioma,meningioma,1,train,c0ad227c9b3d1537b9264900413e3fe0a3ffdcded65a531450f1ba895ae1f8e2,083773d3b371070e,
dataset/test/meningioma/Te-meTr_0006.jpg,meningioma,meningioma,1,train,bd050c09c3c01a44d48094de9b613423722725e6af36246c60952b9f5c45c729,172b2b29474f3b0f,
dataset/test/meningioma/Te-meTr_0007.jpg,meningioma,meningioma,1,train,10349e0d5645628fe11b685fdb2396ebb7100a8257cd5d8f1e488bb8d92c131b,0b41aaa292d45513,
dataset/test/meningioma/Te-meTr_0008.jpg,meningioma,meningioma,1,train,75de2e313a9570e899b592d69c150554c350699b058d3410e2eea78c6db8dc9a,1f0b4dd4944d2b0f,
dataset/test/meningioma/Te-meTr_0009.jpg,meningioma,meningioma,1,train,efbb74c524ab95fae4c5ff626880c4a7f23d066111ff682ae04c32b5c422af13,8e376161696d291b,
dataset/test/meningioma/Te-me_0011.jpg,meningioma,meningioma,1,train,0b2a2b578be6b8a5a897047a580f4c331a4ce7999585866bb41e22e46c536cd2,0e2b717274792f8f,
dataset/test/meningioma/Te-me_0012.jpg,meningioma,meningioma,1,train,41bc0c7b4079d2fa8df7b97827a1d9fae68706e6c6457f43186d583da94c6df2,175785812323250b,
dataset/test/meningioma/Te-me_0013.jpg,meningioma,meningioma,1,train,80954652d15d172bfeddcc5cfbfef504b221e9c5378bbb195a06b2b6c486ce3f,8f0b33171d3f3737,
dataset/test/meningioma/Te-me_0014.jpg,meningioma,meningioma,1,train,d67f68d2257405011a6a15401261406f7cbf7449bf0112491c14ceef50fcd73f,8e861e33334f329e,
dataset/test/meningioma/Te-me_0016.jpg,meningioma,meningioma,1,train,fb2b0e33367c6b46c5aee62ff7fa335a1cd7f185792e84090f8a62e722d91d8b,0e1f313b4d557531,
dataset/test/meningioma/Te-me_0018.jpg,meningioma,meningioma,1,train,5bf68ff9f2e5036539b29f1b87ef5df6f1314ab89ae7fe6d180efaec6394bd5e,1f1f5d7d31133b07,
dataset/test/meningioma/Te-me_0019.jpg,meningioma,meningioma,1,train,6f41b1588a32f33ec72b5d3a277d2a84a3bbc7b030b50dd54b3733f75653e926,cc0e2b4d4d0f3786,
dataset/test/meningioma/Te-me_0020.jpg,meningioma,meningioma,1,train,ea3bd80a786c4d44d3ed6c16fdcfd829fa7045d0227c623dc3ee1ef86f7adb39,0f373333131f1d2b,
dataset/test/meningioma/Te-me_0021.jpg,meningioma,meningioma,1,train,065838e8c921af9cd741387fc62a1caf696e46c11fe15ac6ef95982cc9b74dee,8e331f1f55b0b69e,
dataset/test/meningioma/Te-me_0023.jpg,meningioma,meningioma,1,train,3b2ba8de971d62969e17bbb638dd8ab6ae3d3aa87edacaf28918e9ce8eb95dd9,8e3355963236d439,
dataset/test/meningioma/Te-me_0024.jpg,meningioma,meningioma,1,train,9dcd34c5328623dc7c0f06cbb7598017efbb3b6b59d3a70c099343922290de99,070705152531371d,
dataset/test/meningioma/Te-me_0028.jpg,meningioma,meningioma,1,train,deb3cf8255416bd3f24f48f7159965f9e48b5b346e5b22a41b11f8a7f22edec7,0f0f0f4d7969292d,
dataset/test/meningioma/Te-me_0029.jpg,meningioma,meningioma,1,train,535e5fd3284fb948f3b07147480899b2df00c0705e3ff3e5808d96bd30be2057,161b1d310f8d0f0e,
dataset/test/meningioma/Te-me_0030.jpg,meningioma,meningioma,1,train,8288cd2152fc6daeaf7da557eca1d0f2e9e72367ee10b4c5e09248597637e82a,0331441121331c09,
dataset/test/meningioma/Te-me_0032.jpg,meningioma,meningioma,1,train,b31d723ab6491c8da12fddc8b756b398e5f35cf08f063f092b1a8c7cbc2d78c3,080e163333330e0c,
dataset/test/meningioma/Te-me_0033.jpg,meningioma,meningioma,1,train,b1836f483d7ab83307c909363656cb6aa3ab4b707343d4f5bafdc5f45890935e,8c0e1e1707078ec8,
dataset/test/meningioma/Te-me_0034.jpg,meningioma,meningioma,1,train,4b341616b6b9a8c0060988aa8174ee101aca4f96ae8007a2df0137ff2c33d5dd,0c3333533171070e,
dataset/test/meningioma/Te-me_0035.jpg,meningioma,meningioma,1,train,4cc66638107c582da061fb013badc87dfb5dbdb94deee50550a5df8b967d9947,0c33736323393706,
dataset/test/meningioma/Te-me_0036.jpg,meningioma,meningioma,1,train,87886ae7a7ec7535a975fa0b267d5889a995699a4fd5d7672f5a7346659dff38,061f1d1d1d492716,
dataset/test/meningioma/Te-me_0037.jpg,meningioma,meningioma,1,train,dd744532f6d754160bbcb4b1c72a140d4f63874222ef8785d22d0ac046271bc9,0e16272b0b0b270e,
dataset/test/meningioma/Te-me_0040.jpg,meningioma,meningioma,1,train,935ba7f0696adb99b0bc47bd75e6ae0ae86426d1fb6922dac8b9569ddaea8a16,0e1f2313030b1b0e,
dataset/test/meningioma/Te-me_0041.jpg,meningioma,meningioma,1,train,d42c2063d877d317380155375c55a3f736e1202e404cbfa0d4507bef3350f4e3,0e1f313b4d557533,
dataset/test/meningioma/Te-me_0042.jpg,meningioma,meningioma,1,train,5c6da12069abad1ea0d958b7cbeec5b4ebed459dc9b1f2177246cc4e597b0b4b,0e2707170fcc5771,
dataset/test/meningioma/Te-me_0043.jpg,meningioma,meningioma,1,train,64d6885599aa04ff6a12e8f961437ba39c355f66f67beac2992daedcf2f6e20e,0f0f0b333b191527,
dataset/test/meningioma/Te-me_0044.jpg,meningioma,meningioma,1,train,2c9f7f2d80eac2f53f5a58d8a45f5e29aa942b5f9899dffa56592aeec66c3975,060f0d176f793b1b,
dataset/test/meningioma/Te-me_0046.jpg,meningioma,meningioma,1,train,f9c7519fa1b025afb6c7dcb3e7ac3807ab36ffaa535b8dbf72ed6b418303f486,0e134d4d75705d31,
dataset/test/meningioma/Te-me_0047.jpg,meningioma,meningioma,1,train,1940c7f8e7f72ab5b9e674953238fcb4b63ccf6d3d320661e57511070655b5aa,83230a85611a8d9b,
dataset/test/meningioma/Te-me_0049.jpg,meningioma,meningioma,1,train,066502884d443971d71836da239f41751eefdbb164af957947ad82fa6f584944,1e1b173333154b2b,
dataset/test/meningioma/Te-me_0050.jpg,meningioma,meningioma,1,train,de382067b21e04f72300a7acbe0d7c1c4b2cca4a65153f9816155f0c7afb4dc2,0f0f07370f471717,
dataset/test/meningioma/Te-me_0051.jpg,meningioma,meningioma,1,train,6ad191b6525adf85064c08ec3ab520ca7fc28acb73bd31781d54d8e03315e139,0f4d59f0f48c8eb2,
dataset/test/meningioma/Te-me_0052.jpg,meningioma,meningioma,1,train,0d788a5156cb295ffdd9eefb5ca7f88a68d6e5e93fbee087d879d37a088c460a,8e073733234d5517,
dataset/test/meningioma/Te-me_0053.jpg,meningioma,meningioma,1,train,d2e28f585c7aec0c59898578a258d64189c62a1845bde369407e3766b648d868,d087071901435d3d,
dataset/test/meningioma/Te-me_0054.jpg,meningioma,meningioma,1,train,eadc6dd552a21452ea3a1f171e62f805c6f66927d6f8670961aac7e9495ded81,0e2707170fcc5771,
dataset/test/meningioma/Te-me_0055.jpg,meningioma,meningioma,1,train,862b1e94cca563591845710664be57fa2ce1bc18f317233d285f5b396c6cd27c,0f0f0b333b991527,
dataset/test/meningioma/Te-me_0056.jpg,meningioma,meningioma,1,train,a8a63f4a08ad17bdb54d156f983114a023a2fbd000ec12e313d4ce0b945cef47,0f2f272b496d4b1b,
dataset/test/meningioma/Te-me_0057.jpg,meningioma,meningioma,1,train,a38b676439364d3256ea573bc1900a682b3d39a3d71cd58749ef42acc8c8a7d6,072763696cf93b33,
dataset/test/meningioma/Te-me_0058.jpg,meningioma,meningioma,1,train,d04c10c4f3530ea0dc96002c117a18ed2252afe362b935aec1c673eec7fa0b4b,071b1537151b4326,
dataset/test/meningioma/Te-me_0059.jpg,meningioma,meningioma,1,train,2e60df06c0a37aa6f08fa9c4ab43f2cd32065992aa9f4bda90b7841837b452b2,132b2727270d1717,
dataset/test/meningioma/Te-me_0061.jpg,meningioma,meningioma,1,train,bd86e9a929172ffcf244db8b2839d51746f0ca95fdd81c79916babd1d154a2db,8e9e1f170f0f171f,
dataset/test/meningioma/Te-me_0062.jpg,meningioma,meningioma,1,train,6a86bd97e2f696c93ab917bef8d9bf7ed7d151237e3bc437aedb265b793c0697,8f1f173737351b0f,
dataset/test/meningioma/Te-me_0064.jpg,meningioma,meningioma,1,train,da0737aaaf93cfdef149e05839b9e2bf5b6709a5f0dd712dda2cb31e7c8f9e46,0f1737173751138a,
dataset/test/meningioma/Te-me_0065.jpg,meningioma,meningioma,1,train,4061e76d26b82a92d71bd6440dad3bb875b36fc8443f6d48c1e33d16f6658729,0e1713174d0d3333,
dataset/test/meningioma/Te-me_0066.jpg,meningioma,meningioma,1,train,125530a0b5968fe663f809962787246d3a5576167d38f493bcf82a97f4454779,8e1b4f4d454d5537,
dataset/test/meningioma/Te-me_0067.jpg,meningioma,meningioma,1,train,03ce76b527d01938dde828aa4b9e3e882cee655017ea9ed27effa47790f184d2,1f1b532733174b2e,
dataset/test/meningioma/Te-me_0068.jpg,meningioma,meningioma,1,train,ba6bb4c25be87a339ccfda7a83e3d3018a19a9f2d7d53321c9dcf7a41d7134ee,86070f0f1f173303,
dataset/test/meningioma/Te-me_0069.jpg,meningioma,meningioma,1,train,664c8e8cd61fc28844149e95bf4c7b75bc9012d92869446f94d4dc8f8c7bece9,5d1753537773b2b2,
dataset/test/meningioma/Te-me_0070.jpg,meningioma,meningioma,1,train,96d13f31ce2855d42059c938bca3fbe684753e76f98c67d0d9aaae0e8d0fbd90,4949b69696360669,
dataset/test/meningioma/Te-me_0071.jpg,meningioma,meningioma,1,train,f55311fb8ccf1b86450233262bd00b176bd1c404e5849b59c0a3cd5e4440626b,2b1f1b3a73bd3135,
dataset/test/meningioma/Te-me_0072.jpg,meningioma,meningioma,1,train,560108cf47bf68a25d59b30642274cf8a2eef0596e6ce275e878652c3ab65f0d,1f33312d4d7b3b0e,
dataset/test/meningioma/Te-me_0073.jpg,meningioma,meningioma,1,train,f55311fb8ccf1b86450233262bd00b176bd1c404e5849b59c0a3cd5e4440626b,2b1f1b3a73bd3135,
dataset/test/meningioma/Te-me_0075.jpg,meningioma,meningioma,1,train,c1a08f474188d182e6243e1a4655f9731307c63399e7ada68048c588dfb990ed,870f0f172b0f0f07,
dataset/test/meningioma/Te-me_0077.jpg,meningioma,meningioma,1,train,32aeabe5bd8a77001d06adbb24a0c1727d110692d91e6a5143251f9719696b58,0e0f0f1717333307,
dataset/test/meningioma/Te-me_0079.jpg,meningioma,meningioma,1,train,8e3337290795e87f60d3aae62e5dc24891c709967907fb85545364a8682a368b,8f971f3b23062d8f,
dataset/test/meningioma/Te-me_0080.jpg,meningioma,meningioma,1,train,36f571bbd7db967e68e0e0bddba8f81ee825221e166dad668c8323c557129f9b,0f2759514d455555,
dataset/test/meningioma/Te-me_0081.jpg,meningioma,meningioma,1,train,85810ba8cb4b872c9b258e404db14581906135c54f678bc4ea4d8c706f8530af,962b178e8c8ad631,
dataset/test/meningioma/Te-me_0082.jpg,meningioma,meningioma,1,train,2879fe07fda1859fa38e6b675d8fb6cb92addc19a467a5a66c4834e345734752,0c0f07070307078e,
dataset/test/meningioma/Te-me_0083.jpg,meningioma,meningioma,1,train,8238d1f576cd9a0d6fb599baa2dec1f08b8d9355412d1cf91db367a8729da07f,4603230b05657111,
dataset/test/meningioma/Te-me_0084.jpg,meningioma,meningioma,1,train,15a557c6c92879340272c82ea514712faecbccf15b3f08c9070040b8e685d66f,4949b69696b64d2b,
dataset/test/meningioma/Te-me_0085.jpg,meningioma,meningioma,1,train,cf13d1ba3994cea11a9c3ff8df2934c324f15b393c6aadc20235c2eaa784ac9a,335db6ce8d9b9d71,
dataset/test/meningioma/Te-me_0088.jpg,meningioma,meningioma,1,train,024bdc364dc642a401ddca2ba91863d0f07055ed69594942b24d5f9724e2d737,5533319486a3036d,
dataset/test/meningioma/Te-me_0089.jpg,meningioma,meningioma,1,train,b328f1679bf050f684a0a1f3b33805551b2ad2858a604308dee607c4643b3571,17330d0f8624690f,
dataset/test/meningioma/Te-me_0090.jpg,meningioma,meningioma,1,train,49c810e7ddca052ccb178d3cdd4cec11a9f80f06e091d0672fcb522a0b7fea47,321717173f3f1f1e,
dataset/test/meningioma/Te-me_0091.jpg,meningioma,meningioma,1,train,960bb35fb0e7a91fba080e7b48cf93de2f16cec883d25c2579c0d170dc599b20,372335371327070f,
dataset/test/meningioma/Te-me_0092.jpg,meningioma,meningioma,1,train,52f5ab2cd9062f8345c03115db0773650ebae255d3f2c8561a9f2336cabbb5a8,0e1775890b23030f,
dataset/test/meningioma/Te-me_0095.jpg,meningioma,meningioma,1,train,189c6dfd75947dadad4abd3daff45ce9d5b1909c9eea812d796eca85896f39e2,86070f0f1f173303,
dataset/test/meningioma/Te-me_0096.jpg,meningioma,meningioma,1,train,bf179c5981986242a58d0c3b3ddb9ec1a487e89979c9b8346d2412cc792b20d7,8f0b33571d3f3737,
dataset/test/meningioma/Te-me_0097.jpg,meningioma,meningioma,1,train,0e0691ddbafbb3de52d589c410cadc2279466b3a5d085c9af34140d407062f73,33154dccb232410f,
dataset/test/meningioma/Te-me_0099.jpg,meningioma,meningioma,1,train,776c01ae38336a0f10e1f54fc77e2f307a60c904daaf11713015db72378c54f8,172b3f373707071e,
dataset/test/meningioma/Te-me_0100.jpg,meningioma,meningioma,1,train,3f176b81b6978f4ba31f8414f7169886e0f8774ff831551d58929832c593e5cd,8f2f5d5b5b55238f,
dataset/test/meningioma/Te-me_0101.jpg,meningioma,meningioma,1,train,7912b475d4fe70819a6982a63f4487ade1f9ea600b1bdf99c60c1019facd9e02,16333f3b3b0b171e,
dataset/test/meningioma/Te-me_0102.jpg,meningioma,meningioma,1,train,59d5ca6397cbfb618d05b0e240b138fb61c3f3832b6a70b3f7b9a96806ef4582,000c162e2f261600,
dataset/test/meningioma/Te-me_0103.jpg,meningioma,meningioma,1,train,88db6aa1c085c4ed123b0550eb95f25d13bcd1ea4d0f23a44fb469ff8ae49540,1f35113d0555791f,
dataset/test/meningioma/Te-me_0104.jpg,meningioma,meningioma,1,train,67783a1aeb696e36c1be2bc1af3c0a02d3f61d32248b5bfa2840b22a72b8484e,256a3a3a3bed4c2d,
dataset/test/meningioma/Te-me_0105.jpg,meningioma,meningioma,1,train,65a902fcdd43caafbfd32f996cda5eb70f49870ae04b457e63b4e12149168225,8e376161696d298b,
dataset/test/meningioma/Te-me_0106.jpg,meningioma,meningioma,1,train,9d77e3a05ebb113dabfd559fb0840079b9fbd2d7ee52002f4dfccba75f2dbe71,0e1f171333171f8e,
dataset/test/meningioma/Te-me_0107.jpg,meningioma,meningioma,1,train,19f85781d3642a0c0a9d3831265070195500ff2f41feb84cf72bb87b12060e7e,071317555333070e,
dataset/test/meningioma/Te-me_0108.jpg,meningioma,meningioma,1,train,5ab5bc5e28a3587ddfd8561b8e78e74224eff95848411eb0405b39e5d516d34e,2b0b4d55776b2b0f,
dataset/test/meningioma/Te-me_0110.jpg,meningioma,meningioma,1,train,ad1982ac07eb702eb985f1e22e322cb353e24b8313cce4e5655acd8302837e04,06173955454d2b8b,
dataset/test/meningioma/Te-me_0111.jpg,meningioma,meningioma,1,train,d92efa88092779d3c25197e69bdc238ff39cc37befc438b2a1a0f5cb5f1946d2,160f0f2b2b170b8e,
dataset/test/meningioma/Te-me_0113.jpg,meningioma,meningioma,1,train,1b806f154eeffce24b422bbcff1082ae4a02ff743378ebb3ff3c6aa9f6020a9b,8c0e1e1707078e8c,
dataset/test/meningioma/Te-me_0114.jpg,meningioma,meningioma,1,train,096fe04df8baf322fa3033d1c8dcc769ce2c759d8872fba5f3b88646fa88b064,0e1f2303030b1b0e,
dataset/test/meningioma/Te-me_0115.jpg,meningioma,meningioma,1,train,12b6c3eff030eae8c284644b0d19388e5159d9d0682888ade9fb8c267186270f,0e0f33174f17170f,
dataset/test/meningioma/Te-me_0116.jpg,meningioma,meningioma,1,train,e6f031079395a11ae077ded524ce00c75ae48b04d8b31aff7a778698dfcc6de6,0d361b1f171b0f0f,
dataset/test/meningioma/Te-me_0117.jpg,meningioma,meningioma,1,train,0b938fbd0afa3b337f4252fe83033d4143eb825a558a744ba4f1a28c841a163f,290f172f1b370f4d,
dataset/test/meningioma/Te-me_0121.jpg,meningioma,meningioma,1,train,fbf127968bb87e77c5935e70b9f6b7f05c03c3314d4880bf954a9c5f499f1d00,0d0e372b1f1b0f4d,
dataset/test/meningioma/Te-me_0123.jpg,meningioma,meningioma,1,train,03be2cee7a4712d7d62ab5d0d2439577eca10c2d554c3a7e1cdf053a3a36507f,4d1713271f07074f,
dataset/test/meningioma/Te-me_0124.jpg,meningioma,meningioma,1,train,187def40376c4bf27c5768b807ee97199eb7676f78a68d2712cc67c719f1b766,4d0f0b3b333b074d,
dataset/test/meningioma/Te-me_0125.jpg,meningioma,meningioma,1,train,10b81aeaa0065c1e8ee714e5db4c3a08e323bc3466a2124e7ddd0968117a8ecf,334d172b2b1b0f4d,
dataset/test/meningioma/Te-me_0127.jpg,meningioma,meningioma,1,train,28fd7a9aa2bfa49e0328ff2a6a082c994a04f9b3cb43531520c5eb2b85854b06,4d0e171317130f4d,
dataset/test/meningioma/Te-me_0128.jpg,meningioma,meningioma,1,train,0e1c69bf7577d2b965ddca7e4e9b7ccb75abcb338a86b9c7493266eda7bf9f05,0d0f236b4f130f49,
dataset/test/meningioma/Te-me_0129.jpg,meningioma,meningioma,1,train,3042b925c7dcf2cad4ede1d56d803fbbb0d60501aa77f91e36b6806c12b53601,210f07032f0b0f4d,
dataset/test/meningioma/Te-me_0133.jpg,meningioma,meningioma,1,train,a28cb51a9c2d6f33c8bdd79379faacabb7f4890770d087d5a9eadd1fc9d43e7b,4d0e173727230f4d,
dataset/test/meningioma/Te-me_0134.jpg,meningioma,meningioma,1,train,29f8657af167eba11fc001a2a84b8febfd2418e4784777c001448ee59b8e687c,210d171f2f1f0f49,
dataset/test/meningioma/Te-me_0135.jpg,meningioma,meningioma,1,train,960155b05ea8f0ddcbcd3a5e29905c2a4b55832f03e5b7d6491c73955960d278,314f0f0b2b0b0e21,
dataset/test/meningioma/Te-me_0136.jpg,meningioma,meningioma,1,train,355ff7a1ae379203be9c8d1674adf692b45b9cd968d511153333f6ddf5bdccf1,4d0f3b2b0f0b0f4d,
dataset/test/meningioma/Te-me_0138.jpg,meningioma,meningioma,1,train,5c81aee0c8247e70672fc6ac8dcc0d5c81889b09b7d01f444a88bffb933b6a2c,0d0f171717170f4d,
dataset/test/meningioma/Te-me_0140.jpg,meningioma,meningioma,1,train,69c1c453795ef46d2c171bafe4d4af47b0f059026d3e231227668cd7c8928068,8e174d4d5d1f338e,
dataset/test/meningioma/Te-me_0141.jpg,meningioma,meningioma,1,train,149b33146fbb8a280391eaab407828605ea2b88a81cb380f1b647e60511320be,4c1f13370d0b0e4d,
dataset/test/meningioma/Te-me_0142.jpg,meningioma,meningioma,1,train,66ec65ac1f716e380e951852b34f72056aa123ad1256c07b043cd19736f25f5b,4d0f17170f230f4d,
dataset/test/meningioma/Te-me_0143.jpg,meningioma,meningioma,1,train,f3d00bbb942117c2fb62466414d3c466ca283b678200fe87424e4128b80b2dba,0e1f171333171f8e,
dataset/test/meningioma/Te-me_0144.jpg,meningioma,meningioma,1,train,a04c126a3ee423c1e4b9661ce82f467dc0a93699df81ce9f2496bc0bee7291d8,230d1f0f0f0b0f0d,
dataset/test/meningioma/Te-me_0145.jpg,meningioma,meningioma,1,train,f813b3d84d164a5b7e87174946eb5c7acaae34e62b480bb31bcb0d6d518986b1,06173955454d2b8b,
dataset/test/meningioma/Te-me_0146.jpg,meningioma,meningioma,1,train,b505e8cdcb74e192167b5649b71fe8da0b5a6fab62d5fbf742e68484743a15d3,4d0e07171b27064d,
dataset/test/meningioma/Te-me_0147.jpg,meningioma,meningioma,1,train,ea27637d808fa8bf891e7249851da44df14b38315095b03db33591b2a386aca0,690f173727270f4d,
dataset/test/meningioma/Te-me_0149.jpg,meningioma,meningioma,1,train,3a4048513cf7c96b0e4ff2879e947d20ab40bb15745767e4fa825c8479d2a18b,334d0f0f2b270f61,
dataset/test/meningioma/Te-me_0150.jpg,meningioma,meningioma,1,train,9bd07e3fe890788c7d5bc8a5b1352763157cc136bf8b57917d4f1fb382a7f7ec,410f1707171b0f4d,
dataset/test/meningioma/Te-me_0151.jpg,meningioma,meningioma,1,train,c88bc40e0c589e1ea9b44de21425d12e602dd8d9a46378cac609f9867acacd0a,290e17170b0b1e0d,
dataset/test/meningioma/Te-me_0153.jpg,meningioma,meningioma,1,train,899210c1ab77229d73e0f3f270de0c1f5a051a75f4eb7d5e0497bdb87ee66cd8,8e17171733333313,
dataset/test/meningioma/Te-me_0154.jpg,meningioma,meningioma,1,train,8a9d488f52224772ede5392d1fe579e5faaecd082697488eca00378e6f143e6e,690f0b0f132b3313,
dataset/test/meningioma/Te-me_0155.jpg,meningioma,meningioma,1,train,432f2399dc0fefa74c56701fa730d46f1312ebb2c46fa4d2458d92af2eb9967b,400e0b0f170f978e,
dataset/test/meningioma/Te-me_0156.jpg,meningioma,meningioma,1,train,d83edd1d7fb369d8717787c2ce49de3fd196825a45170426e609fa9ff8db4d7a,4d17072b33332f17,
dataset/test/meningioma/Te-me_0157.jpg,meningioma,meningioma,1,train,cd9e7a822bb8cbaa1cb53d941490d57fb644f81bb4d7dd711c0a798630c8ef5b,8e170b0b0f2b0397,
dataset/test/meningioma/Te-me_0159.jpg,meningioma,meningioma,1,train,94247e44617a135f0ce0ad29fcdff8c7bf484f3f2e4a9826c2ba4267709e5706,090e17131f230f0e,
dataset/test/meningioma/Te-me_0160.jpg,meningioma,meningioma,1,train,093230a680bb68d46396d9c4ba31efee4a10fb2894d5867bc19c4555933b39e1,490e171b3717330f,
dataset/test/meningioma/Te-me_0161.jpg,meningioma,meningioma,1,train,100aea3afaa14c98cc1e33a97778efb2abee6f6810b7f14069612e04e04e4331,8e23155775373307,
dataset/test/meningioma/Te-me_0162.jpg,meningioma,meningioma,1,train,5d13cd062b1465af74703253618e0825145b486f9564deb5a1938e04190cc93a,8e2b5515452b1717,
dataset/test/meningioma/Te-me_0164.jpg,meningioma,meningioma,1,train,0c5523ece7cc1fe7dd2adbe5260abe5654151f3cebbfd1cfebc464f625dc8c9d,173717294d131313,
dataset/test/meningioma/Te-me_0165.jpg,meningioma,meningioma,1,train,77d1a53171807f4ac1df61651a8f2fc8f631ef6632810bd69abc454f60068cef,8d0f27231d493939,
dataset/test/meningioma/Te-me_0166.jpg,meningioma,meningioma,1,train,9b292c3af1549b1bb39e933348947dddf7779f00e2ae6858bdae0d52d0ea5c2f,8f2733171f573333,
dataset/test/meningioma/Te-me_0167.jpg,meningioma,meningioma,1,train,21e978218768a7656331af2465f061757b5638f9565bd920e5006f661c19c7b8,4d0e172b33130b13,
dataset/test/meningioma/Te-me_0168.jpg,meningioma,meningioma,1,train,8f6fd71b2fc638c8ebff4f3e487f1ef979361cd93906e5ea51305a47896bf852,4d0713132b333313,
dataset/test/meningioma/Te-me_0169.jpg,meningioma,meningioma,1,train,6c6524519f2421687cdda23591dcaf3b72defc1b9e01d97cee3e808a760e245e,4c1633370f1f3337,
dataset/test/meningioma/Te-me_0170.jpg,meningioma,meningioma,1,train,ed840286c2dcc2d2cdac5df1a794898b5144dfb5619b2e37fdc21c9b4e1ed93f,0d0737174b1f160d,
dataset/test/meningioma/Te-me_0171.jpg,meningioma,meningioma,1,train,7dfe029ecfeb8d364e6defbdae8b354bdc8a9fafdbbb89752cb22792a4c5df97,8e1717132f2b1796,
dataset/test/meningioma/Te-me_0172.jpg,meningioma,meningioma,1,train,b9e5ae37f8f50685abd5c024e0b886e043336ebdecf4c10f3d2c6b2a0ada6a82,0e0b2b070f3b3337,
dataset/test/meningioma/Te-me_0174.jpg,meningioma,meningioma,1,train,c20ca50341c8887af93ad04d50a83ee46a28ebc51e55e6e63315631a7889baa2,490e33272b1f8e9e,
dataset/test/meningioma/Te-me_0175.jpg,meningioma,meningioma,1,train,ac2530f7875147ba2b4a4aa179e46de266127371a905955630f08c6645d05d72,4c162b2b2b1617c5,
dataset/test/meningioma/Te-me_0176.jpg,meningioma,meningioma,1,train,d9167a9fef05c1360f4232f565c0bb16d374c9e3228e06ad80898961db652909,4d0f0f0f33130b0f,
dataset/test/meningioma/Te-me_0177.jpg,meningioma,meningioma,1,train,b16c778112390690f3f6364834bd29cd87fe6ccd1ccd9f9a5f8c40948bb189fe,8e27333d29139131,
dataset/test/meningioma/Te-me_0179.jpg,meningioma,meningioma,1,train,37a5baa2bfb8c7da4e03e9eb7e9f5516414f027bf73b1c0dd4030f1dae2688be,cd0f23271717131f,
dataset/test/meningioma/Te-me_0180.jpg,meningioma,meningioma,1,train,71e23b1f800fdecddcb860781aba023b3eba6cc9820eb4f231f23255a03b04cb,490e332b1b1b0e2e,
dataset/test/meningioma/Te-me_0181.jpg,meningioma,meningioma,1,train,48092e2e934c9f3064a8d922c9995fe6ef89f9c210b0ddfd0ad9eb0357991bde,4d17331707051313,
dataset/test/meningioma/Te-me_0183.jpg,meningioma,meningioma,1,train,2672a579f7777465341466e2e9b551dca4860c4eb187e196928371bfacf46aa1,4d0f171737371717,
dataset/test/meningioma/Te-me_0184.jpg,meningioma,meningioma,1,train,83c42f3827403c6adbcc08433220ef4d6bb7bb934ca3de1cf72837f7fe103c1b,4c1f33370f172b86,
dataset/test/meningioma/Te-me_0185.jpg,meningioma,meningioma,1,train,9893fe0120bef43b357ad10b75833b244b2e6e1d86ce954eb33434a64af6e8c9,4d1f33230f179696,
dataset/test/meningioma/Te-me_0186.jpg,meningioma,meningioma,1,train,b03aaffd184bd7dfb3e392e9b3f18f5368462351d7eabd9d8176f7648e1adefc,614f0f172333172b,
dataset/test/meningioma/Te-me_0187.jpg,meningioma,meningioma,1,train,9fe0d4902e4c813cbf74693a8f681983fe775a97268b7181d8f6197d114a7a72,4c0f0f1333371717,
dataset/test/meningioma/Te-me_0189.jpg,meningioma,meningioma,1,train,2b5b386e26e3eed75b264a598b9946ed3672fec3bff188aa69847c8fa111d6fc,cc0f07554d75554d,
dataset/test/meningioma/Te-me_0190.jpg,meningioma,meningioma,1,train,a689b9f1a738bd7f990c9087ca5e54936ea2bf57efd4698c8223d81fd25ea77c,8e1717174d173333,
dataset/test/meningioma/Te-me_0191.jpg,meningioma,meningioma,1,train,a8623b666a8c0fbb5ac40954fc4bb8f5bd4ff78b89e00b757fdb87800e8172f5,8e332f370f172b2b,
dataset/test/meningioma/Te-me_0192.jpg,meningioma,meningioma,1,train,cfc942a9e7cecfd0ccb926fc372f202497f81d37e0f4479cfa08f5e9f0ceda67,8e17071317130f86,
dataset/test/meningioma/Te-me_0193.jpg,meningioma,meningioma,1,train,61ebf9b8da89d28273c8b1a853b3037062c0942e4a5ca1a16b2412d454431dbf,8e17136933170b0f,
dataset/test/meningioma/Te-me_0194.jpg,meningioma,meningioma,1,train,32e42f314ff3317532689a888e52499ef243b1e67106c7691fd0afd40cce7a98,4d0f071323232b8e,
dataset/test/meningioma/Te-me_0195.jpg,meningioma,meningioma,1,train,c0ad5969c6dbe5cdd2cb905ec19ef9a6ba8abf10e845a2d6bb0848d6e3ff0be9,490e232323330e56,
dataset/test/meningioma/Te-me_0196.jpg,meningioma,meningioma,1,train,88241a1dd8cc092a4f59f988f8f9d63068070c255632364675d20fd9e1e7f7c7,4c0f2317332f170b,
dataset/test/meningioma/Te-me_0197.jpg,meningioma,meningioma,1,train,8dc4bb8bbddac3a84f5dae15bb0540ab9c56707890947c804c07726126f9a589,4d0f17372b371f0b,
dataset/test/meningioma/Te-me_0198.jpg,meningioma,meningioma,1,train,772677adc099ab1d25a290dd5a56f9abaa556d07da3744b787662cfe64ba6b68,cc171317090b2333,
dataset/test/meningioma/Te-me_0199.jpg,meningioma,meningioma,1,train,342f12d8584dad35592c1da22f3dd9c803441849af5939c724929b78906eb98e,410f330f3313179e,
dataset/test/meningioma/Te-me_0200.jpg,meningioma,meningioma,1,train,94210bf1344b1a76eeeb57f69bb7d3951b3b1069a114db68bd1756ebae40f5b2,4c0f2f2b371f1313,
dataset/test/meningioma/Te-me_0201.jpg,meningioma,meningioma,1,train,5a35ef32a0c043534f6c4e639d5c47fb6ad506ebf76d964a9192691e49084968,410e0f2b17232f2e,
dataset/test/meningioma/Te-me_0203.jpg,meningioma,meningioma,1,train,92f419e1ee0ff89e933bb5027e416adb2159e0d9e9bcfdfa919ec214cb5376e0,4d0f37374d4d6b63,
dataset/test/meningioma/Te-me_0204.jpg,meningioma,meningioma,1,train,1281c5c90cffbec6209adb81173f27f9eae96295726a4fa2e640e589af913b8a,0d0e131717230e4d,
dataset/test/meningioma/Te-me_0205.jpg,meningioma,meningioma,1,train,bf774e830df49974523263c4a9e1fb8d506bd2af7902cf9de4e505a6dbc34e7c,490f13172313178b,
dataset/test/meningioma/Te-me_0206.jpg,meningioma,meningioma,1,train,e3e4466ceed94a96b38b6d18aea7f267fba9b8390a2163da04cd5fdcc1e4f5d6,4d0e2f330f37360b,
dataset/test/meningioma/Te-me_0207.jpg,meningioma,meningioma,1,train,b0d64ca0ec39354a3715626e8a6df4c456c007f218a6c83722da8533b99031bf,9e130b4d1363130f,
dataset/test/meningioma/Te-me_0209.jpg,meningioma,meningioma,1,train,022ccedb3605f096ce3b354706ac2f1fb1e035b063b6dcad04da7b04935b05ec,4d1717172f171707,
dataset/test/meningioma/Te-me_0212.jpg,meningioma,meningioma,1,train,ddfceb61b57ad2beb7509d06c86020830697d40f6eb8ef760f8854778ce55e9d,8e2717170713138f,
dataset/test/meningioma/Te-me_0213.jpg,meningioma,meningioma,1,train,90c4d69c3e490b01d6756b23bd3f4a3090bc5155d5fdb47c9e2020b347f93659,4c1713171b372766,
dataset/test/meningioma/Te-me_0214.jpg,meningioma,meningioma,1,train,8994b0482c54212d5842572841ccc8eca6ddd2bb64de846e3b021b73d2ccca93,0e0f170717170707,
dataset/test/meningioma/Te-me_0215.jpg,meningioma,meningioma,1,train,98856776c0ee4689f1239b0e57fff6e3645566b4e1c1a529dd36f5f38137d131,8e1b1b132b179793,
dataset/test/meningioma/Te-me_0217.jpg,meningioma,meningioma,1,train,159e9e1b466ff28cdc7d11c0e8127039e952abe343c59fa894e52153175ee68e,9c2e1f074f2b2f5e,
dataset/test/meningioma/Te-me_0218.jpg,meningioma,meningioma,1,train,8ad4bf4e7a309fda25e7b728eabaf800f6a447ed05dd4f7cf46f5652c22db3cb,4d0f171337330e49,
dataset/test/meningioma/Te-me_0221.jpg,meningioma,meningioma,1,train,31eb720c5dff0cd05151d7def29463154f3d01c8ae2707c9ae36dcf859edf875,9c1e235f472b2b93,
dataset/test/meningioma/Te-me_0223.jpg,meningioma,meningioma,1,train,e91cf0775bb3e07a1a3f65341c068d39bb6677a8142bab26beb9b165b3f2f389,1e275b1b7b333f3f,
dataset/test/meningioma/Te-me_0224.jpg,meningioma,meningioma,1,train,f612fbb182e66e066f6f221721fe9e5f96a5d3289298b490526d0c453306c586,9c365717314b2313,
dataset/test/meningioma/Te-me_0225.jpg,meningioma,meningioma,1,train,a5e66223b535dfd3761b5e105642f44b424463289f387c58bee85afb1f625f21,cc162b756b6b6733,
dataset/test/meningioma/Te-me_0227.jpg,meningioma,meningioma,1,train,973f839997e1723b8de874923999325b45e8c96cc031dbf78342fbf42262aa31,408e371b3313330d,
dataset/test/meningioma/Te-me_0228.jpg,meningioma,meningioma,1,train,6feff23c81c8fcd61beef77f1ec90b8d7a9d14754cd836e0a61633502a0ac925,8c0f0b0d15551303,
dataset/test/meningioma/Te-me_0229.jpg,meningioma,meningioma,1,train,960e133544e4fe20723c26921ec39cc0288157d75e0ca19a1e63a57a57a5466a,4d0e2f1717330f4e,
dataset/test/meningioma/Te-me_0230.jpg,meningioma,meningioma,1,train,4883c839acfa42e9f8f9fe063ce13e8aa86dbc18b81b7977080b4084e61980c0,1e27133729290787,
dataset/test/meningioma/Te-me_0231.jpg,meningioma,meningioma,1,train,3cad1cdfca8bbcb96c3038cd03033192e4259b5d538868961d5f58109171789f,1eafb7ebe9e96123,
dataset/test/meningioma/Te-me_0233.jpg,meningioma,meningioma,1,train,f304407d3e9b7d8b8248f9139376d6ed720f72ab24fbd51bab0dd42604fffc12,8e3f3f2d49471611,
dataset/test/meningioma/Te-me_0234.jpg,meningioma,meningioma,1,train,5c0b433669a9fa6e57fe96a5d523fae9ce2e8bc11d61e3ff16cb34ef393e7387,409e27253b331b07,
dataset/test/meningioma/Te-me_0236.jpg,meningioma,meningioma,1,train,2e738789394cc9a7efddfa82076308e1718592e1cba2c88ff6f6bdbd25919dc2,880e1b1b312d3717,
dataset/test/meningioma/Te-me_0237.jpg,meningioma,meningioma,1,train,9a16e7447ce2da02c68db20c566f76862fd7a3348f9bf921ff1d5fff5a71566e,9e2b0f3b271f8f1e,
dataset/test/meningioma/Te-me_0238.jpg,meningioma,meningioma,1,train,6b922e9a49199b33c949b64ba4bd3103493d85fb99422640bfac674c5a830724,9c1f4b75476b2b77,
dataset/test/meningioma/Te-me_0239.jpg,meningioma,meningioma,1,train,be4c157fb0b7b0fbf2a52820d628301145ab5b48934f1097a80228a3e4d25db5,1c66b7d325475a2b,
dataset/test/meningioma/Te-me_0240.jpg,meningioma,meningioma,1,train,d799ac1f2f0e8f07129282c6448d76e767e34fa51d88cec7db7b76ddd80d0d20,9c1e636d53572f2f,
dataset/test/meningioma/Te-me_0241.jpg,meningioma,meningioma,1,train,d9f334d95b8ec502dcb71364655b12d711b00b17bab51417dab81e43ec6ff29b,c81e271b132b8336,
dataset/test/meningioma/Te-me_0242.jpg,meningioma,meningioma,1,train,b109b6f4c3ea242f39aea78a7c57a021e8be719d52ffb31ac008741f1e8ede47,9c2f2f27336f0f0f,
dataset/test/meningioma/Te-me_0243.jpg,meningioma,meningioma,1,train,8d03a7f8015f5b37f7486b00e7bb9f13782b95bc39cd5cff726af2d3464e1f92,630d160b133b0f4d,
dataset/test/meningioma/Te-me_0245.jpg,meningioma,meningioma,1,train,46831db37510009c86776e55347b754e509afdd5bda836214f7d0d1045a13984,981e232f33070b1f,
dataset/test/meningioma/Te-me_0246.jpg,meningioma,meningioma,1,train,b27ef7c33ff2e542f49ec99ff340ac41177ef25242723a452c14483b32e697a2,cc06271f3d33178b,
dataset/test/meningioma/Te-me_0247.jpg,meningioma,meningioma,1,train,d17871ef3c089a49064882d29ac26862c9d203f7211bf44b742b42d9d7fec9bb,8e3727191b262a8b,
dataset/test/meningioma/Te-me_0249.jpg,meningioma,meningioma,1,train,dae3e749025582a8defcc960c662261b9071e8567407186fbc1bec2b9d5bc42c,d01c0e2b13250b8e,
dataset/test/meningioma/Te-me_0250.jpg,meningioma,meningioma,1,train,d2089faf67b0e1e5ef54425e26e4aa2a65154d4d4e641fac61123bc0ad7a3834,409c1f1323934b26,
dataset/test/meningioma/Te-me_0251.jpg,meningioma,meningioma,1,train,89ba392e396c1787c4c8b6cd918b19118bf49e636b6dec0beea3bf053e976557,9c364f2f0545133f,
dataset/test/meningioma/Te-me_0252.jpg,meningioma,meningioma,1,train,1dc993b090f46a7e5187709bf057f618e0b59ac7425fd90dfea0cb859c0bef28,d81e071f1b072527,
dataset/test/meningioma/Te-me_0253.jpg,meningioma,meningioma,1,train,e85003397f87e17d28241487ea6dfabce3ccbce6ab56400933c5f972907ea227,8c1f474759292337,
dataset/test/meningioma/Te-me_0254.jpg,meningioma,meningioma,1,train,7e0fa93e6aadbd0d53be5c7afb1c820d7f9e504d54a62b68ee2fba57d9756a60,214d1f262b230f41,
dataset/test/meningioma/Te-me_0255.jpg,meningioma,meningioma,1,train,bae057adae86b07a451d1dda48ad4d5cc2f3df8231046a56e83a4bc3fbe143ee,1e27572f1b232f6f,
dataset/test/meningioma/Te-me_0256.jpg,meningioma,meningioma,1,train,2988c549dd2c21dfa10252fe43ace5b5098027659a33b2933e41d2db29efe2d1,982e1f5b232b1b3e,
dataset/test/meningioma/Te-me_0257.jpg,meningioma,meningioma,1,train,422d7e9b1465e4083db34d1f93d3507ea9ae353a8980503d8aacccd44076cb65,1e0f1727271f869c,
dataset/test/meningioma/Te-me_0259.jpg,meningioma,meningioma,1,train,04362407f0b50f6d886cacd6003c3ec9a06a9f0c792034c2a0cdb9943e8cba90,8e3b4b4b5555272f,
dataset/test/meningioma/Te-me_0260.jpg,meningioma,meningioma,1,train,06156e856f19f8132417fb1f09632e89893f1e9c82d4da0d3363f7147d8fa21b,1e33632d49693313,
dataset/test/meningioma/Te-me_0261.jpg,meningioma,meningioma,1,train,5241bcd6cc931494aaef3844adc1f3640382254b50b81c5a936440a4a60e765c,8c0e37734b6b3797,
dataset/test/meningioma/Te-me_0262.jpg,meningioma,meningioma,1,train,662708371b2f73f449f4e7830ad2f6f19d87ffab84544fe3076b891c80b3703c,9e27070911353517,
dataset/test/meningioma/Te-me_0263.jpg,meningioma,meningioma,1,train,db3ee76305447ebcda44887802f3650de2462ead4ff6b9a7a9484172b74b0484,9c1f27153125292f,
dataset/test/meningioma/Te-me_0264.jpg,meningioma,meningioma,1,train,01c89e6c28cd6a10563f2429fb48478638f7bee6b5086905f6b100ae9ff61666,409e270f39332b0b,
dataset/test/meningioma/Te-me_0267.jpg,meningioma,meningioma,1,train,0d1be7ed3d224b78d04dea2770d180f8dc3699d49334020bc54c4183440ce612,c81e1b174b433717,
dataset/test/meningioma/Te-me_0268.jpg,meningioma,meningioma,1,train,a7dc48fc79e70b001d0ceb3025a4e32ccd429ec2ec1a3d77fc5fe67cb4c1e9ce,c81e1b5b69492737,
dataset/test/meningioma/Te-me_0269.jpg,meningioma,meningioma,1,train,30be9a3e297b00f1effa63451ad55f9d53d0911e72e6dfcc608d0e4942f08226,9c365b5b4d2b2b27,
dataset/test/meningioma/Te-me_0270.jpg,meningioma,meningioma,1,train,6dadec31ce93db43fdecc51dc0290ab6b8fe4fb1672e02fc045971129c3aad5e,e0981e2f238f4cb0,
dataset/test/meningioma/Te-me_0271.jpg,meningioma,meningioma,1,train,184866d2a410a40f64313e66c60128f7d0882a12237610a1a88417ad5d4fe91a,8e27132b1d311383,
dataset/test/meningioma/Te-me_0272.jpg,meningioma,meningioma,1,train,0305e36d5ac04ef1dbf19a9d271c5d5b181e1c6bd5daf67797a997c32b71f0ef,1e7f776f4d69733b,
dataset/test/meningioma/Te-me_0273.jpg,meningioma,meningioma,1,train,35b3c5dd2c6ea0afd3f1b4ff65635843bdc57826796d46fade6bbc577190d376,409c3e072b2b9f1e,
dataset/test/meningioma/Te-me_0274.jpg,meningioma,meningioma,1,train,5cb4adecca034d0a5ba2e58d58dd19a0eeddfe21a48fd50c89c481e43789bb37,d81e27071b2b2f16,
dataset/test/meningioma/Te-me_0276.jpg,meningioma,meningioma,1,train,fe9729642507592e71a345409e56acee1a920f1ac44616525a770e6cf3f9e176,032f0f0b2b3b130f,
dataset/test/meningioma/Te-me_0277.jpg,meningioma,meningioma,1,train,0e669e3ed7ecfb7e62aecf17b90f0c73fd5b0aa243507610c4b966ac337ea9e6,cc1f272f3b350587,
dataset/test/meningioma/Te-me_0278.jpg,meningioma,meningioma,1,train,9a503909b5edff2a80db578a3c5e6719a773548e740fd9cb37531d9bbe85d919,8c1e1b2f1b2b272f,
dataset/test/meningioma/Te-me_0280.jpg,meningioma,meningioma,1,train,02c922f41d5a1c860e0ba4451c9d957f20e4f588d19c39450d161583fc696728,8e37073b07253707,
dataset/test/meningioma/Te-me_0282.jpg,meningioma,meningioma,1,train,a832a10ab91787a3acea8c22e891177bdeb9cb715cf90ff3f75405031a978bdf,9e1f1b393333233f,
dataset/test/meningioma/Te-me_0283.jpg,meningioma,meningioma,1,train,d4801f422a1cf7179d46bea8d82549797a392a7af645dd763af72ee7192f494f,1e1b172b092b2727,
dataset/test/meningioma/Te-me_0284.jpg,meningioma,meningioma,1,train,52845bf3c9b99de21b37731e7ec9ce10df7786112b1c53cd5934959f65a4d4d9,9c07172f0b3b3727,
dataset/test/meningioma/Te-me_0285.jpg,meningioma,meningioma,1,train,fc7ac1b461d0214613cb185d216758de6776fc013d87b20580948279c5a886eb,9c16172b330b1b1e,
dataset/test/meningioma/Te-me_0286.jpg,meningioma,meningioma,1,train,61044d6de0036a3d2b094e294926b33c263e1531e7784b450f5ff5d74b402078,9e2f1309292b270f,
dataset/test/meningioma/Te-me_0287.jpg,meningioma,meningioma,1,train,b2edd24f1fe7cb94a4eaddbf043f4742c1fe41f32b189f502f1b12e40bfd3a67,0f17331b0f230f4d,
dataset/test/meningioma/Te-me_0288.jpg,meningioma,meningioma,1,train,340d34269d4d3c51e7bb8f79237c426c5b5bba3dc2edde7d0a2f4698ccecb276,981e271b33238f0e,
dataset/test/meningioma/Te-me_0289.jpg,meningioma,meningioma,1,train,ea3670920245f00237d3c32fbe40fa421ffa7a2b236bc3fc51c92e04b894ce33,c03c3e37636b4b07,
dataset/test/meningioma/Te-me_0290.jpg,meningioma,meningioma,1,train,c783e504efe4f8c1823acfb585691badba3e9df2566bbf27770a6b08d765c80c,234d162b2b2b0f4d,
dataset/test/meningioma/Te-me_0291.jpg,meningioma,meningioma,1,train,f9cb7e48259fdf96f7bd8a2c07696a0633d79187af0c209cc44158e8514472b8,630f0f0f0f270f0d,
dataset/test/meningioma/Te-me_0293.jpg,meningioma,meningioma,1,train,c120061e2760e4627c8362bc22496dcefe250d550c549ca25a6fac1e247de0e6,210f072727230e41,
dataset/test/meningioma/Te-me_0296.jpg,meningioma,meningioma,1,train,fd7d72de15787fba70df4dd29849c683c8df2e29f028e499dff1a61d3cf5fc2d,0b2b2b0d070f0f4d,
dataset/test/meningioma/Te-me_0297.jpg,meningioma,meningioma,1,train,6d33cf04234bc4a8e1cd9eed65d8340e2e25349cfec2f33364321dc92c22bd17,17132b15171f0f4d,
dataset/test/meningioma/Te-me_0298.jpg,meningioma,meningioma,1,train,4ca0fcda8bd93f967f468463b0c93dbe4b16887da2987c5e37f1eb00ddcb2fb6,430d16170b330e49,
dataset/test/meningioma/Te-me_0299.jpg,meningioma,meningioma,1,train,6759a0316b83fe27a161bc58377fa9c0aaf3b4eed0f74edff41d848b704e0bfd,0d0f332f0f230f4e,
dataset/test/meningioma/Te-me_0300.jpg,meningioma,meningioma,1,train,70eea37bb28b0d9104f30252abc37bab713e72119ed18c66e38a00b1f1dfdd44,05172b0f17130f4d,
dataset/test/meningioma/Te-me_0302.jpg,meningioma,meningioma,1,train,8043af2c8224d134606bb9cfa9637e7a974cf8985892a0158517f378b1b129b2,314d06032b070f61,
dataset/test/meningioma/Te-me_0303.jpg,meningioma,meningioma,1,train,d07872df5218bcb7145de53f60737b138a2a8b9edd362b758b25106456044985,690d0f1f0b2f0f41,
dataset/test/meningioma/Te-me_0304.jpg,meningioma,meningioma,1,train,c318da0ad42624961d0eff66e5cb3c97bbc9e66df24a648ee1656d1a6cbeb2c8,4d0f230b0f2f0f4d,
dataset/test/meningioma/Te-me_0305.jpg,meningioma,meningioma,1,train,febc01df86073914cb1fead59436457605068aaac8e5186cce20f26606df70f2,4d16172b0d070e4d,
dataset/test/notumor/Te-noTr_0001.jpg,notumor,no_tumor,3,train,9af05acd768793e89fc6776c3af838b0bf0747cfc3a3737e1cd3af44ea09c930,4c8f17171737170e,
dataset/test/notumor/Te-noTr_0002.jpg,notumor,no_tumor,3,train,039d0eb6b8493db695929536aa7476f8c472381a7c20de981bfe7e0bdd875a82,0c0e161717170e0c,
dataset/test/notumor/Te-noTr_0003.jpg,notumor,no_tumor,3,train,f1aa73c33c56a13b8fe3b256ba2e6e3d2d84ddc6f3ed814d874bc88726ac1f9d,cc3623555575330e,
dataset/test/notumor/Te-noTr_0004.jpg,notumor,no_tumor,3,train,e834d68ccf89fc7d5f8a93f0718fb614dd3591102ee4ed5c5d851ac43dbd9e1c,a087017064496b43,
dataset/test/notumor/Te-noTr_0005.jpg,notumor,no_tumor,3,train,d8ea17fdb98908199591b41310c56ae6a2b90408287403a45333653e079944b1,8e363333732b268e,
dataset/test/notumor/Te-noTr_0006.jpg,notumor,no_tumor,3,train,49d44a7fd256a35903b981a4c7fbd2c3adc0f87f24ed0cf34d83a91aa13441b0,0f0f170b0f2b0b0f,
dataset/test/notumor/Te-noTr_0007.jpg,notumor,no_tumor,3,train,41d847d03ff8e8a80fde982029492adf6c622dc7d78fad2db48b14287c552296,280e06171317064c,
dataset/test/notumor/Te-noTr_0008.jpg,notumor,no_tumor,3,train,f90baa21f7026f0f5c8595cb4c58a728618b80c679b18dbb42f4e77420262ac5,0e0e17170f0f0f0e,
dataset/test/notumor/Te-no_0010.jpg,notumor,no_tumor,3,train,0d68dc0d87d099ad046fac3ec1359db1561e1c5d45a43e7c91e02a9f2f393df8,17736155d555690b,
dataset/test/notumor/Te-no_0011.jpg,notumor,no_tumor,3,train,136e27954eca1b7b887f3700f412b2c531153938a0d721d1557a94c3362497c2,0e0f2b2b2d31130e,
dataset/test/notumor/Te-no_0012.jpg,notumor,no_tumor,3,train,d07ac7d4c62a45c3ca88e4b57cf485acd22b5d5f5e519110f769eb0cd9169d47,0c163333333b1e0c,
dataset/test/notumor/Te-no_0013.jpg,notumor,no_tumor,3,train,7a3fac9104743aa9ecd56374dafb71c6b8084ace9b13e4cb7b881f198a4bb479,8707609693063373,
dataset/test/notumor/Te-no_0014.jpg,notumor,no_tumor,3,train,1cc081e753d825a7a043b7968fa48c166d3518426790468025d6674794791327,8f0f2b1557652b17,
dataset/test/notumor/Te-no_0015.jpg,notumor,no_tumor,3,train,0ac00682257258ee21f7c81af7bc22efbbbb4385e67e4d005f2000ad3b85561b,46030f0b27450b02,
dataset/test/notumor/Te-no_0016.jpg,notumor,no_tumor,3,train,9cb0bd6ba354991ae933b55af58ca040f3b8db01add876aba09159d7badd3599,0c0e162b2b0f160c,
dataset/test/notumor/Te-no_0017.jpg,notumor,no_tumor,3,train,39c0884fa9dfa4bf3e2464f41480e240ad7db4eded8a5b1ced54c772956746e1,170f070707331717,
dataset/test/notumor/Te-no_0018.jpg,notumor,no_tumor,3,train,4f3c00ef520660295576c472a0cafc9f1bb400d736b352b736966af08bf09235,071f171713371f0f,
dataset/test/notumor/Te-no_0019.jpg,notumor,no_tumor,3,train,7b73d6019deb1482bc5fb7027f12719bea983c8eb0b0c0f3e95feb61c90fafb3,8e17171733333706,
dataset/test/notumor/Te-no_0020.jpg,notumor,no_tumor,3,train,6d8670086cd3782e77ddb604d6f5803400640420236b3af98f3874ee86e7b476,0e17171723070f0e,
dataset/test/notumor/Te-no_0021.jpg,notumor,no_tumor,3,train,9d338079dd3288665657816ebeec6ada298761e0ff9f4c22a59f05c46768db14,081e0f0f0f2b0f0e,
dataset/test/notumor/Te-no_0022.jpg,notumor,no_tumor,3,train,f2d9f0979df98ce2e4aab669d3c141ca02ebce9eb15775267bfd6d4eae2a7d7f,861733333329178e,
dataset/test/notumor/Te-no_0024.jpg,notumor,no_tumor,3,train,1fe1db4adc37442001e9e054e3a990efa31b7db7cdb0a3d2711afbf346f9094b,1713071303331717,
dataset/test/notumor/Te-no_0025.jpg,notumor,no_tumor,3,train,053a6036a57e58922ce011f713ddb44f78af390306aa055803e24338eb977075,0f1f17170f4b3796,
dataset/test/notumor/Te-no_0028.jpg,notumor,no_tumor,3,train,f3bbcbc551b2533f763091b8d11957d40118b57fe937c3b940f3f8b26098030f,8e17770b030f2b17,
dataset/test/notumor/Te-no_0030.jpg,notumor,no_tumor,3,train,76a70a3f68103e335f080a323d763fbda5febc37e4714c2f9b54499795f13fa3,0e0f17171717551f,
dataset/test/notumor/Te-no_0031.jpg,notumor,no_tumor,3,train,9af05acd768793e89fc6776c3af838b0bf0747cfc3a3737e1cd3af44ea09c930,4c8f17171737170e,
dataset/test/notumor/Te-no_0034.jpg,notumor,no_tumor,3,train,08c04f3659f54e170fe84f98a8ed10a235809251d6ba7c5372f08c90421ce51e,177361f5d555690b,
dataset/test/notumor/Te-no_0035.jpg,notumor,no_tumor,3,train,19d1e5fece32f25cffe40d78ee005f41ff3c2598c7765ed122ffb29518274326,4c9613130f2b238e,
dataset/test/notumor/Te-no_0038.jpg,notumor,no_tumor,3,train,8a5052ac55d7ffc4175768aeda33c7178bcbf0015e9e44c901d40ac9660f6fd6,071b192147032636,
dataset/test/notumor/Te-no_0039.jpg,notumor,no_tumor,3,train,df46c96890474f2ec5f08aa2c32e6bc1c6b5685f8b913501f954a515a6de02fa,9f1713333317330f,
dataset/test/notumor/Te-no_0040.jpg,notumor,no_tumor,3,train,6e643c3263775b4637ad4e11620277c6ac65dcf63996826f76cac2dac5d8afdc,0e1733737323270e,
dataset/test/notumor/Te-no_0041.jpg,notumor,no_tumor,3,train,6df56cc8a677bbc089ccb7f85e5f40b665a551aa28c7f2fffffcaddf521ed503,4c8e07070f1f1f96,
dataset/test/notumor/Te-no_0042.jpg,notumor,no_tumor,3,train,7703b9670ac9265886cbf62735e2ff074c1507a654573807d0a8468a54c89dd7,0f2b71514d692b0e,
dataset/test/notumor/Te-no_0043.jpg,notumor,no_tumor,3,train,9251febacd510bc6ab8fdebb28ac58c8db217df4d5e8af285a99547b2d3b8584,0e2b697161692b0f,
dataset/test/notumor/Te-no_0044.jpg,notumor,no_tumor,3,train,d07ac7d4c62a45c3ca88e4b57cf485acd22b5d5f5e519110f769eb0cd9169d47,0c163333333b1e0c,
dataset/test/notumor/Te-no_0045.jpg,notumor,no_tumor,3,train,733e77e4b6da2d851bddbf9cf2768c02db39d5fa0f7be61fdbcb9d1e044abb76,4d36334b4d4d3b9e,
dataset/test/notumor/Te-no_0047.jpg,notumor,no_tumor,3,train,c3f2d52e1a996bea716774c0051492202d3bdf76fdb53f9ade2b5c6289a6cb36,4c8e07171f1f1f96,
dataset/test/notumor/Te-no_0048.jpg,notumor,no_tumor,3,train,136e27954eca1b7b887f3700f412b2c531153938a0d721d1557a94c3362497c2,0e0f2b2b2d31130e,
dataset/test/notumor/Te-no_0050.jpg,notumor,no_tumor,3,train,733e77e4b6da2d851bddbf9cf2768c02db39d5fa0f7be61fdbcb9d1e044abb76,4d36334b4d4d3b9e,
dataset/test/notumor/Te-no_0051.jpg,notumor,no_tumor,3,train,dfbba0fc3e25b2cc10d6fde8faf975c6f475baa770ede5ea3fd1e495995736ef,0e33717054752b0f,
dataset/test/notumor/Te-no_0052.jpg,notumor,no_tumor,3,train,6e643c3263775b4637ad4e11620277c6ac65dcf63996826f76cac2dac5d8afdc,0e1733737323270e,
dataset/test/notumor/Te-no_0053.jpg,notumor,no_tumor,3,train,136e27954eca1b7b887f3700f412b2c531153938a0d721d1557a94c3362497c2,0e0f2b2b2d31130e,
dataset/test/notumor/Te-no_0054.jpg,notumor,no_tumor,3,train,733e77e4b6da2d851bddbf9cf2768c02db39d5fa0f7be61fdbcb9d1e044abb76,4d36334b4d4d3b9e,
dataset/test/notumor/Te-no_0055.jpg,notumor,no_tumor,3,train,d07ac7d4c62a45c3ca88e4b57cf485acd22b5d5f5e519110f769eb0cd9169d47,0c163333333b1e0c,
dataset/test/notumor/Te-no_0056.jpg,notumor,no_tumor,3,train,c4c847d6e586faffcadf669ff0a9a608542741edc3a387040c059df1bb7052bb,4c96332b2b2b168c,
dataset/test/notumor/Te-no_0058.jpg,notumor,no_tumor,3,train,247420d663a2af95266ddfb5c9cd2ee741d2474f300ca0d25809d37f61e9c4df,0c163339792b130e,
dataset/test/notumor/Te-no_0059.jpg,notumor,no_tumor,3,train,e34e448b7509d16d43c6a6505995cdbb7bf6b2ad29ee09a37ec740c8494f74e3,0f2b71596d692b8e,
dataset/test/notumor/Te-no_0060.jpg,notumor,no_tumor,3,train,a3162569f0104e89e3950050d1d2f605cfe6bcf7c646f4bd596cb709d8b372c8,160f0f073713070e,
dataset/test/notumor/Te-no_0061.jpg,notumor,no_tumor,3,train,d07ac7d4c62a45c3ca88e4b57cf485acd22b5d5f5e519110f769eb0cd9169d47,0c163333333b1e0c,
dataset/test/notumor/Te-no_0062.jpg,notumor,no_tumor,3,train,7b73d6019deb1482bc5fb7027f12719bea983c8eb0b0c0f3e95feb61c90fafb3,8e17171733333706,
dataset/test/notumor/Te-no_0063.jpg,notumor,no_tumor,3,train,a8155f8b8f640f8464b58a380026d01471800d15e76cbfd9678848d669c7e3a7,376b61d5d055690b,
dataset/test/notumor/Te-no_0064.jpg,notumor,no_tumor,3,train,18cfaf6cee35ef130675d36429a4d0d9d944cef9942c203b01975b7130ff6df5,d68f0f073733070f,
dataset/test/notumor/Te-no_0065.jpg,notumor,no_tumor,3,train,76a70a3f68103e335f080a323d763fbda5febc37e4714c2f9b54499795f13fa3,0e0f17171717551f,
dataset/test/notumor/Te-no_0066.jpg,notumor,no_tumor,3,train,16bdc3ca286cca1bb4761deeca41c63f5626ac65aff85231686caf5c3897c210,8e0e17170f0f0f8e,
dataset/test/notumor/Te-no_0067.jpg,notumor,no_tumor,3,train,9af05acd768793e89fc6776c3af838b0bf0747cfc3a3737e1cd3af44ea09c930,4c8f17171737170e,
dataset/test/notumor/Te-no_0068.jpg,notumor,no_tumor,3,train,136e27954eca1b7b887f3700f412b2c531153938a0d721d1557a94c3362497c2,0e0f2b2b2d31130e,
dataset/test/notumor/Te-no_0070.jpg,notumor,no_tumor,3,train,4f3c00ef520660295576c472a0cafc9f1bb400d736b352b736966af08bf09235,071f171713371f0f,
dataset/test/notumor/Te-no_0071.jpg,notumor,no_tumor,3,train,4c557fefde640a1a8d578beff11021e893bdee3817bd99456ad60e4f1d7b6c49,9617770b070f2b9e,
dataset/test/notumor/Te-no_0072.jpg,notumor,no_tumor,3,train,9d338079dd3288665657816ebeec6ada298761e0ff9f4c22a59f05c46768db14,081e0f0f0f2b0f0e,
dataset/test/notumor/Te-no_0073.jpg,notumor,no_tumor,3,train,7b73d6019deb1482bc5fb7027f12719bea983c8eb0b0c0f3e95feb61c90fafb3,8e17171733333706,
dataset/test/notumor/Te-no_0075.jpg,notumor,no_tumor,3,train,f2d9f0979df98ce2e4aab669d3c141ca02ebce9eb15775267bfd6d4eae2a7d7f,861733333329178e,
dataset/test/notumor/Te-no_0076.jpg,notumor,no_tumor,3,train,c6d35e130bc719af5e19824979ce640e835635fc495a7383435df8b9aa16b023,9e9f17173717078e,
dataset/test/notumor/Te-no_0077.jpg,notumor,no_tumor,3,train,c3f2d52e1a996bea716774c0051492202d3bdf76fdb53f9ade2b5c6289a6cb36,4c8e07171f1f1f96,
dataset/test/notumor/Te-no_0078.jpg,notumor,no_tumor,3,train,eed488f2e399ac4a011a52b70eff0a73837f1f2b8ef02297841792ba819420bc,8e0e17170f0b0f8e,
dataset/test/notumor/Te-no_0081.jpg,notumor,no_tumor,3,train,19d1e5fece32f25cffe40d78ee005f41ff3c2598c7765ed122ffb29518274326,4c9613130f2b238e,
dataset/test/notumor/Te-no_0082.jpg,notumor,no_tumor,3,train,eaf5b3298bb7bd6f729b87c54e69eea87626d55f5853cba81ce2b7a537c4b344,4c8e07171f1f1f96,
dataset/test/notumor/Te-no_0083.jpg,notumor,no_tumor,3,train,a8d8bd68e37588a5be079ea92de410d9097988aea40552f6fd08ca44a7dd6c74,0c0e2b2b0f17070e,
dataset/test/notumor/Te-no_0084.jpg,notumor,no_tumor,3,train,9af05acd768793e89fc6776c3af838b0bf0747cfc3a3737e1cd3af44ea09c930,4c8f17171737170e,
dataset/test/notumor/Te-no_0085.jpg,notumor,no_tumor,3,train,cae1e3ac8a29d55a9f7c0638c1d26be1d91a18c26715459dfcfa56a26317c11b,8701111131230381,
dataset/test/notumor/Te-no_0086.jpg,notumor,no_tumor,3,train,ff1df5849a35548de3ed553bc8c927511045cce13c42a2159c62f546c52230c9,8e33715554610f8e,
dataset/test/notumor/Te-no_0087.jpg,notumor,no_tumor,3,train,136e27954eca1b7b887f3700f412b2c531153938a0d721d1557a94c3362497c2,0e0f2b2b2d31130e,
dataset/test/notumor/Te-no_0088.jpg,notumor,no_tumor,3,train,41d847d03ff8e8a80fde982029492adf6c622dc7d78fad2db48b14287c552296,280e06171317064c,
dataset/test/notumor/Te-no_0089.jpg,notumor,no_tumor,3,train,d08b052913eb262dfd31fdd6d7ca904c5343087cdc458ca928c9e85bf41bf388,8f1f1b17172b1b0f,
dataset/test/notumor/Te-no_0091.jpg,notumor,no_tumor,3,train,77d1374baf9988fd4f9272886783a65820b3afbbbaa773777ed01a4b04ff9d80,6c871333333b074e,
dataset/test/notumor/Te-no_0092.jpg,notumor,no_tumor,3,train,f0f59157eff868aa8dc74d5a6b5d384421c8587b5f15d90ca8414f4650276436,2e73c9cdd45c3107,
dataset/test/notumor/Te-no_0093.jpg,notumor,no_tumor,3,train,a8d8bd68e37588a5be079ea92de410d9097988aea40552f6fd08ca44a7dd6c74,0c0e2b2b0f17070e,
dataset/test/notumor/Te-no_0094.jpg,notumor,no_tumor,3,train,d9f0d5ef8784abb3ac7cadb3e31a9b1ef4879de8edb20a637d66c49f6c8eb60f,07697950f1753b1e,
dataset/test/notumor/Te-no_0095.jpg,notumor,no_tumor,3,train,6d94cb16b0e532e10913e0f7e82bc9f0e2ddc3ff08601f8f7b118b88a137e111,0c0e1717173b1f0c,
dataset/test/notumor/Te-no_0098.jpg,notumor,no_tumor,3,train,b577189346bc4cc74942150e5875bead25153aa474db97d1882ebf72244de3ec,0e2b2d0d0f070707,
dataset/test/notumor/Te-no_0099.jpg,notumor,no_tumor,3,train,b23fe6dad4ff5e7e0fe80d1d315399658298647951c5f5e148e8c0d6ff6e3b5e,8e960f1b3b33178e,
dataset/test/notumor/Te-no_0100.jpg,notumor,no_tumor,3,train,c50e621a36b08a9c2f28e239dc00b27ce321bd8ed715a48ced97515e965473d2,260b1f1737070f0f,
dataset/test/notumor/Te-no_0101.jpg,notumor,no_tumor,3,train,53765f8fc313f7684b0df4547a89e27ecae20ae66c60ee26318fc9f1a301de8d,8e13294545692386,
dataset/test/notumor/Te-no_0102.jpg,notumor,no_tumor,3,train,c515996f4519dbd88019480d9e6442c71bc2513a7e2cb35a776b56af27b1021a,8e0f333369692b8f,
dataset/test/notumor/Te-no_0103.jpg,notumor,no_tumor,3,train,affc1b4d529e3c1f06052e6fe5d27ef659071f0c1b14b4197c6d2c4f30ae93bb,960f2b2b69552b0f,
dataset/test/notumor/Te-no_0105.jpg,notumor,no_tumor,3,train,a34f0b4d5ff5d71d8a2dbe7f31868e135f7811c09083dfaf5ea520afe3390828,0e0e1616160e0e32,
dataset/test/notumor/Te-no_0107.jpg,notumor,no_tumor,3,train,b503ab8b3be562f780d371b05a80742ae20900cafa78df8b8fd66e0c593c9860,0f0f232b3b3b0f0d,
dataset/test/notumor/Te-no_0108.jpg,notumor,no_tumor,3,train,208045779cfef68f84dd4635756b33124b5c34315e6ef3452a4071137e8b9cef,0e0e2b232f2f0e0c,
dataset/test/notumor/Te-no_0109.jpg,notumor,no_tumor,3,train,61eea63b96be6b08250b771a3a158a70df86b74b039a6697fdd47eaa211c01a7,0f0f0f0d2b2b0f0e,
dataset/test/notumor/Te-no_0110.jpg,notumor,no_tumor,3,train,490f034b5bb47314f99788d0e3f4921376ed76826da8e15c0bf8692bbe8e47f6,1f55b3163237178e,
dataset/test/notumor/Te-no_0111.jpg,notumor,no_tumor,3,train,6f6b4e90d1242f78ce866f2348707df640a91b845d2049b5e7354d3257784fe4,0c0c0e16160e160c,
dataset/test/notumor/Te-no_0112.jpg,notumor,no_tumor,3,train,e8ed081b0ca3628aaa6551d8aa30801100f406724866ea00755a8a4ff48583c7,0c0606060616160c,
dataset/test/notumor/Te-no_0114.jpg,notumor,no_tumor,3,train,8585360a5835205e84ad79cee891ee9bc461f3888e89644b052d598237345f13,0d0f2f0f0f0f170f,
dataset/test/notumor/Te-no_0115.jpg,notumor,no_tumor,3,train,fe2c4a60ad4af058a8920fbf50bada00152b94b48bd71e4ee853ee199a0050dc,0717133333333307,
dataset/test/notumor/Te-no_0116.jpg,notumor,no_tumor,3,train,2ba8a8c5aadf195716236aa30721a043a84973661bd271f394860a2c3081e83c,0e0717131717078f,
dataset/test/notumor/Te-no_0117.jpg,notumor,no_tumor,3,train,32e7f860a1978259902ffda3bbd657bcb315a5adae61a8c47e2eb86c424990d8,9e17171733331717,
dataset/test/notumor/Te-no_0119.jpg,notumor,no_tumor,3,train,22e804f0d7e5a3fbd2fcb81c3a2b6bacf756284a5c8b75b7da6d13de2c8e3911,cc8e8f0f071786cc,
dataset/test/notumor/Te-no_0120.jpg,notumor,no_tumor,3,train,4bbdb79d5b12e1cbdbbfe6784c166837db43e084c20b1e814b040eb81a8ad8a5,4c8e0f172f0f2b9e,
dataset/test/notumor/Te-no_0121.jpg,notumor,no_tumor,3,train,8eb98358b4393d26b59ff612cee184820af6e2317fdf37c737f1972e7e57b780,0e1e0f0f0f072f9e,
dataset/test/notumor/Te-no_0123.jpg,notumor,no_tumor,3,train,59fb7aa11aec3c86dbfe14affbd13ddfc5e62c4c194894e49703804840e95f80,8e1717331717178e,
dataset/test/notumor/Te-no_0124.jpg,notumor,no_tumor,3,train,e88e5efd0191d523297dd00553316ae84d6a3df4fbb6dac7de6bc12531f5568e,0d0f3b3b2b2b0f0f,
dataset/test/notumor/Te-no_0125.jpg,notumor,no_tumor,3,train,2b3d1ac43a7301b6c36c5c94fa07df37a2f31e5b90b476c8457b2406aabc4797,060737317373330e,
dataset/test/notumor/Te-no_0126.jpg,notumor,no_tumor,3,train,529ab1461e2488a2edb72328502a693d9e049b5d9c0b520a4401c4ac35fc1561,060737317373330e,
dataset/test/notumor/Te-no_0128.jpg,notumor,no_tumor,3,train,ed91e32caa737b3d75cffb39d0f8631f9c6bc0c74b5172b32dbcfbaa192f32cf,0e2f654d65292707,
dataset/test/notumor/Te-no_0130.jpg,notumor,no_tumor,3,train,d4a0013422890229eb540f461ddc0dd0066df275044a7efbdcdc08e45a92e22e,0e0f2b2b2b2b0f0e,
dataset/test/notumor/Te-no_0131.jpg,notumor,no_tumor,3,train,3f6ff3052a2226ff9ada9dde278932cfc77baf2ff4ad183ad8dd52482e75f24e,080e0e2f0f0f1e08,
dataset/test/notumor/Te-no_0132.jpg,notumor,no_tumor,3,train,6704decba9d274a14f6782f894c2442ca11bcc28fdd50b2d9900fdcc4e895148,8e0e2b2b0b2b0b8e,
dataset/test/notumor/Te-no_0133.jpg,notumor,no_tumor,3,train,1e0c0f00d676732a9e96bee09e2007bfb3e74a38e23cc83bb7eb35f21b4d28d2,0e0e0e16160e1e0e,
dataset/test/notumor/Te-no_0134.jpg,notumor,no_tumor,3,train,4a810bbe522cc589396dc971873705d5e9061cdd5819edc0b7a669286f18474d,060b1f0f0f0f070e,
dataset/test/notumor/Te-no_0135.jpg,notumor,no_tumor,3,train,9b74381b29ad55596077b474a31922d7238489653360270dc16e41ae0f5ef9b1,060b33332f6b0f1e,
dataset/test/notumor/Te-no_0136.jpg,notumor,no_tumor,3,train,c62ea2526aa74964a12d7faf2a4446e3adc01f2429c0a2439deb8de115447d7f,0c1f17173333178e,
dataset/test/notumor/Te-no_0137.jpg,notumor,no_tumor,3,train,008ea33cb5f3f25d975003f55795e758ddf6abf853ff352daa770b7c9662b228,8c8f0f0f0f0f0e8c,
dataset/test/notumor/Te-no_0138.jpg,notumor,no_tumor,3,train,47f24b9ea43b9b11b0fc09bfca10fd9c19ff5b3d23007ae7cb42fe92e0539fae,0e8e1313330b0e4e,
dataset/test/notumor/Te-no_0139.jpg,notumor,no_tumor,3,train,54bc1822f067fdad09d6f0ba40d84e1c9c3ba3bbc89debc1aac6589dfe515b3c,0e0f171713070e00,
dataset/test/notumor/Te-no_0140.jpg,notumor,no_tumor,3,train,52ec1c471efdd0ec2c3bfcb064d8fb08c76a9c061457c404bb8087b1ea6c48fb,0e0f2b2b0d0f0f0f,
dataset/test/notumor/Te-no_0141.jpg,notumor,no_tumor,3,train,0cbeaa585e77bfea048bde8655cc097ad2cead1dd863ad11667ecafbc56eb863,8c0e13131717968e,
dataset/test/notumor/Te-no_0142.jpg,notumor,no_tumor,3,train,0705d27363749ece8ac8ae0a550003ea1f0b94e8418c3ed54b8a4f3ad0664b33,1633737331370706,
dataset/test/notumor/Te-no_0143.jpg,notumor,no_tumor,3,train,a3d34725edf1377a6226461a80b3b07247c13e96d709793e0a327a3600839606,0f0f0f0d2b2b0f0e,
dataset/test/notumor/Te-no_0144.jpg,notumor,no_tumor,3,train,8b49a55ded4cf65545450a01ac87b4b515c174af6a1b6bcb7c099080d12a07c8,8e2f2b272b2b0f8e,
dataset/test/notumor/Te-no_0145.jpg,notumor,no_tumor,3,train,716d7d3a5cbe64d8597a9ddd2b21b98fc57e49444a0d129a2cd4aca1b3d4a0be,0f0f3b3b2b2b0f0f,
dataset/test/notumor/Te-no_0146.jpg,notumor,no_tumor,3,train,d1fb1c073086644db1a39cb836e46bde04ed6f20af6a5fcfbf25a07a6f2fd280,8e9e171713130e8c,
dataset/test/notumor/Te-no_0147.jpg,notumor,no_tumor,3,train,baf4e05e1f3eb36f638e12fa5843537b361ba2a82f874c4c49c3c0f1020c010e,0607373173733316,
dataset/test/notumor/Te-no_0148.jpg,notumor,no_tumor,3,train,2c000cfc8d3325be871344a66bea3f21fe7dfce4f456895f0b2d00f52340f866,17171717172f170f,
dataset/test/notumor/Te-no_0149.jpg,notumor,no_tumor,3,train,16ab208a9c6b5abc07b1e95560877726818015426d83fbb71430edd1f52a2f8c,1f171717171f1e4d,
dataset/test/notumor/Te-no_0150.jpg,notumor,no_tumor,3,train,cb9db9ab7204d6a1c09ff7d7ae23b49c884913bc2f2f4a8f743b15f86c7bfff2,cc171733331b0f8e,
dataset/test/notumor/Te-no_0151.jpg,notumor,no_tumor,3,train,55138badbfeeb9cfb71bb334803d3d8ec4c04526a3642bd96e10535af8de288e,0e0f2b2b2b2b0f0e,
dataset/test/notumor/Te-no_0153.jpg,notumor,no_tumor,3,train,57eb21ad1952877b74a35f8bf69fc5e007661fd539a18125d0ba9f4b5ae483c3,8e171f1f1b331f8e,
dataset/test/notumor/Te-no_0155.jpg,notumor,no_tumor,3,train,d7bdf79e2e359e716992b14783ea46e6e6df1edaac904aa7cc85712b0bfaa4b6,8d0e071737070f9e,
dataset/test/notumor/Te-no_0156.jpg,notumor,no_tumor,3,train,295b7eed34bc5f362455f02775fe431cca4ba43bd3931777f6902e8e09ccfce7,0e8f1717172b2397,
dataset/test/notumor/Te-no_0157.jpg,notumor,no_tumor,3,train,583d91c9708936ed72400298ee33dbf0f5903e5a0a62b7a5bc006bf0a5f0a7e3,2375aab2b2330d03,
dataset/test/notumor/Te-no_0159.jpg,notumor,no_tumor,3,train,0892b9c76082b705d85bb8aebc274ecf30eaa6cdecd995d9b05c43da39a61921,8c8e37371717868e,
dataset/test/notumor/Te-no_0160.jpg,notumor,no_tumor,3,train,db193111173bc29f760b6725849a428f52c22eb55d4382f94da57c5c22afe1df,0f0f0d4f2b2b0f0f,
dataset/test/notumor/Te-no_0161.jpg,notumor,no_tumor,3,train,5c6697c6cdabf02a143aeaeb8d8324dc09bd56f7f2986ef3d6fac9be52cb92c6,0f170b1717171717,
dataset/test/notumor/Te-no_0162.jpg,notumor,no_tumor,3,train,99e32039bddfa35a59379f7c4d850012b4a988ad95711b8a188f7c67cf71e063,070d33b2b2aa7523,
dataset/test/notumor/Te-no_0163.jpg,notumor,no_tumor,3,train,5cdcdb76b13cfc5a09d32920bc2c6027beba04427f73ec32763ed25f23439f14,0f0723232b230f0f,
dataset/test/notumor/Te-no_0164.jpg,notumor,no_tumor,3,train,41712b18349f2d5c5402f18c717baa970c5c93ca74f977899b6ad1b8ac1f2ddc,1e1f137331313307,
dataset/test/notumor/Te-no_0165.jpg,notumor,no_tumor,3,train,2c18fb6c05afadaa3c57633d3f42a9f375c8677c0ff79afa7d13206d7c50a3ce,0f0f2b2b4f0f0f0f,
dataset/test/notumor/Te-no_0166.jpg,notumor,no_tumor,3,train,dbffa5c4e2c2d166fa8f6f8fa3a5eed519e724ec1bb29d9b102060c410fa065b,0e17173733371f0f,
dataset/test/notumor/Te-no_0167.jpg,notumor,no_tumor,3,train,0bffedfc1df973bdc13f059b95acf515f49f922aa7f4df30a1d4c7629d201f9f,0e0f2b2b2b2b0f0e,
dataset/test/notumor/Te-no_0169.jpg,notumor,no_tumor,3,train,2984d6e0a2c03beb58f70d68d4f118329a18213180cea0365a28b4109111939f,8e8f0b2b2b2b0f8e,
dataset/test/notumor/Te-no_0170.jpg,notumor,no_tumor,3,train,ca1e2c84aee3afd6bdab4ef8211e25227794b1733947a5a2dda8aa39918c55c0,0e0e0e16170f060e,
dataset/test/notumor/Te-no_0172.jpg,notumor,no_tumor,3,train,39b3b612a42661fbf0c8b105896aa67f0132406e2b2293d2979eb7daddbe7b50,0e1607072333078e,
dataset/test/notumor/Te-no_0173.jpg,notumor,no_tumor,3,train,4bcf391b563ecb51e506efbcbf5217028bc7f71eb10e588990bdfd743decb7db,0f33313173131f1e,
dataset/test/notumor/Te-no_0174.jpg,notumor,no_tumor,3,train,9f6621c4b8fafb988dd0298fd0ed4c3ada285fd635799e0fd4862a7adbca87a0,8f0e2f2b2b2b0f8e,
dataset/test/notumor/Te-no_0176.jpg,notumor,no_tumor,3,train,a81c724dc7c77a334b424a3429b6280e5092c99bba6d61a9c31b274d423e0af0,0f1f37333717170e,
dataset/test/notumor/Te-no_0177.jpg,notumor,no_tumor,3,train,5ca4859201a4a4ed3dcfe4814440e9678f3ced1837ca2daf5677ae8eb6372e86,1f1b6b494d490b0e,
dataset/test/notumor/Te-no_0179.jpg,notumor,no_tumor,3,train,d78d041bbb9b1dc514b2bbd052bd797a6b580416e6e1db94f93334f8dec29901,0e0f2b2b2b2b0f0e,
dataset/test/notumor/Te-no_0180.jpg,notumor,no_tumor,3,train,c74ecaa2c41bba17655dac6c942aab121527259616a6622b4fc62edd21e4ab7d,0c070f1b0b0f0e0c,
dataset/test/notumor/Te-no_0181.jpg,notumor,no_tumor,3,train,03bcdbceb0fbf5a404cb3a52bcbc90a4df7bdaad7dcdd771cfa17ebd0c864e14,0c1617171e1e1e0c,
dataset/test/notumor/Te-no_0182.jpg,notumor,no_tumor,3,train,f1089fa5398e9ac8e2ae5363338b79e9a52097f2d97db901cc1392b8e2181acd,8e17373333170f8c,
dataset/test/notumor/Te-no_0183.jpg,notumor,no_tumor,3,train,105b87399a9e653de688b9dfde4fc782586d5c14eeb7b51a295018069bd5ba07,0c160e16160e0c0c,
dataset/test/notumor/Te-no_0184.jpg,notumor,no_tumor,3,train,79e8802ebe62b2e256414bba747211992151631efdc4ccf1eb78760bf4cf564b,0c16171f1e1e1e0c,
dataset/test/notumor/Te-no_0185.jpg,notumor,no_tumor,3,train,87e1588c99956b54c5bcf59821a46f744eb5233dc6c347e9ecbf819f60cfa09c,0e27173317171e1e,
dataset/test/notumor/Te-no_0186.jpg,notumor,no_tumor,3,train,a42f5e66a6bd4eaaa2a7aef299c44b03f96f9a4ca6a61df6b03032791064861f,8e07133717171f9e,
dataset/test/notumor/Te-no_0187.jpg,notumor,no_tumor,3,train,2ff546ca2e2dae4d9999713f8764b3564c1d3b89efba9d7c196dd2ab82d3a1c9,0f1b133313131307,
dataset/test/notumor/Te-no_0188.jpg,notumor,no_tumor,3,train,d0ae32e6dfc3b815f592d814528edbea515a0cfac7095928736a03446f6be1ee,0f17370b2b27178e,
dataset/test/notumor/Te-no_0189.jpg,notumor,no_tumor,3,train,7078872cc229f95a29a64be19cfc8031525e45c9553c10d238edc794385b5c30,0e1f171737171e8c,
dataset/test/notumor/Te-no_0194.jpg,notumor,no_tumor,3,train,4e260b551ffe7a45c16961670b34d1d9801933159a683196973e0838d2919209,862b0f0b13078e4c,
dataset/test/notumor/Te-no_0195.jpg,notumor,no_tumor,3,train,b7dbddfc268e8fd453973752446887beb0a7f05926dd439c67e565b8450adec8,8e2f2b272b2b0f8e,
dataset/test/notumor/Te-no_0196.jpg,notumor,no_tumor,3,train,53c4bf03fe86d32c6360a9ee7e449d52e48d1577b7ca0fca279cc6fdeb09c446,1f171717171f1e4d,
dataset/test/notumor/Te-no_0200.jpg,notumor,no_tumor,3,train,1320e7811fbc67bd8e31530b4ab6996126b88bc5808e430e43d423f4cd637bcd,0f0f0d4f292b0f0f,
dataset/test/notumor/Te-no_0201.jpg,notumor,no_tumor,3,train,80baec6e826239a4d4f576ae7924bd28c9ddb257d88a65cbc7782b3a0e6b1240,0c0c0e16160e160c,
dataset/test/notumor/Te-no_0202.jpg,notumor,no_tumor,3,train,e570da48807d684524a9435e3fb9b5105907d651978599159e706bd7da28dede,cc8e37371717868e,
dataset/test/notumor/Te-no_0204.jpg,notumor,no_tumor,3,train,e88ca0907de6df1d3cfca80151d184ccf5f76cdf997cc58f02d1905899daf938,8e17272b2b37170f,
dataset/test/notumor/Te-no_0205.jpg,notumor,no_tumor,3,train,48f077e1ad306a369c2545f5a5af229e5e221fa94771d64be50d6d3b661e5287,8c1e173717171f0e,
dataset/test/notumor/Te-no_0207.jpg,notumor,no_tumor,3,train,a16507909382c23981a07aa844425d4c95f975a4432ce0f7a939b93a198b1049,1733313173130f1e,
dataset/test/notumor/Te-no_0209.jpg,notumor,no_tumor,3,train,13ab175f3e5208b2501ac569960dfcd3487a7797bfb6d3c0109adba85c8b75ef,070d32b2b2aa710f,
dataset/test/notumor/Te-no_0210.jpg,notumor,no_tumor,3,train,a13d0166df71178b51f7a61b12c3043a215aa6ae1fc73f891f5102bf2bfcdd0f,4c8e0f170b0f2b86,
dataset/test/notumor/Te-no_0211.jpg,notumor,no_tumor,3,train,a7979c3b28a191e14c80e5f58d9943c30d80b8b868ee415683f412ebb25b800d,4d1e17171717171f,
dataset/test/notumor/Te-no_0212.jpg,notumor,no_tumor,3,train,e042ba72a37077feea0a93aa0be5f18acec5c67acd069c5f50178bdfc1145593,1733313173130f16,
dataset/test/notumor/Te-no_0214.jpg,notumor,no_tumor,3,train,fd983400128760bcec5401c7c4d0f4b1fd9a479b898ac63d48eaea6a98a5fbda,1e1f13733131330f,
dataset/test/notumor/Te-no_0215.jpg,notumor,no_tumor,3,train,a03acbec3cf6aa14f02984e22b0e3219e0d2a54674c62d8b2c5018d5ad98e698,0f0f2b290f0d0f0f,
dataset/test/notumor/Te-no_0217.jpg,notumor,no_tumor,3,train,a3e8bfee0a5c41f81434966890de14ae09509c700ab9c6b93ac62229669ea126,0e0e23232b2b0f0e,
dataset/test/notumor/Te-no_0218.jpg,notumor,no_tumor,3,train,9c6e352df619ac95b7ff68b49620ba8861b4bf1e6954d0405a0ce88eac4604ab,0c0e0e0b0b0f0704,
dataset/test/notumor/Te-no_0219.jpg,notumor,no_tumor,3,train,b0c8e63cba9f83a8591744f00dfa8eb10088cca1de4cec713e5e528af9e06111,8e8f133b2b178f8e,
dataset/test/notumor/Te-no_0220.jpg,notumor,no_tumor,3,train,b1689e9d0dde9a84bb4ed0ad1441ffcf6f13a32943dd3ffdbd2ebb357bcb68ac,0e0e0e16170f060e,
dataset/test/notumor/Te-no_0221.jpg,notumor,no_tumor,3,train,c09c58ace1e369790e077faf384fb7381d774bbf2c03cf13ab1dcefc14d380e3,0c1e1e1e1f17160c,
dataset/test/notumor/Te-no_0222.jpg,notumor,no_tumor,3,train,335734a53bb7b0e40e80fb3a9b48581ea07d6fe359d8418f8a1fcc33576408d0,0f2f33230b290f87,
dataset/test/notumor/Te-no_0224.jpg,notumor,no_tumor,3,train,4c06456203de0b34d2cc8f7f7de1aee333d8158bbe1071539c897342c4baacdd,8e1707072323178e,
dataset/test/notumor/Te-no_0225.jpg,notumor,no_tumor,3,train,2a4d0ff348dec7f56acbe89f117f9c3a1c6cf49f850c34b9e64b82d962a5cb14,0e8f0f17130f0f86,
dataset/test/notumor/Te-no_0226.jpg,notumor,no_tumor,3,train,a81f7e980d7a7c505c767f190fcfe9a1a26d95d37a2b47eb298189f17c2664fc,8c0e0717572b3b36,
dataset/test/notumor/Te-no_0227.jpg,notumor,no_tumor,3,train,af3a5a150f38b60ff57b622aa110b8dd2d5d491863423f1f44e5fd026bed55c0,0f0f2b2b0f0f0f0f,
dataset/test/notumor/Te-no_0228.jpg,notumor,no_tumor,3,train,242ee1264a90bdbdcae4407c3b19c92cea55a539f91684fbbca3053b1e8575e5,8e17554d4d5d339e,
dataset/test/notumor/Te-no_0229.jpg,notumor,no_tumor,3,train,a77f0f86384232937a28fdc339f532280527d79b054b33735629baa7d16f2224,0f073b1333331717,
dataset/test/notumor/Te-no_0230.jpg,notumor,no_tumor,3,train,aafa93e0d2c7ff5ba569ba4fb2827a0d2f8de9e504b6a0c665f21b32f9c9acde,172b5569692b2b8f,
dataset/test/notumor/Te-no_0231.jpg,notumor,no_tumor,3,train,31cfa0658fc9cc6ba069c9c636328a0f46ab4d2b9b8dbd7a8fb643fa2e3823ac,072b2b2b090b0f0f,
dataset/test/notumor/Te-no_0233.jpg,notumor,no_tumor,3,train,a45633b3a8d8401df054d9cfe854a381ea92b7a126c1aa724dcb32d7dd64360c,8e0f172b3b138f8e,
dataset/test/notumor/Te-no_0234.jpg,notumor,no_tumor,3,train,c5f33f23dde6d620be3f6fd9a3bf1e4661060d1cb3d63eaf8a2319c8f4fdef99,0e060f17160e0e0e,
dataset/test/notumor/Te-no_0235.jpg,notumor,no_tumor,3,train,b2294911cd2da98ce460f115495f94ea25b1fca8fcd1375beb9f35cb118bb6c2,0c16171f1e1e1e0c,
dataset/test/notumor/Te-no_0236.jpg,notumor,no_tumor,3,train,379e628dcef2c16fb0e235fe11fa1cdb8c1933ba90b50450ad09ca582818c607,870f290b23330f0f,
dataset/test/notumor/Te-no_0237.jpg,notumor,no_tumor,3,train,8b38243b308cd7d7b955c9a5956f975013b6a1ec0ace0649baad609cd3e5efef,8e0b1b23331717cc,
dataset/test/notumor/Te-no_0238.jpg,notumor,no_tumor,3,train,70abbc769638ec5b8a2131f711c0818fcea2200efeade66b056c0304b8d6ac15,0f0713331317178e,
dataset/test/notumor/Te-no_0239.jpg,notumor,no_tumor,3,train,c9a25aa1846eeba7f1b93f04450e4e539c23f72487d4d3f480a4070e41b94279,0e0f333313070f0e,
dataset/test/notumor/Te-no_0240.jpg,notumor,no_tumor,3,train,e7d7519b2166b43f9d0649b9296203e320fdfbe5bc7574ca5c44277e3b0aa505,081e0f2f2f0e0e08,
dataset/test/notumor/Te-no_0241.jpg,notumor,no_tumor,3,train,c328848117fddb89865115c33abc9f37fe7e20b1796f63b6d32a41f5c3864534,160f137331313317,
dataset/test/notumor/Te-no_0242.jpg,notumor,no_tumor,3,train,abba31588ca61e0e187b96df582a163065acb504330099fb6481e1d4a0dfd410,0e1e0e16160e0e0e,
dataset/test/notumor/Te-no_0243.jpg,notumor,no_tumor,3,train,60fda5f0fd5cd620e8438d5ea355dffb418758231259c12c020f29003aacbbf9,0c1616060606060c,
dataset/test/notumor/Te-no_0244.jpg,notumor,no_tumor,3,train,d37292c2ae57928abb7f819330c117bd7dc36fa73e5254129175e79c0596ab12,8e17331b1f1f178e,
dataset/test/notumor/Te-no_0246.jpg,notumor,no_tumor,3,train,cff1e25a42d5e1ecf2d40121e97c66459f1561fa441c3309b4f0e5890058330a,8e0f170f2b0b8f0e,
dataset/test/notumor/Te-no_0249.jpg,notumor,no_tumor,3,train,9528d23a8934f91c0274dd38ed509f32f76f5a91211a91ff66e29a3f684dbde9,0607171333171b0e,
dataset/test/notumor/Te-no_0250.jpg,notumor,no_tumor,3,train,3cded13f4a002554cf6893b780605b815a5e4d22490c961b11e0a9c5b0df65dd,173733317169331f,
dataset/test/notumor/Te-no_0251.jpg,notumor,no_tumor,3,train,a7d97f4ad633141046b70df1616a484bff3897a666adb14a6fa5ba80219e05a0,8f0f17373313170f,
dataset/test/notumor/Te-no_0252.jpg,notumor,no_tumor,3,train,00b2e47403043bfd763fb38f6da266edbbc131e4f9f2f9f29365f2606cb8adaf,0f4733b2b2aa510b,
dataset/test/notumor/Te-no_0253.jpg,notumor,no_tumor,3,train,2257551885c49ea89de39796426612e72afc4b8dfbae41de3b48b7d6172d355c,0607373173733316,
dataset/test/notumor/Te-no_0254.jpg,notumor,no_tumor,3,train,0690cee012a313480aa1c85b98917d3b531cce6fa89cff0a48ad392e2184c4ef,0d0e2f2f232b0f0e,
dataset/test/notumor/Te-no_0255.jpg,notumor,no_tumor,3,train,d9a86295c85f4d01298103ff41c927489464c3188b6c6b55a6f3e693a51c7497,17171717172b170f,
dataset/test/notumor/Te-no_0256.jpg,notumor,no_tumor,3,train,1f658d6c5ccfe82dc6964698acd49df741c13e379d6a9bf0e93f193bc5c370e0,0f0f2b2b3b3b0f0f,
dataset/test/notumor/Te-no_0257.jpg,notumor,no_tumor,3,train,ef2090ad142b1f2de51dba879f4bf668b9ba3440a66f6bdcbdd86a018b2e7e59,171733331717179e,
dataset/test/notumor/Te-no_0258.jpg,notumor,no_tumor,3,train,c3ced0772b5267ea953abc433f0a367bbc65b7957678c8b37b337a32745e900b,8c0e13131717968e,
dataset/test/notumor/Te-no_0259.jpg,notumor,no_tumor,3,train,fbc75558a261df5c9f6ed8567f89214691bff537afd5b273a9f9da424de53242,1633737331370706,
dataset/test/notumor/Te-no_0260.jpg,notumor,no_tumor,3,train,93ce87a086e1e618a98722a1b63eebe82e58cef09ce62319c6be514dc8c49a5c,0e0e0717172b1f16,
dataset/test/notumor/Te-no_0262.jpg,notumor,no_tumor,3,train,d4b7e4a666384417200b66057a757e4e2e7a7a47f63d7d02dfea4d647c941098,0727296d4d6d2f0e,
dataset/test/notumor/Te-no_0263.jpg,notumor,no_tumor,3,train,2d29b3697261f7cc096374f4d829c4c1b1c283d39b420a4fb3cedcd7fbdf7cc8,0e0f2b2b2b2b0f0e,
dataset/test/notumor/Te-no_0264.jpg,notumor,no_tumor,3,train,ae9bc89a633d4319bcae3d87d143932f21944f9f36009a33f023623a3e096b03,8e0e1b2b23270e8e,
dataset/test/notumor/Te-no_0265.jpg,notumor,no_tumor,3,train,47d04966746d27a884a0a94ef820b3442199321d7cb2a385f2c9ed12f9ada160,3b55aab2b213472b,
dataset/test/notumor/Te-no_0266.jpg,notumor,no_tumor,3,train,e7c6c088b19bfd19972e94a53002be30e60687a53069b491432c683d8b512b46,8e17133333170f0c,
dataset/test/notumor/Te-no_0267.jpg,notumor,no_tumor,3,train,67647d90e32510a072c7b69bf670b128f8fe5ac150de427ff9f0c71d27dfd8c0,8e1f333b1f1f170e,
dataset/test/notumor/Te-no_0270.jpg,notumor,no_tumor,3,train,c0f887e78c46dbfe1db490d2bc83cb13907814f18efde3725cc89bf072aa1af7,1633737331370f06,
dataset/test/notumor/Te-no_0271.jpg,notumor,no_tumor,3,train,bebfbdc47984b1e96ff63f504bd2b7bc8d56e9bc7c78f797f1632fc87ca86e53,061737331733170f,
dataset/test/notumor/Te-no_0272.jpg,notumor,no_tumor,3,train,bdfb9cd96d1a0542c62ecb307ca032cb139c13b9a3744fdaaf210bb1aeb035cb,0e870f0b0f1f0b86,
dataset/test/notumor/Te-no_0273.jpg,notumor,no_tumor,3,train,0974b904462498043bd2c2445fb36b3cee3106704dbc5efd72d58fc2185e3a38,0e0e0e16170f060e,
dataset/test/notumor/Te-no_0274.jpg,notumor,no_tumor,3,train,280636ea1e5488c70436db9f892bfacbb86840a995599d258f82c6fb71b558ec,1e1f137331313307,
dataset/test/notumor/Te-no_0275.jpg,notumor,no_tumor,3,train,3d89050c04bdf8ff01872dca2745e7b3eb4619408a91895af501f261396aacdc,1733313173130f1e,
dataset/test/notumor/Te-no_0276.jpg,notumor,no_tumor,3,train,25ec79f41a81254e4294290bbba9009612df147f783c57b780c187ebbd590bdd,1e1f137331313317,
dataset/test/notumor/Te-no_0277.jpg,notumor,no_tumor,3,train,0ccd5c41bc34ca5a5d786304ea205e5853b53a0c9910647fbf94bdab4d18a2f8,17171717170b170f,
dataset/test/notumor/Te-no_0278.jpg,notumor,no_tumor,3,train,28c5b584e9a091aef8104b3604a1fe398ad50a8b789dca797bfd217bc32520fe,0e27173337171e1e,
dataset/test/notumor/Te-no_0280.jpg,notumor,no_tumor,3,train,90d69921bf6cec9579137286118cc8dcab6c69dbdfdedecd30836205c831c98a,0f17331733371706,
dataset/test/notumor/Te-no_0281.jpg,notumor,no_tumor,3,train,663191f5774d2101421ac6034c9a60dd569aaf8a6df8eedf38f1eee26a191133,2375aab2b2330d07,
dataset/test/notumor/Te-no_0282.jpg,notumor,no_tumor,3,train,594d30ef1a019c97ca0cd89ab5f482f1d90b4dbc69b0573598ddf11586b73c29,862b0f0b170f8e4c,
dataset/test/notumor/Te-no_0283.jpg,notumor,no_tumor,3,train,746ccb63ba3cae205efe71cb17fb0fe6dcce2c5d32eccc114938d7c9ea9dcee4,0e060f17160e0e0e,
dataset/test/notumor/Te-no_0284.jpg,notumor,no_tumor,3,train,f80ee7b2f96dc3fb29824879ef0493375cbf1153cd8d85ff582b39f18274af5e,0733313173131f1e,
dataset/test/notumor/Te-no_0285.jpg,notumor,no_tumor,3,train,01d6f79df4e89be572226df536662fda01cdf6bc559cdb670b7988150c95baa3,0f0f4d0d2b2b0b0e,
dataset/test/notumor/Te-no_0286.jpg,notumor,no_tumor,3,train,0a1206270c878755fedd89113aa88ddbdece0c14479eaaf8fa31aa96047eb920,0f1f37333717170e,
dataset/test/notumor/Te-no_0287.jpg,notumor,no_tumor,3,train,e8ff2f90f986eb46e5a02e44eb7ebccee745351e39e2dea56f5f5478b2846bf4,1f1b6b494d490b0e,
dataset/test/notumor/Te-no_0289.jpg,notumor,no_tumor,3,train,73d14522443ae77a42104d0af32ecfd52be00561901e1acc11abf6b7aecf31a7,87072b712b2b2b0f,
dataset/test/notumor/Te-no_0290.jpg,notumor,no_tumor,3,train,b81012ff4dc4fc662b480ffa65af02235b86a7e98859309cedd2d0cd4741b8c4,0e060f17160e0e0e,
dataset/test/notumor/Te-no_0291.jpg,notumor,no_tumor,3,train,24341b1aa8a39afa3025c36053deeda9ccfa5c22f56b2f6da87e86600286c542,8e0733230707160e,
dataset/test/notumor/Te-no_0292.jpg,notumor,no_tumor,3,train,be0153fac9f55d0153d15bc1271a28786339c2a1858a1043de1cfc22b7e6ebbf,8e0f2b2b2b2f0e8f,
dataset/test/notumor/Te-no_0293.jpg,notumor,no_tumor,3,train,8b67bfdbb4ee51f71e1d14e29a8cd66de520030530f334bf39ea4060cfeb2e62,0f0f0f0f2b2b0f0f,
dataset/test/notumor/Te-no_0294.jpg,notumor,no_tumor,3,train,83844b3d670274f2974a21e3340c8fddd779179062bfa20c7776597945c9fcfb,0e17173733371f0f,
dataset/test/notumor/Te-no_0295.jpg,notumor,no_tumor,3,train,16cbcd4b6ff959fe9b0dcb022d3c72fd9223eae56b82b1b6d7f94b4311ae9b13,0e0f2b2b2b2b0f0e,
dataset/test/notumor/Te-no_0296.jpg,notumor,no_tumor,3,train,c025f3273aa36fff1f376470bd49d748c390309689a2da35e286e518ca287423,0c0e0f0b1b0f070c,
dataset/test/notumor/Te-no_0297.jpg,notumor,no_tumor,3,train,6cbe8f179993b963c68b30b932414fcfdc7a1e4d65f8a889393786ca52b12e42,0f0f1333332b070f,
dataset/test/notumor/Te-no_0298.jpg,notumor,no_tumor,3,train,fd9011ef7b383abab4862b3bfe0cff93c0e8c3f6fa5d7547164b805346b60988,0f2f33330b290f87,
dataset/test/notumor/Te-no_0299.jpg,notumor,no_tumor,3,train,8604d28ecdf53fc9c4836bb1f77880f8b1220c6d344c8a6c464c4bb08571a663,0e1717171733178e,
dataset/test/notumor/Te-no_0301.jpg,notumor,no_tumor,3,train,df4d9fdaa7eec746b20ee55e90bb7ab457b15f6bf1cf0e94dc246d20509216c5,4d0f0b0f0f0f170f,
dataset/test/notumor/Te-no_0302.jpg,notumor,no_tumor,3,train,bda5c19bcba8c9e60f42ea8b9f49a505193b9a1db9cbd9d9c8c319c8ec9b7465,8c1e173717171f0e,
dataset/test/notumor/Te-no_0303.jpg,notumor,no_tumor,3,train,c3a65f6c4a3cb7ab91fc247a8cab49d12f7af231169fbf6f6cba107eeeaaf32d,1713337371693307,
dataset/test/notumor/Te-no_0304.jpg,notumor,no_tumor,3,train,727fdb903dca705969e7a0f037e2b2e6b8ffd920f0128cead1244ee1350eaf02,060f373173733316,
dataset/test/notumor/Te-no_0305.jpg,notumor,no_tumor,3,train,dc8a25950f072b9830140f60f08958ea8bea1716b96d5f8c7b09017bd4ad67e7,0e17373212b3551f,
dataset/test/notumor/Te-no_0306.jpg,notumor,no_tumor,3,train,d7dadef50e1d0969ade23dc91d13046d6b033ba468ea8ef183852f90410f3824,070d32b2b2aa710f,
dataset/test/notumor/Te-no_0308.jpg,notumor,no_tumor,3,train,2b67bb1ece83952bb4b2c9ec59d54c7a518995482879719460ffbb81ca778f73,0e0e0e16170f060e,
dataset/test/notumor/Te-no_0309.jpg,notumor,no_tumor,3,train,595703f13f08668ed8a34af782f3c811ca2db45531c22119cdda94a5ad5ee07c,9e96171737370f8c,
dataset/test/notumor/Te-no_0310.jpg,notumor,no_tumor,3,train,68c50d0be891e784f7dca8123b8c47824152b5de2c6e62675388b0c97f49fb9c,1e1f13733131330f,
dataset/test/notumor/Te-no_0311.jpg,notumor,no_tumor,3,train,afe63d04ecd312962bc94970b8f620b34852dabd6615a87103fd0cbb0e07eecd,17171717170b170f,
dataset/test/notumor/Te-no_0312.jpg,notumor,no_tumor,3,train,1e44b71c22ab1a43fb2a826ffd891836f4da274a1cc1592eba5874740a0da375,0c16171f1e1e1e0c,
dataset/test/notumor/Te-no_0313.jpg,notumor,no_tumor,3,train,a4f7ffa0151517981caac09cca4147ecec0c3b7b870f94bc3527c9347da91b7c,0f0f232b2323070f,
dataset/test/notumor/Te-no_0316.jpg,notumor,no_tumor,3,train,b9c2198b65793dc4ccb1fbac1315585d082e98d843c2ff65b075e76ef19c2d26,1717333317171786,
dataset/test/notumor/Te-no_0318.jpg,notumor,no_tumor,3,train,62c541f95af8df01298430229472ec2222aee1b3e86fb5db0514b3f21ceba18a,862b0f0b130f8e4c,
dataset/test/notumor/Te-no_0319.jpg,notumor,no_tumor,3,train,22db103cd92605f57bd607dba921ae6c5f9ef94d26af43118f2a689cece6da32,060b1f0f0f0f070e,
dataset/test/notumor/Te-no_0320.jpg,notumor,no_tumor,3,train,2ab3a688db57e9a3254bcce98816ab1f595692507fdc67ff1f34115137d2deed,1f171717171f1e4d,
dataset/test/notumor/Te-no_0321.jpg,notumor,no_tumor,3,train,6802e005b6a69a8d9b5445afa0af0653dd2f1ebfe64be0164d8e57b7ade82b40,0e0f17171717070c,
dataset/test/notumor/Te-no_0322.jpg,notumor,no_tumor,3,train,83247f5e7555d6c1460155fa86831957dc168b9aefa161ad4d4697348e6b3f9a,081f2b3b2b2b0f0c,
dataset/test/notumor/Te-no_0323.jpg,notumor,no_tumor,3,train,86fd88b29277a9b4a3c030bc08d812487e57bbe9546316b5a8677374be01307b,8e17133333170f0c,
dataset/test/notumor/Te-no_0324.jpg,notumor,no_tumor,3,train,3cc7391d7b2fd7b9551b42368e2095d003c69de9058325153abeef4d1ea22a24,8e1733171717178e,
dataset/test/notumor/Te-no_0325.jpg,notumor,no_tumor,3,train,607c82b15de2a706845aed2b626f063763fb088650568ff9d90045fc607bf4e3,8e1f371317170786,
dataset/test/notumor/Te-no_0326.jpg,notumor,no_tumor,3,train,7d01bbb2636442ded3fb98c6419e9afcdf9437d1b29c41dada9a693eafa185a4,1633737331370f06,
dataset/test/notumor/Te-no_0327.jpg,notumor,no_tumor,3,train,5a270fa464a65a28efa387eded79c7f88f53cd1e6d317cb93c58a0487b92fc10,171733331717179e,
dataset/test/notumor/Te-no_0331.jpg,notumor,no_tumor,3,train,65faf6f1ed96358f3345a8d62a9b5725b8cc25e6e4cecde4913e4cc258284b24,0e1e0e16160e0e0e,
dataset/test/notumor/Te-no_0334.jpg,notumor,no_tumor,3,train,088ffc53ae84dcdf8828c0a3575509fdc968bc10c76b9ea6f660f45030794402,0c0606060616160c,
dataset/test/notumor/Te-no_0335.jpg,notumor,no_tumor,3,train,b7c762864deb4ef105fca841b5a1afe0e9e808120c7b8108c424834115db4b83,0607171333171b0e,
dataset/test/notumor/Te-no_0336.jpg,notumor,no_tumor,3,train,c53310fed44fcf3403391bbc879c780dcdd0235c82c815b355e1ffa7b4e6d5c2,0e3737373337270e,
dataset/test/notumor/Te-no_0337.jpg,notumor,no_tumor,3,train,3a7d8f1f3d8918535f9c0c635eeb1c11988e7535e92b7900456233ea4f751658,173733317169331f,
dataset/test/notumor/Te-no_0339.jpg,notumor,no_tumor,3,train,7f69024063af1eae26d8e5130be2a6759bbbe9d65868c4118d16d94578e3b87d,cc8e8f0f071786cc,
dataset/test/notumor/Te-no_0340.jpg,notumor,no_tumor,3,train,2f3e22d5c6671d75b83c19a914da7912380d2c7d6d8133aabf43fbabdedcabaa,0f0f4d0d2b2b0f0e,
dataset/test/notumor/Te-no_0341.jpg,notumor,no_tumor,3,train,2aae70b027900227e8231bcbe96add1b1db0e5cb133921b7c6f2843772883ddb,4d06071717171706,
dataset/test/notumor/Te-no_0342.jpg,notumor,no_tumor,3,train,0d5a11f8145fbaf4a93a817b52f97bb07632b3e594641ccd9bed80b0f2d8e6c7,0c0e2b2b232b0704,
dataset/test/notumor/Te-no_0343.jpg,notumor,no_tumor,3,train,56ad54c38a86ce30a656f7ca7e8d471ac2c610bf18998a479ec24dcc642ea37d,060737317373330e,
dataset/test/notumor/Te-no_0344.jpg,notumor,no_tumor,3,train,2951bdc4c00830e1c7dde699b29f73d5ed6da25d5568015d717df71f618124bb,8633454d4d51178e,
dataset/test/notumor/Te-no_0345.jpg,notumor,no_tumor,3,train,b7e2936db41a242ad87eb24730819014becebb2185ad89d87bb1200e6afa4dd8,0e2b2b6969552b17,
dataset/test/notumor/Te-no_0346.jpg,notumor,no_tumor,3,train,88e225b7f280c09382a4378156be3a32d1b63db11ed70f12abe834b49e68078e,080e0e2f0f0f1e08,
dataset/test/notumor/Te-no_0347.jpg,notumor,no_tumor,3,train,258c4034102a30d0f445403b87f6f75d576a81016efcf40dc2a9f0dae37dc1bf,0e0e0e16160e1e0e,
dataset/test/notumor/Te-no_0348.jpg,notumor,no_tumor,3,train,d6b226a893ebd76213c88be9ed2027949f992d8143e179b7d610049cf1760fc5,0c1f17173333178e,
dataset/test/notumor/Te-no_0350.jpg,notumor,no_tumor,3,train,fa9f674b6ffedd110c1f810224d96c9020190ceb5b4ae13de43d83a8dfc183b3,8e17514d4d453386,
dataset/test/notumor/Te-no_0352.jpg,notumor,no_tumor,3,train,223b04f04b521e9c8bc13138eab633c03010c2ad883b5c651bef8f329bf55ee1,0e0f2b2b2b2b0f0e,
dataset/test/notumor/Te-no_0353.jpg,notumor,no_tumor,3,train,19a55bf4da0433f3ea4f6288d30b374dbbd7eca0afc7f6e5bbcde61bc06f905d,1e3b2b512b2b2b0f,
dataset/test/notumor/Te-no_0354.jpg,notumor,no_tumor,3,train,61074d5748252bceda041cf7ffdd8541a8f73fdf1d5e1ee2cb761cd6d42b8d2e,0d1f2b3333370f0d,
dataset/test/notumor/Te-no_0355.jpg,notumor,no_tumor,3,train,688f68eb9ce54f8ce6619604fb7984244c6f2d15186c37af709c2c0b7e068f01,8e17333b1f1f178e,
dataset/test/notumor/Te-no_0357.jpg,notumor,no_tumor,3,train,9c8566b89cef0c2467648a9415dbea5b8d6022bbea515d5bbfb6935eb37fdded,172b5569692b2b8f,
dataset/test/notumor/Te-no_0358.jpg,notumor,no_tumor,3,train,b7921b268bd83a7dff08c9a5403f0998a508f902a324733d357194f1df6715b4,8e0f172b3b138f8e,
dataset/test/notumor/Te-no_0359.jpg,notumor,no_tumor,3,train,56edc5184238c1c9cdcd9d5fafcd58f669b91000b04b68f0ca8434a359965d13,0f072b3333130f0f,
dataset/test/notumor/Te-no_0360.jpg,notumor,no_tumor,3,train,4027f57058e5a0c1588162fc70b04a2662d37b194561b7c2345a1022572b1039,870f290b23332f0f,
dataset/test/notumor/Te-no_0361.jpg,notumor,no_tumor,3,train,087372e4a26a25cdb85b53cc04a5bcd76fd1901d58deb09a6db4bf8d46eaca78,8e1723230707178e,
dataset/test/notumor/Te-no_0362.jpg,notumor,no_tumor,3,train,b703c66346fe60a9d59f7716c69a08352d4811712c086ab67ed98043d3c6ea00,363b2b5717070e8c,
dataset/test/notumor/Te-no_0363.jpg,notumor,no_tumor,3,train,2dfc7033d3ccba1b5fbe075921fea29859529d21601c056d5d1cbdd243544575,0f0723232b2b0f0f,
dataset/test/notumor/Te-no_0364.jpg,notumor,no_tumor,3,train,3918e991adb558874b56fc946c0a2beea7bda9e69ff04ab76a68cce72feaf986,0f0f2b2b4f0f0f0f,
dataset/test/notumor/Te-no_0365.jpg,notumor,no_tumor,3,train,2cb17e0b64010e0dbe87f9509c1901b37bd685025f77e6a7de68e848824b63ac,0f0f232b2323070f,
dataset/test/notumor/Te-no_0367.jpg,notumor,no_tumor,3,train,c421fa5fbec5e891e4300964ea3070e20e5549f25f39f9f16f79592315dcf4fc,0f0f0f0f2b2b0f0f,
dataset/test/notumor/Te-no_0369.jpg,notumor,no_tumor,3,train,d83c5d1311f5b18f9e0999258477c14d760ef3f15759c3d6e14ed7867726a78f,0f0f3b3b2b2b0f0f,
dataset/test/notumor/Te-no_0370.jpg,notumor,no_tumor,3,train,46dd6b7c724ac9bc7e4c3777fbf940359e5d28ea88e883d198c25ebf10a7ba34,0d0e2f2f232b0f0e,
dataset/test/notumor/Te-no_0371.jpg,notumor,no_tumor,3,train,2c1e04cac4ebb0c1651decf0dc6216af60fb457cf78e6afcdf88a203d1d8a628,0c160e16160e0c0c,
dataset/test/notumor/Te-no_0372.jpg,notumor,no_tumor,3,train,db9e5d5c901a9e8718c183fce12e4a0f68d625e9e78653033edec15e639ae6e0,9e2f070f2f0f1e8f,
dataset/test/notumor/Te-no_0376.jpg,notumor,no_tumor,3,train,0011de7faaf7597aec4b3d1ec2db09f248631d63bfb642132000175e10f9dd92,1f1333333337171f,
dataset/test/notumor/Te-no_0377.jpg,notumor,no_tumor,3,train,a166849da7c11fa637dfa5c3d05b0ff31687c70b611830bed9e71e6d8300dfc4,8f1717133313070f,
dataset/test/notumor/Te-no_0380.jpg,notumor,no_tumor,3,train,330669bc3f31f0a0b5fe0417f63e8e23390bc70b4ed89c129cf15965d3007588,0d0f3733332b1f0f,
dataset/test/notumor/Te-no_0384.jpg,notumor,no_tumor,3,train,0af60c47354b99743ce9bde809d51ab3013dfff2525959f8abfac8f66444efd6,0e0717131717078f,
dataset/test/notumor/Te-no_0385.jpg,notumor,no_tumor,3,train,d57e5bdb3139c3226b6ffce5dd86a81afe7ff5ef06f461a56e9cb9ac228777f1,9e17171733331717,
dataset/test/notumor/Te-no_0386.jpg,notumor,no_tumor,3,train,e7e10cd4bd501d80d95bc36dde99c4d4acf5559cbb55edbd40e47bead70700e3,cc8e8f0f071786cc,
dataset/test/notumor/Te-no_0387.jpg,notumor,no_tumor,3,train,68bf480ebb23af05864320f4bb68a8b1d767a328add79dc79fba61475eed671f,000e1e3717170f0c,
dataset/test/notumor/Te-no_0388.jpg,notumor,no_tumor,3,train,bfd5da402bf774d86a07b6f91e2b33b2fb03fe6ffae51edaa70b746072e195d3,0e0e0e16160e1e0e,
dataset/test/notumor/Te-no_0389.jpg,notumor,no_tumor,3,train,11d37b7c3a723327a2e7414f575e9de4d2b7a03fdbb1a0d42e37615e73a3e404,060737317373330e,
dataset/test/notumor/Te-no_0390.jpg,notumor,no_tumor,3,train,a5f04af2c32f63a75f026c1e705b635085e38a374a76689a67896f3b82b4041b,0e0f2b2b0d0f0f0f,
dataset/test/notumor/Te-no_0391.jpg,notumor,no_tumor,3,train,038322e4c3bfbdbb16dde783dc7bc8abcc4614507a25bba4ed9b0cfd33c892b2,331596b6b717170e,
dataset/test/notumor/Te-no_0392.jpg,notumor,no_tumor,3,train,3716ac6c18d07010f07494d5ebf180fd772ae8a85bc27f3e48021e4e4f0aa3ce,0c160e16160e0c0c,
dataset/test/notumor/Te-no_0393.jpg,notumor,no_tumor,3,train,c95cc473f65c7aaa2c846463783fd14b0a0ef232b74bf6bc2e77a316b6bea61a,0c1616060606060c,
dataset/test/notumor/Te-no_0394.jpg,notumor,no_tumor,3,train,c5db9542e1109eae3a41e8c86617bc8641275991d0c96c642d80f725d8ed9265,8e1f371317170786,
dataset/test/notumor/Te-no_0395.jpg,notumor,no_tumor,3,train,b3f1f58a76c665d55957444023f3e70524846123b940a918e24014092e104fbd,0e2737333737370e,
dataset/test/notumor/Te-no_0396.jpg,notumor,no_tumor,3,train,2481a26357f85d52f2bd6bf80ec97c520ce545c634cd79399a0e4e60f76e2476,0733333333131707,
dataset/test/notumor/Te-no_0398.jpg,notumor,no_tumor,3,train,d92598dc2f94e16665374dff404f086feaf0c9a9f0078c213bfdf9784d0abf19,171733331717179e,
dataset/test/notumor/Te-no_0399.jpg,notumor,no_tumor,3,train,aee63f2e2951c00ec01e908678011066364c8fe01ebfd30d4884a4e2c3dc621a,961b3722230f0f27,
dataset/test/notumor/Te-no_0400.jpg,notumor,no_tumor,3,train,18947ac94e2b34115816ad609b3945088b7df2d66328fb923bd2bd4b126813ba,07552297b313138e,
dataset/test/notumor/Te-no_0401.jpg,notumor,no_tumor,3,train,58beca790e51f5b0edb6d50827aba16ee6dd340b6276eafa9355fb6b9c476068,87971f07178f8f8f,
dataset/test/notumor/Te-no_0402.jpg,notumor,no_tumor,3,train,ccfd2ed5cf8341fc0cd00e6d36133e42fb17dc55ac06238f1f7176a2d90d428f,9e2b0f2f170f8e4c,
dataset/test/notumor/Te-no_0403.jpg,notumor,no_tumor,3,train,3bda9ccc56d506972551e0ece135cbcebf5e5baa3850ab2fb0db3d2afabab36b,0c0f1717371e0e00,
dataset/test/notumor/Te-no_0404.jpg,notumor,no_tumor,3,train,5e97761193409b958825fbb6fd5ee754810eca21276228508b44b8f01daeefff,0e1e0e16160e0e0e,
dataset/test/pituitary/Te-piTr_0000.jpg,pituitary,pituitary,2,train,97a04c2e1d1994e8a0bd27662e357f3fa3ec7fd847e0f0773f7ef013abe7e167,0f1313111d172b0f,
dataset/test/pituitary/Te-piTr_0001.jpg,pituitary,pituitary,2,train,3e802dd22f483ce4d442fe2c7f1890c1c810ec8c1131b364fd4e4593bf0f268a,8e17574d4d552563,
dataset/test/pituitary/Te-piTr_0002.jpg,pituitary,pituitary,2,train,63000f371bfe65f1ddf892f4a8930e5d03c699eca8b11e7cfcc848bb6bc41a11,0d171f2b33330b16,
dataset/test/pituitary/Te-piTr_0003.jpg,pituitary,pituitary,2,train,1bbfc73287665f5100d95ebde02161334e78ea680a36aa3a75ab7f32c0744728,030d332b4e291909,
dataset/test/pituitary/Te-piTr_0004.jpg,pituitary,pituitary,2,train,96546e5b1565521dcbe93da96e5ee7796d1ec73f01031c6e300966f0419e3b9d,0345332b43292913,
dataset/test/pituitary/Te-piTr_0005.jpg,pituitary,pituitary,2,train,47c7effe2e98d694f7544d7488d1a5ce5280fa43cc5437943faf0c20405af396,863317a1d34deb2b,
dataset/test/pituitary/Te-piTr_0006.jpg,pituitary,pituitary,2,train,e70846e753bbfee41eb1694d480d066b48ec015b5a1e9ebb7c8bc6afa5251765,4487334d0125a31b,
dataset/test/pituitary/Te-piTr_0008.jpg,pituitary,pituitary,2,train,33e7ac04d5ce8666c5b02fddbb2f97011920dedb90a94d1375bc3886ccc02796,860327435b652119,
dataset/test/pituitary/Te-piTr_0009.jpg,pituitary,pituitary,2,train,34e1650e051aec62b84827e25a7f1837af279eeb3e179bc80972f3eb3217fa8a,0f17332b0b152b0f,
dataset/test/pituitary/Te-pi_0010.jpg,pituitary,pituitary,2,train,52e449fe6598d1539378cc4442bd5589ed6e5706a1f00bf068bb84fcacef6469,0f1f1773172b2b0e,
dataset/test/pituitary/Te-pi_0011.jpg,pituitary,pituitary,2,train,18fcd943c6a08991f9712ed6c189d48c6a26e702a30d5f93696fc577c8ad7b8b,0e17554913051b0e,
dataset/test/pituitary/Te-pi_0012.jpg,pituitary,pituitary,2,train,03778458c3d82abe8d8321a33cb39174e167e0657a3f2c0226f0bd786356ed08,0f27234d4f1b0f4d,
dataset/test/pituitary/Te-pi_0013.jpg,pituitary,pituitary,2,train,5d7bda7d1708d7fa99d8803b3f7618526c8ab05cce97cc86b72d9a62a70a51a4,0f274b77633b0f4d,
dataset/test/pituitary/Te-pi_0014.jpg,pituitary,pituitary,2,train,5c82cb4942ffc799e697fa294c42a3f102a252c079648c61388d7a08a9282fa7,0f37754d53552f8e,
dataset/test/pituitary/Te-pi_0015.jpg,pituitary,pituitary,2,train,b68c0e882d51fba50551bd3fa2e9745bf5e276318f06d92d02e465412481a54d,0e17354d53552f8e,
dataset/test/pituitary/Te-pi_0016.jpg,pituitary,pituitary,2,train,a14429678c724a789051707131286ff4954dd1c2669a8035584ef87b35ce66cc,0f17330b170f070e,
dataset/test/pituitary/Te-pi_0017.jpg,pituitary,pituitary,2,train,f8a7798ba87ed122f3dc2f62f5f207264140f22bc729fd554c0d1ff905841e96,0e17330b0f070f0d,
dataset/test/pituitary/Te-pi_0019.jpg,pituitary,pituitary,2,train,c627a4d72891adc77c9e470168d78029dd589b011b1b4075f4581efc0328025d,0f17170b0f0f174d,
dataset/test/pituitary/Te-pi_0020.jpg,pituitary,pituitary,2,train,952588620494092d634c5caaec91c856d0ea9dc8af3b0b2c6001372b9c234c44,0f17554d4f173f8e,
dataset/test/pituitary/Te-pi_0021.jpg,pituitary,pituitary,2,train,f4cba70913a9ee440210429ace9092907f9f1d572fc37b7679aa8753a9fbf05b,0f17556917170b8e,
dataset/test/pituitary/Te-pi_0022.jpg,pituitary,pituitary,2,train,df24e2a120109df9c7a083742c6ffff843d725e9478d6b93f512b31360c8685c,16174d4d17170f8e,
dataset/test/pituitary/Te-pi_0023.jpg,pituitary,pituitary,2,train,74fb0b99d9d3799baaf6ef49dbf94bd82a5d6b50d03789e1a29ecac5d42c3666,0f13171b071f270f,
dataset/test/pituitary/Te-pi_0024.jpg,pituitary,pituitary,2,train,e05e5a292b3603f4219afb59fbc92646b947493ec6ae2e0cb61fb076ebf9b0c1,1f172d4d4d4d270e,
dataset/test/pituitary/Te-pi_0025.jpg,pituitary,pituitary,2,train,bcb3cbba84b292001a485df1c654466a38138501afc768c4c746f63f26ee5c72,1f132d2f37550f0e,
dataset/test/pituitary/Te-pi_0027.jpg,pituitary,pituitary,2,train,f07e320314ee7d53e61865180aef0b589a845925fdda343a43e6488cf8e7e8db,0f1755696b4d2f0e,
dataset/test/pituitary/Te-pi_0028.jpg,pituitary,pituitary,2,train,3ec6dd3125cf6f2ea0bff149b4dfc1dad7852652ec8f48eda58d1b9a57a40ce4,0f17334f1f07070e,
dataset/test/pituitary/Te-pi_0029.jpg,pituitary,pituitary,2,train,ad64545a79954601bd908e93479e11be763c454bba61d87b7bb11ca0d66a2b9e,45071b6b4d0b170d,
dataset/test/pituitary/Te-pi_0030.jpg,pituitary,pituitary,2,train,f18b83533ee6c4341ca6025a01c24f070e33f3f6982a0c0eee447e03fd658ff2,0f37736b3333170f,
dataset/test/pituitary/Te-pi_0032.jpg,pituitary,pituitary,2,train,a42ead635ebc2449b2e5487bc48d39cd09c178f5b74df9492358aa650d535d46,06330d55552b0f0d,
dataset/test/pituitary/Te-pi_0033.jpg,pituitary,pituitary,2,train,fad7250ac04f17ff8976b44a3a889dd4bf0ec7a76d1f471bd09471409a1b578d,06373149570f0b0e,
dataset/test/pituitary/Te-pi_0034.jpg,pituitary,pituitary,2,train,e91fc2755bfe4f2b1d0e1d5b5db5a5bcd25199a11ff2454bd31386566f75a95a,1f1f33130f17170f,
dataset/test/pituitary/Te-pi_0035.jpg,pituitary,pituitary,2,train,3f3d571c976b7767d1ee6f9b2992f6d7475c4307225491821501b18cd15bfabf,0d17336b070f170f,
dataset/test/pituitary/Te-pi_0036.jpg,pituitary,pituitary,2,train,abbb6b040c916369958f66f7ca516973b83a57194b77ae4b95ad47b94bca6cbf,0e1755693337270e,
dataset/test/pituitary/Te-pi_0037.jpg,pituitary,pituitary,2,train,fb2e75a04f5bbaeebab66d069139051974f5106de5d9a0a1d11353e69f3a6432,0e1755692b13170f,
dataset/test/pituitary/Te-pi_0038.jpg,pituitary,pituitary,2,train,fc7991d79466cda940fedf33442a69121e6ab73921902120c41c02c2ca652294,1f17714d152f1f0f,
dataset/test/pituitary/Te-pi_0039.jpg,pituitary,pituitary,2,train,e59bdfbfdce599b2099f7d54e261221cd969dc8b6c3ac456f253a37bb78e9fa0,173b0f4d17130f0f,
dataset/test/pituitary/Te-pi_0041.jpg,pituitary,pituitary,2,train,b63b59e73d052b74ba5c9d5cf279d4ddacd7e23a56368badfc20321c5a4931ec,0f372b0f330f070f,
dataset/test/pituitary/Te-pi_0042.jpg,pituitary,pituitary,2,train,915ef7a80a561704be70b4b07f6c94fc6d08da061dbf146bbc6f15eec760744f,8e17554d71154513,
dataset/test/pituitary/Te-pi_0044.jpg,pituitary,pituitary,2,train,39f4f7b252d7809d8d3d2e4521607de2195bf0f66c0592587b1cebd632aac640,0e17330d0d0b230e,
dataset/test/pituitary/Te-pi_0045.jpg,pituitary,pituitary,2,train,02799f7863d49de182357e72179f3cc4e65e70099355f2d5aa2e39d356e492d9,8e13795d55557517,
dataset/test/pituitary/Te-pi_0047.jpg,pituitary,pituitary,2,train,a0c7c1f801ffd0d505f70e5d1dfa4c135f1af49b35bce0f0b895ddcd16548729,1717133323715d1f,
dataset/test/pituitary/Te-pi_0048.jpg,pituitary,pituitary,2,train,18fc98377738f9e3524e730730bb6b58f1523a4e28e0868fcda330f57c4a5deb,9617554555170f0f,
dataset/test/pituitary/Te-pi_0049.jpg,pituitary,pituitary,2,train,004f9655d6baf78b265cc9ae3766e250550d13a82e0405427dfc6fedc53af132,8e17132333330f0f,
dataset/test/pituitary/Te-pi_0050.jpg,pituitary,pituitary,2,train,e783287438a43ba7603c57b22db6803a793fa62b6772de6ea34f0b5e5dcf8a2b,8e1717176955170f,
dataset/test/pituitary/Te-pi_0051.jpg,pituitary,pituitary,2,train,35523a9ac4384cb741dede1a16e5e87f0f45706ed12a4febb483557e54e447ac,2b77757165776b2b,
dataset/test/pituitary/Te-pi_0053.jpg,pituitary,pituitary,2,train,deec7aff06af37f73f4f52aa619fade1a535f10c1fed7ff21a7ebb2a41caed97,0b17754d57452f8e,
dataset/test/pituitary/Te-pi_0054.jpg,pituitary,pituitary,2,train,7f2491517a7dd89e580bbd9a8bf752dfc0d91f7ad145b631c3fa6308319b3126,0f33596971692b0e,
dataset/test/pituitary/Te-pi_0055.jpg,pituitary,pituitary,2,train,b5e17076d1427e41a618f92bc72100c1be4df26608223512aac51c911ac1eb88,863355574d4b3b73,
dataset/test/pituitary/Te-pi_0057.jpg,pituitary,pituitary,2,train,9551993deef67b63c1636ff187a8da8a4f54647d1375d47eac39d8130b4b8a84,0e0715693333071f,
dataset/test/pituitary/Te-pi_0060.jpg,pituitary,pituitary,2,train,9ff5d43b4a267f10efe7fbdcbf9663a5800cf8e7f23069ef6a7535d1d6e3cb8c,0e175d6d370b2b8e,
dataset/test/pituitary/Te-pi_0061.jpg,pituitary,pituitary,2,train,956b33372919ef872dca162d06e1b4e1c98f78ab282fc39217bcabbd9d8e781c,0e13314d09072317,
dataset/test/pituitary/Te-pi_0062.jpg,pituitary,pituitary,2,train,3aff5fcb53f54f2afd438d58ba516b33f23640600073976cb33fd94d7a872383,8e175545332b130e,
dataset/test/pituitary/Te-pi_0063.jpg,pituitary,pituitary,2,train,bac63baaf058255ca0d9d4759838a5e0509199041f0077b085d4fcb9fe90b38e,0f17570f3307170f,
dataset/test/pituitary/Te-pi_0064.jpg,pituitary,pituitary,2,train,fb928dfc865d890ccabdc6bc68fcdefb2aff3313e8a4250ccd7b782f81d49cf5,1e17331b17172f0e,
dataset/test/pituitary/Te-pi_0065.jpg,pituitary,pituitary,2,train,2ff4148f9df002d656776798bd105ecf6d968798386ef1739faef5588700ffe7,0e17155173552707,
dataset/test/pituitary/Te-pi_0066.jpg,pituitary,pituitary,2,train,08690b76457b2b44d58682cece62ec951ef6d30d935ce07df852e97d44434680,0e17734973072f0f,
dataset/test/pituitary/Te-pi_0067.jpg,pituitary,pituitary,2,train,072eeee84d845fd213006173f6d01db3852dbdd3650fd230420740e3c1324226,9617174d0917070f,
dataset/test/pituitary/Te-pi_0068.jpg,pituitary,pituitary,2,train,ff1dbba4d7d9402f7a6d2d664d3e48aed2edd7745c502ba9b9796f527878791c,171717550d333733,
dataset/test/pituitary/Te-pi_0069.jpg,pituitary,pituitary,2,train,8e7992d5e6672900154533f7ef70e971a5a2be363416a14e865f63feb021263c,1353534d45132511,
dataset/test/pituitary/Te-pi_0070.jpg,pituitary,pituitary,2,train,8b4e89a5a0e0443928900dc73736e0a40689b4741df53779d15b2796504bd515,1717575555550f1b,
dataset/test/pituitary/Te-pi_0071.jpg,pituitary,pituitary,2,train,e81b29543f2dad209af05e77b9572908a15fe2a9f9f08a2dc42842d3e6df8e09,171717174d171733,
dataset/test/pituitary/Te-pi_0072.jpg,pituitary,pituitary,2,train,acdb610f2f0bef373df6147a405bcb4ae52a01e68f225b4078495b99c7d5ae80,0e17372f1717170e,
dataset/test/pituitary/Te-pi_0074.jpg,pituitary,pituitary,2,train,8c7c069f8bad14d9379ab3e756382e898d432cae5a69654f783cbddbee482d52,8e1717554d553737,
dataset/test/pituitary/Te-pi_0076.jpg,pituitary,pituitary,2,train,08b2a54b17369821f04f6ba034378218ec5578f70ec44670c437d634cf415094,0717174d4d550f13,
dataset/test/pituitary/Te-pi_0077.jpg,pituitary,pituitary,2,train,79b42cbbeec07889231f6fe71c08ae0b5458ed3ca8ea144bd27ea1f7b26233e8,8e17174d4d551733,
dataset/test/pituitary/Te-pi_0078.jpg,pituitary,pituitary,2,train,7c555c698cc2c40cb2e663246d5691ed6f5126fe20a0c4d5af32687af71c892b,4d171f2b17130f17,
dataset/test/pituitary/Te-pi_0079.jpg,pituitary,pituitary,2,train,0162fd9079de0f2b2f6762ecac6fec41946175052bd3f7c2ceda5a08c9f0b64c,0f17170b2b331717,
dataset/test/pituitary/Te-pi_0080.jpg,pituitary,pituitary,2,train,b6cf57e3cd909b35ae9e6911080e0492cdc5fca0e3050351ac3fb11fc36caf23,161717494d171717,
dataset/test/pituitary/Te-pi_0081.jpg,pituitary,pituitary,2,train,a7d1a1c3ecd0d2c3a2e10fcb200ae44d508d5642b64153773bd07de34df7becb,3317170d55150f0b,
dataset/test/pituitary/Te-pi_0084.jpg,pituitary,pituitary,2,train,e8e852d09fb6e771e64a24efd31ce5ca4d8e955643fa2fac056c457a8af89488,8e1755590b172f0e,
dataset/test/pituitary/Te-pi_0086.jpg,pituitary,pituitary,2,train,3850fcf5142c2f3e9dc89ee47cf3698eec1d862e117009eab5d6720ec89b4a12,ce1717174d71172b,
dataset/test/pituitary/Te-pi_0087.jpg,pituitary,pituitary,2,train,d3a1cc40f0e46011591c677ba87f81bc342979cd7961fa918cf8436519392b5e,4e071345494d514d,
dataset/test/pituitary/Te-pi_0089.jpg,pituitary,pituitary,2,train,6813b37154fabceaa8e70c3d31764af3e63047d27a7ddb7e8bb7cc914faa1fba,3753f1e0fde92901,
dataset/test/pituitary/Te-pi_0090.jpg,pituitary,pituitary,2,train,cb6d9dc7e3dd44ac55f503795c924928143c45a50615d4de89f8f03f5d17d846,376bb1e4d5e92829,
dataset/test/pituitary/Te-pi_0091.jpg,pituitary,pituitary,2,train,e655e5ca585d38c59b22513f6f9c179ddb1bd747d9baf9dd1c1d58d5ec4e4e3e,2f8f37652d292627,
dataset/test/pituitary/Te-pi_0092.jpg,pituitary,pituitary,2,train,7e18245217ec3167998a8ad0c548c5cc4a19d723e22d9659d96fd82250b2ceaa,2f8f374d29212723,
dataset/test/pituitary/Te-pi_0093.jpg,pituitary,pituitary,2,train,24cbf30a71a8688df428989a74b94c2874a90742548c96d9ef8c4ab0ac799f2f,1e375f3525696b37,
dataset/test/pituitary/Te-pi_0095.jpg,pituitary,pituitary,2,train,c3bbade80f1938f35b8cc9b75e26aa3066ecf1b3c4952617e004b6cfa6929246,1e4bb3a9a7e92707,
dataset/test/pituitary/Te-pi_0096.jpg,pituitary,pituitary,2,train,de44495987fb8c37599a1b2cbe4a51ccd5af8c95eadd5d35898c0510b483d24f,1e43b1b9e1e36127,
dataset/test/pituitary/Te-pi_0097.jpg,pituitary,pituitary,2,train,f1225c07b5fa9acfcca5ba67a5b7f5dde4a834c42c8b365237a636014a494989,0f4bb3bfb5e92113,
dataset/test/pituitary/Te-pi_0099.jpg,pituitary,pituitary,2,train,0f80eb2f61b49f4baf1673d22618e3b8a0ef33edb14c4e958157bc6253d99dec,1e638d1f594953e4,
dataset/test/pituitary/Te-pi_0100.jpg,pituitary,pituitary,2,train,618ea9accd590851105a5c0bcc95bc0e544ba13357f0bbb5c7d7eb180207a1f5,1e374f3b2d496937,
dataset/test/pituitary/Te-pi_0102.jpg,pituitary,pituitary,2,train,bf6a8d8740ece81109b62797bc86f8733dc93ada8cba7e04d239f90804b70ac2,279db5dbabe92132,
dataset/test/pituitary/Te-pi_0103.jpg,pituitary,pituitary,2,train,4fd5ec172c8daaf2e675e7712cc7d97834de5401460ddd40c1a53c955c191ee9,171f9531e9292133,
dataset/test/pituitary/Te-pi_0104.jpg,pituitary,pituitary,2,train,45b2193030d00acfee7ed0987b5c6a9d1952e6a2403358751e0748ffc4e3693a,67af775da9d3777f,
dataset/test/pituitary/Te-pi_0105.jpg,pituitary,pituitary,2,train,291bb25a5c314a6730404e64878658e28c496747b45b5aee0c5525cafbe24983,2e5f174f19536f6f,
dataset/test/pituitary/Te-pi_0106.jpg,pituitary,pituitary,2,train,f3d91f56a2783ca6bfe89a1857aa3391eecdfe1de398ec42ca423edeb9e3f411,0d072b494d172b0f,
dataset/test/pituitary/Te-pi_0108.jpg,pituitary,pituitary,2,train,37758141f7516ceab218237f4c1b9b050ae50cda88f65afb8ee8a6107ee36f47,3e47b5bdb1e94117,
dataset/test/pituitary/Te-pi_0111.jpg,pituitary,pituitary,2,train,72079f64b12f7dc95060b76fef378f61ea080b8f07a5a9be8b8396ac24c14bfd,0e6397bda9e92111,
dataset/test/pituitary/Te-pi_0112.jpg,pituitary,pituitary,2,train,30d8e3b3589202f8b3e42e43cbe3f3c1b63d8a23dd92eca40d32a18ba5ae43d2,0f1371493b492307,
dataset/test/pituitary/Te-pi_0113.jpg,pituitary,pituitary,2,train,fe67230c3f0dc7bd8ff36e613de194ef41ce077e3071805fe1dc2f27a27a7e5e,0e2757654b613193,
dataset/test/pituitary/Te-pi_0114.jpg,pituitary,pituitary,2,train,40a4884057c0e6f638d98f0b3dfdddea1bfffb0f246f4dc188716bd0a3f1f002,1e4717b94b437325,
dataset/test/pituitary/Te-pi_0115.jpg,pituitary,pituitary,2,train,16f448a3946b5c26e348d8dce3c39bcd21d4c5f20fa8ecde6131729606d57574,1f49132bad696377,
dataset/test/pituitary/Te-pi_0116.jpg,pituitary,pituitary,2,train,92bb148e3b8cfa07c6718eccab07f41352fdf81e2715e2ed2e116e17309a6001,9e1b1f2a264d242b,
dataset/test/pituitary/Te-pi_0117.jpg,pituitary,pituitary,2,train,c602c439580a54040bbc01e60490600a3f6230d0cc7a4890209da2f87e342157,9e3b1d3a340d6435,
dataset/test/pituitary/Te-pi_0118.jpg,pituitary,pituitary,2,train,bb87133b87a74f1b16c4d6c2c7e83e94ce9de5265edfd7789c8aa1d13c0603aa,9e33555555551555,
dataset/test/pituitary/Te-pi_0119.jpg,pituitary,pituitary,2,train,6156a220000b2d94601bfaf017ace4910310524b89ce27f8f5f2ecfca9842249,37334d4d7169298f,
dataset/test/pituitary/Te-pi_0120.jpg,pituitary,pituitary,2,train,1e610c59c58a2dac6ff569de30e53c06a1c4cd09208b4065aeed36053ad83359,0e17554d33171707,
dataset/test/pituitary/Te-pi_0121.jpg,pituitary,pituitary,2,train,1eae4fd9c617c96a74608830d715b53f8f523483a8c8a261eab2e3289772f29d,0e17576937331717,
dataset/test/pituitary/Te-pi_0122.jpg,pituitary,pituitary,2,train,b4a3c4dea7818186a76d8e75e15249f7d4e7a923e773337b631bf117804626a8,0e13332d5b0f1f0e,
dataset/test/pituitary/Te-pi_0123.jpg,pituitary,pituitary,2,train,1eba413dbc9fa7673b0c6b426939faab8ba9e0f842c14b991f2518641b406787,8e0b694d4513338e,
dataset/test/pituitary/Te-pi_0125.jpg,pituitary,pituitary,2,train,c10d97b573d1e510b2604cc437ee81840b36063dcd4aae157a828db1b79c77fe,881e23516f592925,
dataset/test/pituitary/Te-pi_0127.jpg,pituitary,pituitary,2,train,4535969c45187e5663a63de766bbbbe87b7534c34a84e5f44b1ca9620acaa5c9,8e37734d69073b17,
dataset/test/pituitary/Te-pi_0128.jpg,pituitary,pituitary,2,train,6ed207453a197ca96066484bab2e34c76e1a8adbb14692652586d0bbd989b790,8e1755412323378e,
dataset/test/pituitary/Te-pi_0129.jpg,pituitary,pituitary,2,train,6b48d10b8c124e4cd84a711752ce4617a38c11ff3681df8745325d416706e854,0f17550f0f0f0f0f,
dataset/test/pituitary/Te-pi_0130.jpg,pituitary,pituitary,2,train,dea4378a1a4a20183a6941524e87d8380b2628294422fb56ddc02ef625f71dc8,0617370f17150b0e,
dataset/test/pituitary/Te-pi_0131.jpg,pituitary,pituitary,2,train,7fbaed956704c6763066fddbd9cf7df33d62764d2578797dd67f35ef4ec0f6e9,8e17554d35550b0b,
dataset/test/pituitary/Te-pi_0132.jpg,pituitary,pituitary,2,train,d8d3701f96bba89d449ec1f7247692c57f49a5df6e86ad14b7c8bdbc07e1a3f0,0f133169310f0b0f,
dataset/test/pituitary/Te-pi_0133.jpg,pituitary,pituitary,2,train,a031934c10357e77bf0e82ef4f14aebd4e048cb14f655f68bf776c83ed8b852e,8f17177933310b0f,
dataset/test/pituitary/Te-pi_0134.jpg,pituitary,pituitary,2,train,d679b0a86ae1e498256247b1609e948683c2a03b145865b4f5aca4059ef75d47,0f0f1723070f0f0f,
dataset/test/pituitary/Te-pi_0135.jpg,pituitary,pituitary,2,train,b751bfe6695a51df7ccbcdf1342497914d79b4dccb42098f702e639529cba7df,2713754d4d1f230f,
dataset/test/pituitary/Te-pi_0136.jpg,pituitary,pituitary,2,train,fb424c61ecbca46e066ef224a840007eaa83ef511a84a5f2495fae72d7df6212,2b17454d55052b8e,
dataset/test/pituitary/Te-pi_0137.jpg,pituitary,pituitary,2,train,4c935232c0c6c040c0475eac6f8aef7d0c25d46150c995580beef3fbf445843b,1e5fb3bfad692303,
dataset/test/pituitary/Te-pi_0138.jpg,pituitary,pituitary,2,train,454be562f083d3cdbe35b8016808677ba71e86ecfaaf8287035a7ffca011ea83,0e37557517070f8e,
dataset/test/pituitary/Te-pi_0140.jpg,pituitary,pituitary,2,train,919a7c3a8a568c8c945931abb85c096c8f8419f85277a22bbe78b7468d07ec90,4d07332b0f0b0f4d,
dataset/test/pituitary/Te-pi_0141.jpg,pituitary,pituitary,2,train,66230e4140ffaa165a6f365726454453eff2bbfd60cecd145556bcc56a620a30,8e0757494d172f8e,
dataset/test/pituitary/Te-pi_0142.jpg,pituitary,pituitary,2,train,e74a66f082e679dccfac6818438caab3286b8cea17a9e3cd8e3fd88a61656aed,1e3f1b3d25597b67,
dataset/test/pituitary/Te-pi_0143.jpg,pituitary,pituitary,2,train,4cc6c0aa0f74dd6d5e57ece4a7dde0dc80dbaa9629f03be99569a282b5e9ca80,0e6f473367716933,
dataset/test/pituitary/Te-pi_0144.jpg,pituitary,pituitary,2,train,3b557827713ec26db6cafa089106bfbb234f0476e15edc9ff9a23a96c76a0df2,0e13350d0d2b170f,
dataset/test/pituitary/Te-pi_0145.jpg,pituitary,pituitary,2,train,b3f9ecd587356ec597d864015d64be0bc31c0e1072e7d9a3ce7e3cac3b8d75aa,8e17554d0d170f8d,
dataset/test/pituitary/Te-pi_0146.jpg,pituitary,pituitary,2,train,ce5abe8ae8c93bbf6a823145616a2b1a6d1c72b3b8dc0ebc4922fbbb7a061e92,8f17576113170b8e,
dataset/test/pituitary/Te-pi_0148.jpg,pituitary,pituitary,2,train,800b425efc6aa88e022b97340800b8b4e83892476581e7d7d6e1229174f76fe9,0f13515145170f17,
dataset/test/pituitary/Te-pi_0150.jpg,pituitary,pituitary,2,train,bc4e34e05cbe073f28b8db938bf363cc6f2bfd6607c21b15f39210bed50e8ed8,0e17554d55550b8e,
dataset/test/pituitary/Te-pi_0151.jpg,pituitary,pituitary,2,train,667357134bae1c923b9f10d29a5acb1f7b22f5e30ea999dfb967e5226fe80db9,8e17534d15550b8e,
dataset/test/pituitary/Te-pi_0152.jpg,pituitary,pituitary,2,train,c90909b94bba2f69789aac31f3ac68f2f32ee5bb7c9c30320a5112b0710e8474,0f17230b13171f0e,
dataset/test/pituitary/Te-pi_0153.jpg,pituitary,pituitary,2,train,6dfa304ebe99872c0a4457248c6b88c5e6bcaf9ef3820d0e72fc3b1c850ce690,0e17332f0f170f4f,
dataset/test/pituitary/Te-pi_0155.jpg,pituitary,pituitary,2,train,4e3bc805aeac76612a1f994825b0bc7b5fda3006f2f97be4a303638c1a61193b,1f1355493351230f,
dataset/test/pituitary/Te-pi_0156.jpg,pituitary,pituitary,2,train,586aae9d15a191d16b25237406f4b67b3e3347147f62ed34d25717d2c7303279,0e072f0b172b170f,
dataset/test/pituitary/Te-pi_0157.jpg,pituitary,pituitary,2,train,748ad533c3bfffd7e741b04ef5748249d4ec5f1416fdd3b65bfd23bc2a4be0b4,0f17454d17072f8e,
dataset/test/pituitary/Te-pi_0158.jpg,pituitary,pituitary,2,train,b4a03e14b35148ecf08b71bd73b9e288c868d15a084a0914a32609dc3cf61344,8f174d4d1317078e,
dataset/test/pituitary/Te-pi_0161.jpg,pituitary,pituitary,2,train,8fe71c80fe5e4dd532b1985a81b130733bfbda876c4d7a6e399863fc67a8e2b6,0f27670f170f1b0f,
dataset/test/pituitary/Te-pi_0163.jpg,pituitary,pituitary,2,train,01cfe90cf0aab47f6490ef437197f7d20b3bef33dc17f45088a23c4e4da641a1,07174b4d4d4d1b0e,
dataset/test/pituitary/Te-pi_0164.jpg,pituitary,pituitary,2,train,1dec47998d3abb0e27557dcc6cde3d837c4e35093e1dfde578bcc41178303c2e,06374b0b13550f0e,
dataset/test/pituitary/Te-pi_0165.jpg,pituitary,pituitary,2,train,0f54a7f4b7bc0a0c64717e5021e545a78bc6185b411b74745c812f26015cf7df,8f17174911530b8e,
dataset/test/pituitary/Te-pi_0166.jpg,pituitary,pituitary,2,train,7c4b1dac5be8fb63f16d3faf70a40f9aae1219461195eba5223d9630229c91f7,2b2b696d23170f0f,
dataset/test/pituitary/Te-pi_0167.jpg,pituitary,pituitary,2,train,3f29ffd962e855d316553d6bec436a02ee796f64c07fb6270f862261c2b571f4,0f17552b33330f0f,
dataset/test/pituitary/Te-pi_0168.jpg,pituitary,pituitary,2,train,6ecbe1414f732f80f0dff897a09ac4f4d7bd4680f20b02af9e79b35bf9c52960,2f17514d154d0b8e,
dataset/test/pituitary/Te-pi_0170.jpg,pituitary,pituitary,2,train,dfed0237fe4082f73e1367f0fdcfd02fea63bee08b3acc454529b0e4b137230c,0f17331147173f0e,
dataset/test/pituitary/Te-pi_0172.jpg,pituitary,pituitary,2,train,8139269728a6ef82aaa4ddad7fd261866df4542d71ffd069e7456b119c8827aa,0f1713313313070f,
dataset/test/pituitary/Te-pi_0174.jpg,pituitary,pituitary,2,train,7a1d26f1a074c0d92c714111b7e5dcf0450ad67c391c70c687f5c1a94159b1f7,0f172755552b0f4d,
dataset/test/pituitary/Te-pi_0175.jpg,pituitary,pituitary,2,train,24ea37875f0b1084c214b33495f628fde9e288178124ec7cfe5318eea687ab2d,1f334f55552b0f4f,
dataset/test/pituitary/Te-pi_0176.jpg,pituitary,pituitary,2,train,889cc0d0bf785617ecf15b4a7fe7c9d044c8d4de4a0535877ee257d2ac805000,0e0733454d0f0b0f,
dataset/test/pituitary/Te-pi_0177.jpg,pituitary,pituitary,2,train,31ce3214d36c834feb4f3ed8997a81101c32eb5512c26a87cc6ddd295cf00eac,1f13536d150f270e,
dataset/test/pituitary/Te-pi_0178.jpg,pituitary,pituitary,2,train,483f8deda395b86fbdfce5c47873804f7d649058422a00bd1093742297875cf7,0e07332f4d070b0f,
dataset/test/pituitary/Te-pi_0179.jpg,pituitary,pituitary,2,train,3f79680ae69ff8a0138c027f6445715cb7d71bd28c76a7982e81e334afb6a3e2,0f1717170d0f0f4d,
dataset/test/pituitary/Te-pi_0180.jpg,pituitary,pituitary,2,train,87cfe4d80227c122ef2762f294514ca4c42160a119f1a31045b51a6cbe21ed5c,4f17230d070f170f,
dataset/test/pituitary/Te-pi_0182.jpg,pituitary,pituitary,2,train,c6120ed0450e4b36cb5b5918059b0b993b3f481a0729bd4b042f1cddbfd0eb98,8e1755492b37130e,
dataset/test/pituitary/Te-pi_0183.jpg,pituitary,pituitary,2,train,5ead5fab1aa68468fed369004c280d9dbe9bc549d13b8014f6e4add24837a76a,0717714d5703070f,
dataset/test/pituitary/Te-pi_0185.jpg,pituitary,pituitary,2,train,8a877ecea9f379fc03acd4f3ed8ca74d4268400880ad4a73f02d2b391062c32f,8e1f131551572333,
dataset/test/pituitary/Te-pi_0186.jpg,pituitary,pituitary,2,train,ec2e2e610c33ba5acfc0c54fc3707e4e76ae2c242a5050d8c7693aed45577cee,0f37230b170b0b0e,
dataset/test/pituitary/Te-pi_0187.jpg,pituitary,pituitary,2,train,474b407a6de8bc76e491df8c53dc0c19b7a29329454cfc2fd6470dd961c522c8,0e17370d050f1f0c,
dataset/test/pituitary/Te-pi_0188.jpg,pituitary,pituitary,2,train,7c6e73e1db61a6cef838d447b3ac29b7b4e58a9eaf1addce772b62f5d3706a4e,0e07171703231f0e,
dataset/test/pituitary/Te-pi_0189.jpg,pituitary,pituitary,2,train,3daba1a20d05f60b56f3ab097ab4fbc8713362940938cd3a9b64624c42057901,8e17556971715517,
dataset/test/pituitary/Te-pi_0190.jpg,pituitary,pituitary,2,train,c0495be4253d049bc000d9d08c829d40719a5fa6f475de31f52b50edcf65877c,0f0f334d4d0f370f,
dataset/test/pituitary/Te-pi_0191.jpg,pituitary,pituitary,2,train,5c793fc76736c066970d62fea6d16237718e3dd0999cc0175d10e9d5c3076c9e,0e132b0f072f1b0e,
dataset/test/pituitary/Te-pi_0192.jpg,pituitary,pituitary,2,train,56953561c419d2ad159b319aafad1c45b267cead352caab6df283a1bee382111,8e33615545555517,
dataset/test/pituitary/Te-pi_0193.jpg,pituitary,pituitary,2,train,31c3b61533c3817d48d4e79fac42a01b0dfcdbd46810433ab9e33cbb7c3bd9d9,0e13715549496175,
dataset/test/pituitary/Te-pi_0194.jpg,pituitary,pituitary,2,train,aaf8e94255f24fe669ebc60638ac04d0917a49f08b08e0951b1071439de28235,0717173b33554507,
dataset/test/pituitary/Te-pi_0195.jpg,pituitary,pituitary,2,train,bc62347bd5cd45768832fcc2b92af0aae0fcee469f4a1e8e7d2e066e0146b72c,0e17172f4d171733,
dataset/test/pituitary/Te-pi_0196.jpg,pituitary,pituitary,2,train,d7627d9fe24107c9613c5f600acfae38b37bce71e5084f6d94d5c94a14f4ac55,8c1757554d555545,
dataset/test/pituitary/Te-pi_0197.jpg,pituitary,pituitary,2,train,04afbe78bbaf1181c42852737194bd674f8ab99a973dc715b590e8584886cd77,1717154d55170d0f,
dataset/test/pituitary/Te-pi_0198.jpg,pituitary,pituitary,2,train,f711a0a4cb95a131526785e0aa5ecdbfd0966a022801892fcf7431b2b165c70a,0e17372b13130f0f,
dataset/test/pituitary/Te-pi_0199.jpg,pituitary,pituitary,2,train,ab93aeb89701f4f5520ee13a3723236bb91ef45fb193a1df2a87cf29f651a7e4,8e1717174955170f,
dataset/test/pituitary/Te-pi_0200.jpg,pituitary,pituitary,2,train,eb0fae9b3b977acac24a5a70a62d66ce28c71e77ac3bae9eb622e92e45d36198,2b1111515911292b,
dataset/test/pituitary/Te-pi_0201.jpg,pituitary,pituitary,2,train,9d122cb65302eb6df7c8be8f6c23c0429ec8d63819262c1f0866373f4e900582,861717555555170f,
dataset/test/pituitary/Te-pi_0202.jpg,pituitary,pituitary,2,train,78e6f13cb097fc9a6c59fa07478faa28a3ff6f31a841411d4cf76f7b228884a5,962b154d71554d2b,
dataset/test/pituitary/Te-pi_0203.jpg,pituitary,pituitary,2,train,51c561e85ed2c0a1a8c5aaa527e8c08d9705b97ed0a54f7edeb811fcfb5b7af4,172b554d55551517,
dataset/test/pituitary/Te-pi_0204.jpg,pituitary,pituitary,2,train,72d63b32734bdeb4ca01c0f0ef1b05ae8e72251c0afcaa1750b020c2b3356fcf,171713695d517d7d,
dataset/test/pituitary/Te-pi_0205.jpg,pituitary,pituitary,2,train,aee92a429b65b82ca9d04476ff8f747ccf734a91cbec1e1f1e86bcf8a5b46aee,8e13554d4d55530f,
dataset/test/pituitary/Te-pi_0206.jpg,pituitary,pituitary,2,train,d74ffbf0696f23ee4018fc2eec30fc4f4d27c6bcf3d6171e8c61ea2718219203,1f1717534d11133d,
dataset/test/pituitary/Te-pi_0207.jpg,pituitary,pituitary,2,train,a0d8b8025bdd6c1048d051936cb1cd1fb9ed340908e4ebd17e77bf1c2560f44e,8e3717170f291337,
dataset/test/pituitary/Te-pi_0208.jpg,pituitary,pituitary,2,train,2a7a10bba1ce6868df8aebbdced17d7c3ebd4584d39a0b5c5b0b73f81f32eef1,1617150d4d551533,
dataset/test/pituitary/Te-pi_0209.jpg,pituitary,pituitary,2,train,c8d90b682d40052f392e40404fb2a2ced362fea13a156fc2894093385a8ba6d8,8e1307170b19130f,
dataset/test/pituitary/Te-pi_0210.jpg,pituitary,pituitary,2,train,edade018751fb558e0d23d68719f5fc716c189790e1ec344fa3c2f4f347187fd,8e1717554d170f0f,
dataset/test/pituitary/Te-pi_0211.jpg,pituitary,pituitary,2,train,ebed479e1e950e7bfae78d91df7f6198d987b305215477d0a03ba4ce0c6cb473,8e3317554d351717,
dataset/test/pituitary/Te-pi_0212.jpg,pituitary,pituitary,2,train,1f7e41a4233d5ea85c7ac374767adb0763722e9881305c333f8cbfe4abacc180,8c17174d51551731,
dataset/test/pituitary/Te-pi_0213.jpg,pituitary,pituitary,2,train,cc03d70102356ab5a11e97556d717aa8ff3e103a8cf38f2a5709a75e1a887af4,8e37571561555545,
dataset/test/pituitary/Te-pi_0214.jpg,pituitary,pituitary,2,train,a2ad506d855ac7b686167b61f2c586f64a1245c5103a6aee998e766c544d1db5,8e3355154d555545,
dataset/test/pituitary/Te-pi_0215.jpg,pituitary,pituitary,2,train,49568f52b11d15c82852b18d32981209ad7e0e6f2671675342494a7e43f9fb3a,8e07170d4d4d5555,
dataset/test/pituitary/Te-pi_0216.jpg,pituitary,pituitary,2,train,c1a952804be74a3a0478fcbfb831c860776d7b8415ea142befba9c91aa467c62,ce0f170f5d133717,
dataset/test/pituitary/Te-pi_0218.jpg,pituitary,pituitary,2,train,e8145c369b4c6093622ae3b7ce5a737ac2c3911cce73f31498d9d40637bac546,8e1f170f29171717,
dataset/test/pituitary/Te-pi_0219.jpg,pituitary,pituitary,2,train,396390b5853c76493988b91587ee90f12261759e79dd8db98661257d52efae95,8e17174d59171717,
dataset/test/pituitary/Te-pi_0221.jpg,pituitary,pituitary,2,train,9daae9ec338029a6c3a69c4168628e20f837a33e2fc1da8f082e643e9e50f973,171713176951555d,
dataset/test/pituitary/Te-pi_0222.jpg,pituitary,pituitary,2,train,d96cdaacef10d3910a5c37f5667db516f63e2f952a579cffc0204c340185dca1,8c17171715717105,
dataset/test/pituitary/Te-pi_0223.jpg,pituitary,pituitary,2,train,86f6bc8fd5d5af223b8fbb1a7fd6ebb125ded496dfb6549b0569d0333c3c6869,8e17172d55550d0f,
dataset/test/pituitary/Te-pi_0224.jpg,pituitary,pituitary,2,train,0a8d5c25b5329d6ccda9bebab655de1592f075d45b91342d80b3778170a5402a,8e37134d51696923,
dataset/test/pituitary/Te-pi_0226.jpg,pituitary,pituitary,2,train,ef1e04eca95911a4295f74d356fd684aefb9f4f584a053248afae4871e6229f2,8e1715555535554d,
dataset/test/pituitary/Te-pi_0227.jpg,pituitary,pituitary,2,train,dc6b418f2e1bc8b0966c96865979feb4f93bf31edfe40b183e1dc3e51972035d,173317174d171733,
dataset/test/pituitary/Te-pi_0228.jpg,pituitary,pituitary,2,train,1671bcab3c07388850afc71c09b815e213426ee97940149383ea3d31c4ef9730,8e1355554555550f,
dataset/test/pituitary/Te-pi_0229.jpg,pituitary,pituitary,2,train,163f98c201cc49617b8a2e33da0a137a424f5853962e10ec3cbab6498bcffc84,8e1717173505330f,
dataset/test/pituitary/Te-pi_0231.jpg,pituitary,pituitary,2,train,9eb4be9e576983ec78ddba5864981571d50249710e190a0e8445cf64e3c2b193,8e1717574955130f,
dataset/test/pituitary/Te-pi_0232.jpg,pituitary,pituitary,2,train,932d32e91e54bb09af184952f3fb6b9b53e62bb7fea633dd2a4123c69dd4411c,8e07174d61555717,
dataset/test/pituitary/Te-pi_0233.jpg,pituitary,pituitary,2,train,2939d591b54d4a48a6063e2863de7bee683c48ab6d10338a33f97212b1f665c5,8713170745371336,
dataset/test/pituitary/Te-pi_0234.jpg,pituitary,pituitary,2,train,55c5e9dffad304a0900ff2900fbe32c0ac6f6322f38841b318850aa433aa3b7b,8e1717554d515155,
dataset/test/pituitary/Te-pi_0235.jpg,pituitary,pituitary,2,train,d69412bcd6834992060938114461db68a8885005ffbc69e24460d791045a836d,8e3315554d455135,
dataset/test/pituitary/Te-pi_0237.jpg,pituitary,pituitary,2,train,2f51b439a75879b610b0fe8730ee58728311d9a6e56eb22cd90ba51009d9ed69,cc17171555616b29,
dataset/test/pituitary/Te-pi_0240.jpg,pituitary,pituitary,2,train,02765f73553bc49727595f00141ff335ff7522bf7e2d89276f00a3e495ada4ad,8e17174d4d51554d,
dataset/test/pituitary/Te-pi_0241.jpg,pituitary,pituitary,2,train,ae51875469afaee3b511937660fc3b468788515d03034214a14a57c53c148282,8e1315554d6d5355,
dataset/test/pituitary/Te-pi_0242.jpg,pituitary,pituitary,2,train,3b701fbbb66d35c87d5eaa65ea746c4baadca219d09f5522f00ba6a265a4de50,8e1755574d6d5549,
dataset/test/pituitary/Te-pi_0243.jpg,pituitary,pituitary,2,train,e23849282a370716b23c836a7d79d3119e3c58c51512911bfae59ec7bbd39abf,0f4f92a9b5b55510,
dataset/test/pituitary/Te-pi_0244.jpg,pituitary,pituitary,2,train,adda9ee2dfca3974c0495dc6c96a6896cf232b31f85cfa54dfb1cfc5dbd24df3,1e7b37232e6b6377,
dataset/test/pituitary/Te-pi_0245.jpg,pituitary,pituitary,2,train,40c65fb97fda87253f171ff214070ae36abf797005a89f445ab97fb4fa82b2e1,375b1d9b2f696977,
dataset/test/pituitary/Te-pi_0246.jpg,pituitary,pituitary,2,train,429b5e5484d5e7d4545f661555d93dfbd911fd2e502b8f977e8a62e5475e8dac,9c374d5d75496933,
dataset/test/pituitary/Te-pi_0247.jpg,pituitary,pituitary,2,train,d9dac22312106eeecb92d3a2339fdee9d8f14a3c3e0f2251a710e86ed9531c02,1f4f0f4b55692123,
dataset/test/pituitary/Te-pi_0248.jpg,pituitary,pituitary,2,train,3e71153a283175f5793b5cb1dd433b419342863fd6a63e4806023a2ecc1247c6,1c371f93bb296927,
dataset/test/pituitary/Te-pi_0249.jpg,pituitary,pituitary,2,train,ea660b4d2ba64b903b8624950507b3d73f9988459a3e635ec7043ce4d564df22,8e33175755171716,
dataset/test/pituitary/Te-pi_0251.jpg,pituitary,pituitary,2,train,a28e8672d10dd578fb7a179c8e48acfba8adb0b6d44aad8d33d475b11d9ca829,5f5733cd4975674f,
dataset/test/pituitary/Te-pi_0252.jpg,pituitary,pituitary,2,train,6c2bced0c3239035b10d296c8b2b013785570d3af0cb55493c7e63606b5884b9,3e5fb76bb99c2033,
dataset/test/pituitary/Te-pi_0253.jpg,pituitary,pituitary,2,train,8c539b274e3c798d1bb1d14f1dfdc57305ff8a6fe26ac29f78fae8f654ca46f3,3e5fa7adb9e92133,
dataset/test/pituitary/Te-pi_0254.jpg,pituitary,pituitary,2,train,0d5519fbd21c3ad7b73b207f5305f2c599b50d1dcb5538a002a9368a6c6068ee,3e4fb78db9e52313,
dataset/test/pituitary/Te-pi_0255.jpg,pituitary,pituitary,2,train,b661538a97e5fb48789797245ce7205ec3ddd835a92315ede9c4c0c351f309d1,332d322b1569783c,
dataset/test/pituitary/Te-pi_0256.jpg,pituitary,pituitary,2,train,b98e236fba3fdd7d257b4c2d99d945129c35b1b98af5cc37ac2595cc4822d3b6,332d7a6b7569797d,
dataset/test/pituitary/Te-pi_0258.jpg,pituitary,pituitary,2,train,1b474fe0b6014eecb1673c0542b62df07fbb2a9f9bc41df4a2922bb62da6cf7d,8e1b153b676d2917,
dataset/test/pituitary/Te-pi_0260.jpg,pituitary,pituitary,2,train,1c2f032ead29235dca0bbfb1c7f507f3fa39b22601c8223d7d146214ce979c64,17558ff9b9e87832,
dataset/test/pituitary/Te-pi_0261.jpg,pituitary,pituitary,2,train,48f737710387232f2e7ffa7c7d2565bf693a0cecdce34faefa6b28374b63646d,8e1b5d3a2d696b67,
dataset/test/pituitary/Te-pi_0263.jpg,pituitary,pituitary,2,train,f763ed985ef99b863b375f95acfe600b121ee6453128376019e070ed75fd4698,1e5b1b2927692903,
dataset/test/pituitary/Te-pi_0264.jpg,pituitary,pituitary,2,train,08dabb31ce6b23931b34a182d89ab8ade68dc0825f15648825d1429c3fec3f9d,1e4f172f9d4d3011,
dataset/test/pituitary/Te-pi_0265.jpg,pituitary,pituitary,2,train,5b15d94d8e5cfe8cb0b729a4872f1579d3e261f6f602fd314df860c83ec12f81,1f17370f152b174d,
dataset/test/pituitary/Te-pi_0266.jpg,pituitary,pituitary,2,train,b5df3a13c78eb1e75ad6d7feb3a3eed806ce2cdd4c5069f3f156466502e8c268,9e3f1f2b6f492b27,
dataset/test/pituitary/Te-pi_0268.jpg,pituitary,pituitary,2,train,603ce98d0646432a93d26e91d0fdd16cb43829f69621efb23bfeca4cd44aafb4,1e731f26a7716d67,
dataset/test/pituitary/Te-pi_0269.jpg,pituitary,pituitary,2,train,13119317d7a28d1b97fd0dfcfc52327c53804e49e3dc676032f1784fde67c913,1e7f3727b173264e,
dataset/test/pituitary/Te-pi_0270.jpg,pituitary,pituitary,2,train,b4f7abb3b64949a4ba60956cc1b063798b914fc6adbce8ccdb01a5708c60f073,3717b5f5312a3119,
dataset/test/pituitary/Te-pi_0271.jpg,pituitary,pituitary,2,train,a553139234728a9aea6926cec5de0593486e63a0893132a3dfb93fc11cf2d6a4,0c3797b79d692921,
dataset/test/pituitary/Te-pi_0272.jpg,pituitary,pituitary,2,train,18cd475b7043674970059e2f51a974cf3631479be10c3559517b3f0642d7aa2b,0c3793b7a5292123,
dataset/test/pituitary/Te-pi_0273.jpg,pituitary,pituitary,2,train,001a7183a8df5218efb182dca749921d7c6c946741f9f4af1cd73602aaf39a9f,8e1717171317150f,
dataset/test/pituitary/Te-pi_0275.jpg,pituitary,pituitary,2,train,6ca7b40a8092ed025b7168fade49fa205485e09f69fbde47ac428dd685598904,175b256a31693033,
dataset/test/pituitary/Te-pi_0277.jpg,pituitary,pituitary,2,train,35933d01665c2222158019e5cbe094ec83be931268be94080087968f4464519b,379fa3ed79a33333,
dataset/test/pituitary/Te-pi_0278.jpg,pituitary,pituitary,2,train,34e5745c76e0e58ba0c121ba77f28f6bee5c81b4889f17e7808960abd8e0319a,279f33e979e12333,
dataset/test/pituitary/Te-pi_0279.jpg,pituitary,pituitary,2,train,8c96acd6a9fe04b338e30c583dd4a244e6b22a1ace014041309697e84f6ec755,1e6b1d25396b2f16,
dataset/test/pituitary/Te-pi_0280.jpg,pituitary,pituitary,2,train,09960ed6694d446e580565c1ee1d7f109f2e7299a0d27ac82fb2a7fb91c65844,1c375f373f65673f,
dataset/test/pituitary/Te-pi_0281.jpg,pituitary,pituitary,2,train,33958cc767014f5e2d1b7548ee6b305d57df9b2f712d3a902e85838d5604ce05,1e375f531f496937,
dataset/test/pituitary/Te-pi_0284.jpg,pituitary,pituitary,2,train,14aee8093d55c10aa845a1536869915126bab2ad02c2992e4fb423b83e17f25b,1e336d5bbb496933,
dataset/test/pituitary/Te-pi_0285.jpg,pituitary,pituitary,2,train,e34dbe63d123b86c05d0f03e514095a5ef9faf1d3a4be23b040eaf4c3482f29e,9e3f0f332f5d3937,
dataset/test/pituitary/Te-pi_0286.jpg,pituitary,pituitary,2,train,b371de342892f335949353a41d89dc93c9c28e39ad0e5e4c7c770353f7125598,9e2f1f2b2f492933,
dataset/test/pituitary/Te-pi_0287.jpg,pituitary,pituitary,2,train,e680decd85aa741deab1ff30a3b53ceaf28815b29fdef1ddd18bd22c00c7f4fe,3e4f97f7b5692127,
dataset/test/pituitary/Te-pi_0288.jpg,pituitary,pituitary,2,train,9b2a6538e60af09588ee4a6edce86d416d8e139a27cb289950e91825a221a1cd,2ea74f779bd37713,
dataset/test/pituitary/Te-pi_0289.jpg,pituitary,pituitary,2,train,b55ced4db09797dddae348e8263d85746133e62668ce8808a196e44e697a08c9,2e9f67dfbbed0717,
dataset/test/pituitary/Te-pi_0290.jpg,pituitary,pituitary,2,train,5f892bb1a24838176e76b7f6a6f807e2f7688bb5e2be2783730041e92aee12f2,9c174b33a6796b2d,
dataset/test/pituitary/Te-pi_0291.jpg,pituitary,pituitary,2,train,50416d0b884a19426727a4c182f3b79bc5f6fe0fae170926a3c05c6732b61592,8c1f4b332f4d6937,
dataset/test/pituitary/Te-pi_0294.jpg,pituitary,pituitary,2,train,8f9cf82df0636e0cf0a02a948bff8f2a3383bf297ddf56a3fc3d195445a179c1,1c3f1f33254d6b27,
dataset/test/pituitary/Te-pi_0295.jpg,pituitary,pituitary,2,train,9174aa885023f7adb83bf3e2be7e4273f4ac3371fadde2438415ae5cc1f8e07a,8e0717174d555555,
dataset/test/pituitary/Te-pi_0297.jpg,pituitary,pituitary,2,train,56f2cc7bc4c118b7763d72e6a6fa47415139924e72f5c644ed3cf8a1afae68f7,0e739777c5f92b23,
dataset/test/pituitary/Te-pi_0299.jpg,pituitary,pituitary,2,train,75ff784d60fef5bdcd6602140652a05a112ffd092672a123ec3ab888b98b301e,171715554d171713,
dataset/train/glioma/Tr-glTr_0000.jpg,glioma,glioma,0,train,18a7abdb3b9aaa94fa5b869c3c5f607e374209812c759b255fe3c0c8d2ba6981,690f171f132b1b17,
dataset/train/glioma/Tr-glTr_0001.jpg,glioma,glioma,0,train,b3ec494e72077c55ef5eabb26d4a052768239a68e36d79392b744456aa415093,610f1f2b2b2b130f,
dataset/train/glioma/Tr-glTr_0002.jpg,glioma,glioma,0,train,928b812bba938a8ca461e85fd231accd917e195b6f482114e3f57103285847c2,610f0f3b0f0f1717,
dataset/train/glioma/Tr-glTr_0003.jpg,glioma,glioma,0,train,444bae1e124b294c0d77c7bcf7270d61c8cdc0ea61e97d3a58fba3ac7c21d15a,0e172b0f0b17130f,
dataset/train/glioma/Tr-glTr_0004.jpg,glioma,glioma,0,train,2d4bfd63e364c817381a73f6354572213a1a1b1665c85e10ce977ee92bc6a17e,0e372b0b0f331317,
dataset/train/glioma/Tr-glTr_0006.jpg,glioma,glioma,0,train,cc72bdbe5b14b0ec86d1b240a5c02a2ad437c4ef27f9463448c101caa845352f,862b070f0f2b1b1b,
dataset/train/glioma/Tr-glTr_0007.jpg,glioma,glioma,0,train,dcb05cd082c7b8932218766ef3bfb67e94e26f801a20647f5dc838b59a67ac4c,8e172f0f13171713,
dataset/train/glioma/Tr-glTr_0008.jpg,glioma,glioma,0,train,c4816b8570228e8f92e41f8fafe01b750e6c1a7c0c2face8b7493a14f99c6470,8e2b13170f13130f,
dataset/train/glioma/Tr-glTr_0009.jpg,glioma,glioma,0,train,043a2e8857ac164f6228500db9060a24c3b5ac99ffddcbc15c7342b09f35fbc9,0d0f1b1f2b17178f,
dataset/train/glioma/Tr-gl_0010.jpg,glioma,glioma,0,train,81e9fe962fd5d9d395e58136c220c68e3a184559ac4e72227e23a5c9ec80dc48,0e172b2b1b171717,
dataset/train/glioma/Tr-gl_0011.jpg,glioma,glioma,0,train,6afa32ba6a1ef582cc869d8cae9a582ec8ccdde307ce923a7bee83f705a9d235,4d0f33130f171717,
dataset/train/glioma/Tr-gl_0012.jpg,glioma,glioma,0,train,5c6227da4a215de8e9e292d38bef18ea26feef4ee9d168aa9221c7d5c69563ae,4c173b170d17333b,
dataset/train/glioma/Tr-gl_0013.jpg,glioma,glioma,0,train,5e4bf9549dd0b305f5475030d80d4263f383cb1f852f8a2d4f9352e35bb9a9ce,4d0f230f2f2f1d0f,
dataset/train/glioma/Tr-gl_0014.jpg,glioma,glioma,0,train,3830fa89186bf90b1034b657898b56e4ee2416eaf9bf7c6c79084efde5ae4147,0e333b2b0f131317,
dataset/train/glioma/Tr-gl_0015.jpg,glioma,glioma,0,train,56405c10517d5ff97ded43ff3d2b07e0b5a7a62cb7bc4c8b148e4dd9e662c2cd,0f0b2b2b1f3f371e,
dataset/train/glioma/Tr-gl_0017.jpg,glioma,glioma,0,train,849d55bbe3f1dc7dd1b0c65a051152b493dee5784225c0ddf164dda00ede02dc,8e332b171717331b,
dataset/train/glioma/Tr-gl_0018.jpg,glioma,glioma,0,train,3833c403ef39aa58acf74ad5ec5425a2bf2a2b6e6ee0823b8913d68a21e316bf,4e1b2b0f1f373723,
dataset/train/glioma/Tr-gl_0019.jpg,glioma,glioma,0,train,50f5fb7d7114a9405ec48fd0efc10362d3a6807555446d69aaeb60b5909a0666,0f1b2f0f4d2f3333,
dataset/train/glioma/Tr-gl_0020.jpg,glioma,glioma,0,train,d4d7eb03b8a953c7219ad3702151fd072d64957f5c4590550448e36c935784c8,0d37270717171733,
dataset/train/glioma/Tr-gl_0021.jpg,glioma,glioma,0,train,e720621b4ff394cba6c0930b5d3b0eed704a2c0e125d0f62710af388f69b40ae,0d1727070b332f0f,
dataset/train/glioma/Tr-gl_0022.jpg,glioma,glioma,0,train,6466c2a0f15916e089926fbeb1dc1e09bcd990bd5f0651c819d3039c6a0636b3,c783250d35170383,
dataset/train/glioma/Tr-gl_0023.jpg,glioma,glioma,0,train,6a3769a0d08cce970c56d5a03f747f7fd70bbcc73e660a2adfd7a10bcde805a8,0e332b2b1717131b,
dataset/train/glioma/Tr-gl_0025.jpg,glioma,glioma,0,train,bbc691f03626ac90dd82a9836987b3f26a55216ca7cb8f52fe0d28fa41f9dd79,c613316529270303,
dataset/train/glioma/Tr-gl_0026.jpg,glioma,glioma,0,train,093f4236c971ad665deae468248d610ea91765ec53ab58b1cfc9e7c6f515968c,0e13330f0d371351,
dataset/train/glioma/Tr-gl_0029.jpg,glioma,glioma,0,train,dadc4aedcb77f727246d10b8efb0956ea720d15451c9eaf2446ee345c4da7095,490e332b2b171616,
dataset/train/glioma/Tr-gl_0030.jpg,glioma,glioma,0,train,60248a00bd87d82df7ccda699011f025fb89c9eada4f7ed9378025748dcdb602,4d0f330b33372b23,
dataset/train/glioma/Tr-gl_0031.jpg,glioma,glioma,0,train,1d081063864f82c9515c403104648bf397067d325ea1b4549bed8c81281bc075,4f1f172f0f171717,
dataset/train/glioma/Tr-gl_0032.jpg,glioma,glioma,0,train,27c1d275c113ab549b096ae567f53009f3378d8531382d68c2b331145428041f,0f13230f4f1f3717,
dataset/train/glioma/Tr-gl_0033.jpg,glioma,glioma,0,train,02a08fcf2dd0174628542caf95a31182cd15519ca4140a5b4ee938207dc8da02,210d1e37332b2b0e,
dataset/train/glioma/Tr-gl_0035.jpg,glioma,glioma,0,train,948a7cf1ebd51f71b4c9abd44c499e6f1e2a74757c8a18a2c498cbcb5d0b8687,610f332b070f2b33,
dataset/train/glioma/Tr-gl_0036.jpg,glioma,glioma,0,train,9f4ed340f6a7445bae80428fd41e2276da59003adeec229ae2496737b8ec2575,4d0f0f0f330b2b16,
dataset/train/glioma/Tr-gl_0037.jpg,glioma,glioma,0,train,6ee4ebaf266b93e91e0118f53b8866bcf244e3b3cd9954a196b13cf8bdfdcf11,0e332f2b13171313,
dataset/train/glioma/Tr-gl_0038.jpg,glioma,glioma,0,train,57aaaf1c82e82c9e3c0ba5c1190de5edfe67307c2474324f49cbd3f34c092b06,c4872b0f2521310b,
dataset/train/glioma/Tr-gl_0039.jpg,glioma,glioma,0,train,360cd017354f0568dfcd5d242b92a502a1bd7a68b8afb3798f550dcf9abf770f,c886170f36560c1b,
dataset/train/glioma/Tr-gl_0042.jpg,glioma,glioma,0,train,45f2241b30fd00f31ac348b51c494a3eb371a288cc3e61060cb55192ba3d9b26,4d0f272b0b2b0f0f,
dataset/train/glioma/Tr-gl_0043.jpg,glioma,glioma,0,train,598cc0afe5393e23bd2088621622ade0ba7561a309aeb24167bf888dbe41b87e,4d0f170f33371317,
dataset/train/glioma/Tr-gl_0044.jpg,glioma,glioma,0,train,f3ce51c275ec36fd22285c12cb6475b6411eeb4394ca83e4c0efcfaa296a207a,4c1723271717169e,
dataset/train/glioma/Tr-gl_0045.jpg,glioma,glioma,0,train,6654e7230d913bb300124594c2373b0267cd274e1ce56a0466dbf9a40d9efa46,8e274b2b631f3e33,
dataset/train/glioma/Tr-gl_0047.jpg,glioma,glioma,0,train,d6d9089266cc3cbc859358c7311a5f524696693399e8f5810598e9c476fe337c,478b2b2355596b3e,
dataset/train/glioma/Tr-gl_0048.jpg,glioma,glioma,0,train,94e7b57894aafe66ee3997d4dcf1fdedc629270173bce7ece9c4a0414acaeb9a,46831727333b3f8f,
dataset/train/glioma/Tr-gl_0050.jpg,glioma,glioma,0,train,c456ec1984d3094468962ce2ed5359de0a40bfca809c36ed6b78911664a93eea,8f031927311f1d79,
dataset/train/glioma/Tr-gl_0052.jpg,glioma,glioma,0,train,bd05dccad67cc85ab25fdef6ff9dd6a8af521d8bb89a0a47261957a29e4fcab8,4d0e0f2b1b3f0e4d,
dataset/train/glioma/Tr-gl_0053.jpg,glioma,glioma,0,train,b28ebe80454818c55fc8568b7e4e0e66800e7c84f0564635d431385542a5105b,0f17171f27370f0d,
dataset/train/glioma/Tr-gl_0055.jpg,glioma,glioma,0,train,79f97095d65881c61646194067fee5251af85f552c5f8cc1e0925e3e28745b99,0d0e1b1b27170f69,
dataset/train/glioma/Tr-gl_0056.jpg,glioma,glioma,0,train,c384b3a255b5ada9f8e45c230745f26058ac0b3ce397876d09579797af6ccef4,210f173337170f21,
dataset/train/glioma/Tr-gl_0057.jpg,glioma,glioma,0,train,911d3626b8a05a725fa6978fe84a020a04115e848bcf3cb3e6a267a85467298b,290f17332b170f21,
dataset/train/glioma/Tr-gl_0058.jpg,glioma,glioma,0,train,b3e060d18e8df599cb6edb786f45ea79b27e1d581c4dfce3a442e22972f59b2a,0d1f2b2f0b2b174e,
dataset/train/glioma/Tr-gl_0059.jpg,glioma,glioma,0,train,04c2311c9584390845a23eb5a9340a8fe8f42dea2c88050490e6396a5aaae324,0d0f172f0f2b074d,
dataset/train/glioma/Tr-gl_0063.jpg,glioma,glioma,0,train,14511cd5b963d3a3a667f449e938cadee3f00e4e7b53be1591f02297010bf42b,4e0f0f2d2f2b0f4d,
dataset/train/glioma/Tr-gl_0064.jpg,glioma,glioma,0,train,8f92f446ee6b036c6ff6da910f89fd3815460e11fa2c5481c81521375a387fc2,4e0f1b17072f0f0d,
dataset/train/glioma/Tr-gl_0065.jpg,glioma,glioma,0,train,dfc61077eb8b84e7b3ea1f0cfdc867accfab142958d4075e5ba6a653015cfbee,0717172f4f0b0f4d,
dataset/train/glioma/Tr-gl_0066.jpg,glioma,glioma,0,train,dc6c70e6a7e90756a4713d96dbef0df572abc011ee958aafb1703c265a7df16c,4d0e17170f2f0e4d,
dataset/train/glioma/Tr-gl_0067.jpg,glioma,glioma,0,train,4a85b14a7dab3bd793ac7b975fedf9cdaa51f77561673aa1699778cba44b70dc,334d163b2b170f21,
dataset/train/glioma/Tr-gl_0068.jpg,glioma,glioma,0,train,fc4eb2e160feadca9e7b0cd2acbd38592226cb66c24bcdc59e4b5ded010f49b0,0d17172b0f170f4d,
dataset/train/glioma/Tr-gl_0069.jpg,glioma,glioma,0,train,48331ba7fe64a0b7325b9da0a391ffcedc5da399b8a7aff69f892bd4862fcb7e,330d0e1f17170f21,
dataset/train/glioma/Tr-gl_0070.jpg,glioma,glioma,0,train,b6e2fb25f4b7058909e2c31d14e7841f584477409c5ed7f6e6f38a6b6cb8343a,4d16372f0f0b0e49,
dataset/train/glioma/Tr-gl_0071.jpg,glioma,glioma,0,train,20f46ebad3677a5e46259cf20c68cfb795678db165ac28af110ba6e4edeec82b,290f172b2b3b0f4d,
dataset/train/glioma/Tr-gl_0073.jpg,glioma,glioma,0,train,fba421993b1b308f158ce88bfe09d3321f9f4e711ccab12d2b9e945a1cf3b1a9,4d0f2f0b0f0f164d,
dataset/train/glioma/Tr-gl_0074.jpg,glioma,glioma,0,train,29bcc1bb24dd430463715cda9efdd30a8f9b3c9bebee300d22c447ff34cc7220,0d0e2f2b2b1b0f4d,
dataset/train/glioma/Tr-gl_0075.jpg,glioma,glioma,0,train,0423469c6b0d771688530aa2670050b206dacb0a567ed453eb0f5c5b581997e7,090f0e1f0f171e4d,
dataset/train/glioma/Tr-gl_0076.jpg,glioma,glioma,0,train,f63d90f5ee644776dd4c418aefd72f26b263c5dcfe1fbc92f291814ddd167aa9,210f0e1f0f0f0f4d,
dataset/train/glioma/Tr-gl_0077.jpg,glioma,glioma,0,train,897cfd157984160cef5735daa9a0446f4dd8761123ee0c3818c909cba1073e75,0f162b172f2b0f4d,
dataset/train/glioma/Tr-gl_0078.jpg,glioma,glioma,0,train,7c7553a848fc1e05bcff0a0ba24f33a4375619bbabf79c083fafe0c2c6bc2f10,4d16372b0f170e49,
dataset/train/glioma/Tr-gl_0079.jpg,glioma,glioma,0,train,d36f758e8b183c52e3b9b1ee3db10b26db5462402c9454c816adb9985750ca80,0e0f3313232b2f0d,
dataset/train/glioma/Tr-gl_0083.jpg,glioma,glioma,0,train,146c695c2c24d20753fd232b93018b5b43fffadcedb35deaf5c7392e260fa846,0d173b270f2b174d,
dataset/train/glioma/Tr-gl_0084.jpg,glioma,glioma,0,train,ed7a64d0dcda41a70825510279c8676c488c73923c741e0c15c34e7957b277e2,490f373b2b370f41,
dataset/train/glioma/Tr-gl_0085.jpg,glioma,glioma,0,train,fb624f892c3c2882668fb019f0b91897dc7c7b685f03767e3faed42d32a32b0c,1d1617132b2b0e4d,
dataset/train/glioma/Tr-gl_0086.jpg,glioma,glioma,0,train,2bef45e6cdda30b99a184cc4c70cab3af7f3bdcd76d41c7517f67e5515a7da3f,0f17071b170f0f4d,
dataset/train/glioma/Tr-gl_0088.jpg,glioma,glioma,0,train,901ed39e067e4bcc3f209e7f8cc65212630f2c1da1f8df25e8104ea89f7c9dd2,0d0e1b270f2b0f4c,
dataset/train/glioma/Tr-gl_0089.jpg,glioma,glioma,0,train,9458e2108f58e699fa18cb6bee590f4801f6c23b52bc923a8236571ddeb11989,4d1e0b372f2b0f4d,
dataset/train/glioma/Tr-gl_0090.jpg,glioma,glioma,0,train,ab9ece3b7c65e26636ab7cc52aa793cd1c61612eb78295a9e21948ed5811ec51,0d0e27171f2b0e4d,
dataset/train/glioma/Tr-gl_0091.jpg,glioma,glioma,0,train,8dbee0b2f41557b58b1a5ff0d1ddf3a943532d9aa52d3da77696f92e2db784d6,490f1e0b2b3f0e49,
dataset/train/glioma/Tr-gl_0092.jpg,glioma,glioma,0,train,f18608438118e39d661c5f82242ace781a24cc8c61bf9d44aaf10aff1399df13,8e2b3f170f131f37,
dataset/train/glioma/Tr-gl_0093.jpg,glioma,glioma,0,train,6bbc48a7bee5611af0ef9ce919f54eb618a9cc46740ca55e0570a064b74c484c,0e1f17172f131b0b,
dataset/train/glioma/Tr-gl_0094.jpg,glioma,glioma,0,train,86c886be811d610b2e9d9ff2fee6ba367bc89587606f8bef71c51f466bdd4c4c,8e332b1f4f173317,
dataset/train/glioma/Tr-gl_0095.jpg,glioma,glioma,0,train,eab2257dbe0e589ed14396fd2706e8dadcf960c552a42d49a2e796efc4a5b81c,210f172b0f2f1313,
dataset/train/glioma/Tr-gl_0096.jpg,glioma,glioma,0,train,fc995e13b75f7a73ebce395e7bba9ea485bc180661083c62cce261d734fc6b9b,690e131b33170b0e,
dataset/train/glioma/Tr-gl_0097.jpg,glioma,glioma,0,train,729bb5e5a12a8ae5bc067ee85716eb7aa81d1a25d92ab33890b0a22f6a9b17d7,0e1e1b332b2b0f4e,
dataset/train/glioma/Tr-gl_0098.jpg,glioma,glioma,0,train,4d1c448939dc09f60e049a5969f4157d2a40b877f0b9fe27e3f2461fd120b909,8e3717170b17170f,
dataset/train/glioma/Tr-gl_0099.jpg,glioma,glioma,0,train,6bcea9d04e7d40cd00b1102d3196666e351abb772e4a49ad15c2efe9af0a0102,4c0733172f3f1717,
dataset/train/glioma/Tr-gl_0100.jpg,glioma,glioma,0,train,56ed55321fe63c4fda75b53c0c2cd4be26ffdad3734040e2d25a37de30c9b31e,4d0e3317374b132b,
dataset/train/glioma/Tr-gl_0101.jpg,glioma,glioma,0,train,7f5c2b3e60ea76c5fd35ce9a2ec57f3d9b16fe1d34be300fec44ffa23c2185be,4d0f332707573337,
dataset/train/glioma/Tr-gl_0102.jpg,glioma,glioma,0,train,0aae6a419911e500d4a12257546a022b8aee1e4cf46bdf4acdfcb69e351c6837,0d061b0f0f2b0f4e,
dataset/train/glioma/Tr-gl_0103.jpg,glioma,glioma,0,train,8fd270e23f123462d7e808cfaff5ca63f12f539dd311b7c69ed9be89d3991636,0d162b2b0f2b174d,
dataset/train/glioma/Tr-gl_0104.jpg,glioma,glioma,0,train,ab20f2d55b645d2e207356a7d60474142dde7002ce4497d1de09fcd8bef90e39,490f0f33270b0f4c,
dataset/train/glioma/Tr-gl_0106.jpg,glioma,glioma,0,train,3306a930faabe607950226a55c6364e96562af7d407ae2d031cca687e91124c4,0d0e373b0b230f4e,
dataset/train/glioma/Tr-gl_0108.jpg,glioma,glioma,0,train,d26ec4b155344b81697a2e3c09abb61d565af48304a866a7f5f70eaf3a3928ad,4d0f3b0f33350f83,
dataset/train/glioma/Tr-gl_0109.jpg,glioma,glioma,0,train,e6ba18e01130b322141d8c26282fdb59edd206a5ba72c96176791710c67c11bf,0e2b2b075f171737,
dataset/train/glioma/Tr-gl_0110.jpg,glioma,glioma,0,train,dcb8d6cb4496603b7d8757bef29fa39cf1d84a4e5d953b3135d19dbd788b7dff,0f171b0f17131317,
dataset/train/glioma/Tr-gl_0111.jpg,glioma,glioma,0,train,7ba05d4c12d45dd2075150556b31ae695923af203dee102db060f9d33c1559a1,4d0f1b1b0b133b13,
dataset/train/glioma/Tr-gl_0112.jpg,glioma,glioma,0,train,b86a5a9523695e65acb20db8ffa02aa18853fedd71e104b94f2b5e99600c8c36,4d0f33132b13332b,
dataset/train/glioma/Tr-gl_0113.jpg,glioma,glioma,0,train,a7eb14f5ead7eabcce28fd3553c636dd36602e7783a8a0ebece67dfe31c8b4d9,4d072b090d4b5149,
dataset/train/glioma/Tr-gl_0114.jpg,glioma,glioma,0,train,cf90b0bf60072335ccd09ca4010f5f5e5eca70001b864c36af2cf6723e0bfc5b,610f132b132b2b06,
dataset/train/glioma/Tr-gl_0115.jpg,glioma,glioma,0,train,ed635d0e53a8b9f12c291cc7a4da5d15c75acc5970653a752dbc364cc69a9fce,4e07330f2d250f0f,
dataset/train/glioma/Tr-gl_0116.jpg,glioma,glioma,0,train,bf416c724c2f6de1aef758d25d5b5062490b3c05563de10f3fa268516607f6f4,611f371b1b33132b,
dataset/train/glioma/Tr-gl_0117.jpg,glioma,glioma,0,train,8ca09bcc0ce38c544bc5f555e7efd5c4db6ddd9688bd7ff0ca32df90152eb58d,0f132f172f17170f,
dataset/train/glioma/Tr-gl_0118.jpg,glioma,glioma,0,train,497b80712bf14d78c793d122527ac5dcbd7a451a0b52c4555b70e375d33b3598,4d1f0b0f2b1f271f,
dataset/train/glioma/Tr-gl_0120.jpg,glioma,glioma,0,train,e31b77a60b2337c5c53ed8fe0866e52109e720384c5ee49ddbfe4a34cba76b49,0f161b133b2b0f4e,
dataset/train/glioma/Tr-gl_0121.jpg,glioma,glioma,0,train,085cc0807e954c78d1307ac6a94396d3e24d1fe13ba7ec29134f698e9a0d7276,0d17170b0f2b1f4d,
dataset/train/glioma/Tr-gl_0122.jpg,glioma,glioma,0,train,dff33b87978a17019edb823f78c4ace353032f310409d06b5300cb8242caf637,0f173707070b0f4d,
dataset/train/glioma/Tr-gl_0124.jpg,glioma,glioma,0,train,0bc0be8871f372f283b693bcc3063a78edc8a1a8860ffbb65dea7f1c201ac22d,0f17272b0b030f4d,
dataset/train/glioma/Tr-gl_0125.jpg,glioma,glioma,0,train,b2dd3826363764467eaf32a49acd39d802f01e519ff24d0cfb8ed3bc1085780c,0f17270b0f0b0f4d,
dataset/train/glioma/Tr-gl_0127.jpg,glioma,glioma,0,train,88462cfdd72c0a289d3152fcf6b15b0eefdda24534847165a7220114208d6e9e,0d0e27272b030e4d,
dataset/train/glioma/Tr-gl_0128.jpg,glioma,glioma,0,train,c0b48ab6a61a481c686d4652c95cabf74be8d1d495e7f8d8968adccb49286d1d,0e1633350d030f4d,
dataset/train/glioma/Tr-gl_0130.jpg,glioma,glioma,0,train,7d8aa6a3ef9ad68abd21eaf058996327c05aae7df87d1442133428bcebff0f93,1617230b0b230f0c,
dataset/train/glioma/Tr-gl_0131.jpg,glioma,glioma,0,train,f79e1e7778b20b366ab1811a071ed08cabca558bf8f98a33d7df87c1cc5d0f2b,0617230b072b0f0d,
dataset/train/glioma/Tr-gl_0133.jpg,glioma,glioma,0,train,74bc45f1e1e08c9ecc7c4604918d4ffad8431d59bdd930edd7fcb279e73997ff,0c162f0f132b0e0d,
dataset/train/glioma/Tr-gl_0135.jpg,glioma,glioma,0,train,d58cdf17314a094da866df2f63739ea31b549cb3daf7ac9e7c84fae9f3b4bb1c,0c0e07230b2b0e0d,
dataset/train/glioma/Tr-gl_0136.jpg,glioma,glioma,0,train,b3e23a07ea2fe7eb605c6b788bcfe709e586b7923abcacf910a74d8f1b15badd,4d0e17170b2b0e0d,
dataset/train/glioma/Tr-gl_0137.jpg,glioma,glioma,0,train,a3841aa70a2bdab533746b7e6cc89d2c1432758b027079b0d92378241c18ab44,4d0e071713230e0d,
dataset/train/glioma/Tr-gl_0139.jpg,glioma,glioma,0,train,ae85d24aa7f79cd5a521ff5e3e9a58feed4e7df42a9cc469e5cacf25c5d1784f,490f162b2b230e0d,
dataset/train/glioma/Tr-gl_0140.jpg,glioma,glioma,0,train,6f566c487c93c1aaa57b8aad117eaca8dca0ca8a6303a3e529c0b27b1ef898e3,0e0b33131b2f1f1d,
dataset/train/glioma/Tr-gl_0142.jpg,glioma,glioma,0,train,e2b835d75860e3b9ba30540246852fb83ec3e455c5915ff90e3de303f0f9bf75,4e032313430b1e49,
dataset/train/glioma/Tr-gl_0143.jpg,glioma,glioma,0,train,7cb479ac3290e8b903cd1d3a91dcfdda3269446b7c996591b0f5784bf520bba4,4e0f230b0b030e41,
dataset/train/glioma/Tr-gl_0144.jpg,glioma,glioma,0,train,80fd3e27df1d9f8ff58dbc60cd3638560d5e2900ef62a94dedbe31fe0e13e080,460f232303030e41,
dataset/train/glioma/Tr-gl_0146.jpg,glioma,glioma,0,train,200b959652de0f60b47efcff3407e3948439be92b37d96909c07a4d1d073ec2d,0e0b234d0b0b1e0d,
dataset/train/glioma/Tr-gl_0147.jpg,glioma,glioma,0,train,2805de4c00039356de8a0386aec28ce7488c17adf4afdec087a938ca85ecdd67,0e13234f07071e49,
dataset/train/glioma/Tr-gl_0148.jpg,glioma,glioma,0,train,23929261c95c77154e6f95e4d5eb1f588e49f157c3651646180b22da1314187e,06032347170b0e4d,
dataset/train/glioma/Tr-gl_0149.jpg,glioma,glioma,0,train,6867d98872346fb442cff19f2e1326970dc190182ba263d25bf2625fc005b8d7,0e0b2353170b1e4d,
dataset/train/glioma/Tr-gl_0150.jpg,glioma,glioma,0,train,529b71783a1ed30fc10fe95bb7270eb9d99eec04cd120e49aba2470ebb1c9e8c,06033b530b0b1e49,
dataset/train/glioma/Tr-gl_0151.jpg,glioma,glioma,0,train,79ed29f95df80bdd32124be165751d2b25020b084efd4887912b42662162e9b9,4e03231b43030e49,
dataset/train/glioma/Tr-gl_0152.jpg,glioma,glioma,0,train,ff63857a8aa06cdbfbd40b5d828324866fe91cab14c886957162af8164aaba7f,0e2703530b2b0f4d,
dataset/train/glioma/Tr-gl_0153.jpg,glioma,glioma,0,train,0caa6656a59e4cdc10f7f8154438407597936eee3c18273bd2793089947d58c4,0d0e0f43032b0e4d,
dataset/train/glioma/Tr-gl_0154.jpg,glioma,glioma,0,train,c96b76377cfd0f956a2200be5067b44ec2aea4b077dee87d3ea86123ad5aad26,0d0e0f4b0b2b0f4d,
dataset/train/glioma/Tr-gl_0155.jpg,glioma,glioma,0,train,dcf7a36f199d984a5e6a217c2a61a562f4da52354b34045a5ff64aa34eebff65,0d0e074b0b230f4d,
dataset/train/glioma/Tr-gl_0156.jpg,glioma,glioma,0,train,09657b08e2f7520e3b043dee5bb900d0e5ac2e01198888c98c9811b60c466cc6,4d0f270b0b230f4d,
dataset/train/glioma/Tr-gl_0157.jpg,glioma,glioma,0,train,2d6cd4062cc90ee4ee2f131b0b5756ebb5d5a592cdf0436dedf0d9023d9e2a10,490f272b2b230e4d,
dataset/train/glioma/Tr-gl_0159.jpg,glioma,glioma,0,train,90b1641471f57b0568f6141950eb7dbf6d1199da2d5cdd70e2c5b9ec61bdd290,0d0e2b17070b0f4c,
dataset/train/glioma/Tr-gl_0160.jpg,glioma,glioma,0,train,b90ecd085a0a477da778131df57531a11063757a33996830c62ddc605a00ec2f,0c0f23170f0b0f4c,
dataset/train/glioma/Tr-gl_0162.jpg,glioma,glioma,0,train,791b84e8a55dd25ff12b0da9a68bc40c7cb80e596bf5f638032b65609444bfba,4d17372b2d07164d,
dataset/train/glioma/Tr-gl_0163.jpg,glioma,glioma,0,train,0ecd430b6445f0a0f1fef6381a9087109ddef284169c40ad87021c1b3ce0b8e8,0e13332d0d0b0f4d,
dataset/train/glioma/Tr-gl_0164.jpg,glioma,glioma,0,train,bb782b8598de2e0ff2997d0b49ea258d97e88899f61dcf111176f6b677e9a1f0,0e13332d0d030f4d,
dataset/train/glioma/Tr-gl_0165.jpg,glioma,glioma,0,train,502f4172153ced4d17a4555353047ebb5ac34c92a6ad7702cb9b4b99560f5ed1,4d0e13232b130e21,
dataset/train/glioma/Tr-gl_0166.jpg,glioma,glioma,0,train,8d2fa7f809ae05c99162d9e760bb61971e8a1248a36dd291aed56ef1efc89c6f,2d0e132b2b170e21,
dataset/train/glioma/Tr-gl_0167.jpg,glioma,glioma,0,train,42dd1bf7baaf1feefc003044fb8bc792392bb53a3a4a8e66ef0e482868c318ca,214f170b2b170f21,
dataset/train/glioma/Tr-gl_0168.jpg,glioma,glioma,0,train,1047ad2f928f305be5a6db28ea3120d2574656c4325fa6a291ae05378cde62c1,0e072b0d0f0b0f4d,
dataset/train/glioma/Tr-gl_0169.jpg,glioma,glioma,0,train,794fc2af7e7140234801054d9c867464701ea7f9d9cb7a4e74a0788981a7c15b,0e1723070f030f4d,
dataset/train/glioma/Tr-gl_0170.jpg,glioma,glioma,0,train,af8d9f673e52265236b321162eaa8d884e775aeaafe438d6e8d6d5a6c2580a14,0e1713070f0b0f4d,
dataset/train/glioma/Tr-gl_0171.jpg,glioma,glioma,0,train,8cc82c38191d3273c39831ccd77b95dcf72e762c29877d38ea3cba408fe1fb5a,0e1713170f2b0e4d,
dataset/train/glioma/Tr-gl_0172.jpg,glioma,glioma,0,train,7c75246de6b733cfbd35156db0175e789ddd8d8e5890b01827b686f273eac96f,061737070f2b0e4d,
dataset/train/glioma/Tr-gl_0173.jpg,glioma,glioma,0,train,e0c964d5ad77c3f75eb8819e798bddcf6b39e3179696f8042f26a299e35fecc5,06171717230b0e4d,
dataset/train/glioma/Tr-gl_0174.jpg,glioma,glioma,0,train,9fd087f86829b63b251e868568a13e466757b4dd5a274b9d99fa3e959fd7dace,46170737230b0e4d,
dataset/train/glioma/Tr-gl_0175.jpg,glioma,glioma,0,train,f54205647aa37f0362d44e0eeec99589ae01037820c1ff9af4ff958e7b6e7057,4e1703232b030e4d,
dataset/train/glioma/Tr-gl_0176.jpg,glioma,glioma,0,train,d488033d88fe4406a3a8a014e1b09b24432745a789a980f21935dd17860d27f3,0d16332f0f17064d,
dataset/train/glioma/Tr-gl_0178.jpg,glioma,glioma,0,train,c33db1413ff24739eac7fc705b90b65952a3829238e480b96270575739b1806f,0d161f270707064d,
dataset/train/glioma/Tr-gl_0180.jpg,glioma,glioma,0,train,c9f5f041c5e333ef43f1bfb3669a3c3adbf1fe957862a46ea3365789d168e55b,0d0e1f0717070e4d,
dataset/train/glioma/Tr-gl_0181.jpg,glioma,glioma,0,train,91c077d20b2a5ed36762a3993a709688ff46730a9e8b364e05e9a1160a3fb5f7,0d0e170f17170e4d,
dataset/train/glioma/Tr-gl_0182.jpg,glioma,glioma,0,train,5904695ae0d4dc800de8b3b1876ab463c2736079a56a2b026329d47b9fdb0eea,0d0f170f2f070e4d,
dataset/train/glioma/Tr-gl_0183.jpg,glioma,glioma,0,train,8e89f1ebf123360b76c3c9ab6c9293960879f5a05aff2e5dd8d0c07ef2b95e24,0d0f173727070e4d,
dataset/train/glioma/Tr-gl_0185.jpg,glioma,glioma,0,train,d93691c7255397bf5e06570fc8567c186fdc840d02ec092eeffa791281eace17,0d0f17171f070e49,
dataset/train/glioma/Tr-gl_0186.jpg,glioma,glioma,0,train,627d65ac8f9824322a31ab3421b10f8556f871adb3aead80242fbda964a49171,4d1f333717170f49,
dataset/train/glioma/Tr-gl_0187.jpg,glioma,glioma,0,train,65c45d66f94fea42b0f7995ee16adaa87963a53774e6476f8a0c51f377cef65a,490f370b0f2f0e49,
dataset/train/glioma/Tr-gl_0190.jpg,glioma,glioma,0,train,b5dba58b59db3bbfc1669a2a24d0985c9b76284ea6e2187407c0349cd882b750,0d172b2b0b330f4d,
dataset/train/glioma/Tr-gl_0192.jpg,glioma,glioma,0,train,f77a1f7b0fa9726efa9075490528196786784c86e4e3e546dcd0042e29176048,4d0f3717230b0f4d,
dataset/train/glioma/Tr-gl_0195.jpg,glioma,glioma,0,train,1726ea48b61b20e9a6300515db5b630fb538594f60d1082deca9828409459fc5,6b0f16232b030e41,
dataset/train/glioma/Tr-gl_0196.jpg,glioma,glioma,0,train,c4bbd68a13038dd5d8281cb34aa9312afae496b210ec4fc73fd267b597594a4d,630d16232b170f41,
dataset/train/glioma/Tr-gl_0197.jpg,glioma,glioma,0,train,1128518e563d150395ec2f48b607b2d62df1b1c24eac00076ab43243c0e46f6b,0e17132b0f2b0e4d,
dataset/train/glioma/Tr-gl_0198.jpg,glioma,glioma,0,train,3f092422a581888fc028c43ee346f415304dacd5f02f8c651b31e7e8974e61a2,0e17332b17170f0d,
dataset/train/glioma/Tr-gl_0199.jpg,glioma,glioma,0,train,ba403b5a8fb25a6f23c310c6d0ac861a7b4f424da4ea89528e2ad9b04c271acb,0d0e172b2b230e4d,
dataset/train/glioma/Tr-gl_0200.jpg,glioma,glioma,0,train,1bcea581efcc9aae8ba7f77960a43f250afc3d1513b252bd55af3cb1969d2aa1,0e072337332f0f0f,
dataset/train/glioma/Tr-gl_0201.jpg,glioma,glioma,0,train,fe1144021c236c2be58382751422ca0572993d3c557c8a5b2f4e947a789b9899,0e0f23372b2b0f0e,
dataset/train/glioma/Tr-gl_0202.jpg,glioma,glioma,0,train,7e059c4f963f09b78e2e854da43e940f0992473d110d503363ec275bcd1546ed,0e0f23172b2b0f0e,
dataset/train/glioma/Tr-gl_0204.jpg,glioma,glioma,0,train,517928538bbd67a6119715e047ef1d883273d4dc4d9589bb32e838f91942edfb,4d0e07332b330f4d,
dataset/train/glioma/Tr-gl_0206.jpg,glioma,glioma,0,train,f0860effbaae4401e6d32d7346aebcbf3d2104bd83e380a3d94bc419fd95b3eb,4d0e0f2f0b0f0e49,
dataset/train/glioma/Tr-gl_0207.jpg,glioma,glioma,0,train,3eb750d11f011acce33fce891763b98cda9cb430085337dfcedbadf74ac53f3a,4d0e2f2f0f0f0e49,
dataset/train/glioma/Tr-gl_0209.jpg,glioma,glioma,0,train,e2cf5756f3e0fdde82dfde591ebe5bf06dff163e77a6abdd89be7a1a828ad466,490f072b0b070f41,
dataset/train/glioma/Tr-gl_0210.jpg,glioma,glioma,0,train,75e01feaaa0cad06729098926a25ab4398d62a292f1dce5de62e363c7b7f428d,490f062f0b0f0f41,
dataset/train/glioma/Tr-gl_0211.jpg,glioma,glioma,0,train,ee39977c09526e98d190ecfeec9ef4df59b7fc0c12eb31b088e521479679f266,210d162f2b0e0d21,
dataset/train/glioma/Tr-gl_0212.jpg,glioma,glioma,0,train,653f82e0d9aa0e0bcd8438f78c61387de4f3e65ca26dbd396d1793e82b291844,230d172f2f0e0d23,
dataset/train/glioma/Tr-gl_0213.jpg,glioma,glioma,0,train,0f3737dc50b98d9b39b43d8a222bfde2b42cdef595bbc80dca817b450f2a5ca8,0c0e170f070b0f4d,
dataset/train/glioma/Tr-gl_0214.jpg,glioma,glioma,0,train,3a5ee71b5d21befecbba842ecc8140fbc9d592d8fe8654d4ce533789d564ed32,0c0e17170f0b0f4d,
dataset/train/glioma/Tr-gl_0215.jpg,glioma,glioma,0,train,5c14e8851aafe430aa95f57dad831a021a928f085985b7f48531e7ccb8b44470,480e07170b0b0e4d,
dataset/train/glioma/Tr-gl_0216.jpg,glioma,glioma,0,train,5c4325f9d165d8aa3e7ab7c42163123d37145fd8a98c3e3585932e3323ce2fdc,490e17170b030e4d,
dataset/train/glioma/Tr-gl_0218.jpg,glioma,glioma,0,train,eedae8d3a5445292fe51d2f4a166c93a40ae43c907ba3a97b3c32b0afb511c17,410f170b030b0e4d,
dataset/train/glioma/Tr-gl_0219.jpg,glioma,glioma,0,train,0afde42c2ae3149cc00a436d4d7ef16c4a2158db7daa291218834c1177b491e1,410d1e0b0b030e4d,
dataset/train/glioma/Tr-gl_0220.jpg,glioma,glioma,0,train,7aa0bb3469fbd5acc5cfd1976e797e7787ae13fc4a86461f94f7e126055f56e0,490f2723070f0e49,
dataset/train/glioma/Tr-gl_0223.jpg,glioma,glioma,0,train,d0c2ff85a97206d2c459c6381a8c70d8bf82b0af99ec78a22d8ee55186a72921,0d0f3b2b13170e4d,
dataset/train/glioma/Tr-gl_0224.jpg,glioma,glioma,0,train,a9e786da1394fb76996b32fbbc4275471d5803e5edb446b6186dcc22cfc4aed1,4d0f1f2b232b0f4d,
dataset/train/glioma/Tr-gl_0225.jpg,glioma,glioma,0,train,9d2b582a018b3798d22a1151abf2d4a40462005c81de04e94aa880e55219f6c0,4d0f172b232b0f4d,
dataset/train/glioma/Tr-gl_0226.jpg,glioma,glioma,0,train,1f59aa1661beb9b8d8feebc2f2c155425fd414239bf4aa96995b3755f1b97427,4d0f072323270e4d,
dataset/train/glioma/Tr-gl_0227.jpg,glioma,glioma,0,train,5a4c0f57d02df06ad20c53dbddef23853d3c469e85511737c2dcd2a33a266f88,290f172323070e4d,
dataset/train/glioma/Tr-gl_0228.jpg,glioma,glioma,0,train,64c576383e0de9f4a278e9e80e19a4429270d631d9ae74fbde11775696b11509,2b0f172727170f6d,
dataset/train/glioma/Tr-gl_0229.jpg,glioma,glioma,0,train,50e6b420dcb3eca314123e41c461a96d9294dee20afcbc89b028847b3470751f,4d17172b0d170f4d,
dataset/train/glioma/Tr-gl_0230.jpg,glioma,glioma,0,train,34a108b3f5e37d553a927ff08d55a6dd705a96ea10c0b0fc277675706d0a9519,0d17232b0d170f4d,
dataset/train/glioma/Tr-gl_0231.jpg,glioma,glioma,0,train,2fa10c2ffc8e0cc26883ea3ecab186269601b878eb227a5e448250f6a8e14039,0d0f0b230f170f4d,
dataset/train/glioma/Tr-gl_0232.jpg,glioma,glioma,0,train,4743b7c2296bc67268e833de947f57cb29f40ff081f44fb3f55d8a329e20158a,0d0f172b2f070f4d,
dataset/train/glioma/Tr-gl_0233.jpg,glioma,glioma,0,train,b03ad833a77b107b620822bd93dfc13720feb8fd1394db2b5b64cf8de07c298e,0d0f172f2b170f4d,
dataset/train/glioma/Tr-gl_0234.jpg,glioma,glioma,0,train,2b8b29293d8d35cc57a4f9a755061d06a813fcdd2c57c8da2fb0d629c080289c,0d1f1b0f23030f4d,
dataset/train/glioma/Tr-gl_0236.jpg,glioma,glioma,0,train,b877880b7702ead56ba91b4e9cd966c5bd9ee16bc8866d6a5746da6f36dbb785,0d0f1f2323230f4d,
dataset/train/glioma/Tr-gl_0237.jpg,glioma,glioma,0,train,56a1651adee3f419612feda300596a3fac9ed6a2c7e0bdd015421fe1fcd9114e,0d0f071717170f4d,
dataset/train/glioma/Tr-gl_0238.jpg,glioma,glioma,0,train,56997c66cdf2fe85e3162afdef80a0eb30dc5c6976f790af2158d007d5b485af,0d0f071717170f4d,
dataset/train/glioma/Tr-gl_0239.jpg,glioma,glioma,0,train,07776587c4e9aa90b0bc8ddcf66dc58432cc9b7642f3a92bbe2c65d9c327cd6c,0d0f071717170f4d,
dataset/train/glioma/Tr-gl_0240.jpg,glioma,glioma,0,train,bc34e9a5fa14d6c40e16183ee694138cd907400ef00c16df26ce9974fe6e0fa6,290f071717170f69,
dataset/train/glioma/Tr-gl_0241.jpg,glioma,glioma,0,train,b8d2d8d29b3a38fe0b2d922dc4ce2f3f76220845206cd6d9f10a80ef07c43a43,230f070717170f21,
dataset/train/glioma/Tr-gl_0242.jpg,glioma,glioma,0,train,438eed9a34468badd4c2ff2b54090b0630ae344c4f8a11ed762b437858474a95,234d0e0717170f21,
dataset/train/glioma/Tr-gl_0243.jpg,glioma,glioma,0,train,80882336cbcee87273f0092823a3f38023ec7264ea986c0dcef324fd39ba4c0f,490e072b0b230e4d,
dataset/train/glioma/Tr-gl_0244.jpg,glioma,glioma,0,train,1d127bfe899af629fa92e41459c602e7b2cdbe7e8fa13d2b3459adef4880e8fb,490e27230f230e4d,
dataset/train/glioma/Tr-gl_0246.jpg,glioma,glioma,0,train,7c75806d183f1ceb851366b68980512dc310aa5c5f6aa5c226a74bfd702a779f,210f072b0b330e49,
dataset/train/glioma/Tr-gl_0247.jpg,glioma,glioma,0,train,d3a1c0c8018db03ae8040595cfdf59a2e79e2297870e478029ebc014c36a833d,214d0e232b130f61,
dataset/train/glioma/Tr-gl_0248.jpg,glioma,glioma,0,train,9bfef55df733a84ee21e4a2a5003f3c52e6a20ae60512a9298233f6ae6adbb4d,334d0f372b170f21,
dataset/train/glioma/Tr-gl_0249.jpg,glioma,glioma,0,train,91fe51694ca8e6293772699f39fbdf863acac9c756db70392b0102af0faf976a,11690d1633074d31,
dataset/train/glioma/Tr-gl_0250.jpg,glioma,glioma,0,train,1a3dbb6472fc310654fbfceb2b1484da6f62d5ae28fe0ab0497ffcfbfa024d44,0d0f271717170f49,
dataset/train/glioma/Tr-gl_0251.jpg,glioma,glioma,0,train,e4349780789fefd67ee069c48ed9746f0a11a2498ae67fe4f7db22eb04bade06,0d0f271717170f49,
dataset/train/glioma/Tr-gl_0252.jpg,glioma,glioma,0,train,f9edd53c12e8fff12659f93e5074df07ffc20c2396b8f8046f70e8089c1f6729,4d0f271717170f49,
dataset/train/glioma/Tr-gl_0253.jpg,glioma,glioma,0,train,ce54bcf23955da28248f5a873a57cd51f974c5f53f26a4d80377098c9935d7ce,490f270717170f69,
dataset/train/glioma/Tr-gl_0255.jpg,glioma,glioma,0,train,579c5c89088c2fbbdc741288262b38e546f7ed0cada1bb4f3b000ab3eb58cf9c,6b0d270717170f21,
dataset/train/glioma/Tr-gl_0256.jpg,glioma,glioma,0,train,25242fd109da06067b0b77006ee39b18dc7962b8168bf3c36a3f49d4ed8edabc,0d0f27370b130f0e,
dataset/train/glioma/Tr-gl_0257.jpg,glioma,glioma,0,train,00447a5e4dba64bb0e3e97c8c943131b85bd5c27aec22ca12cc3b824f20f53c6,0d0f271333130f0e,
dataset/train/glioma/Tr-gl_0263.jpg,glioma,glioma,0,train,0aba7464082abbeca6677266ac8feed2c3c242dde6a833a6f456174a29330400,4c0f2b090b1f0e41,
dataset/train/glioma/Tr-gl_0264.jpg,glioma,glioma,0,train,1cb383948a156aa10dcc284876493c034421e25109837d4fb56dcf12eead96db,4e17071503070e41,
dataset/train/glioma/Tr-gl_0265.jpg,glioma,glioma,0,train,1a06ff004a92ce02084bad455d8ae160a11a12a23be33725fa829d15b760f981,4d16130b0f2b0e4d,
dataset/train/glioma/Tr-gl_0267.jpg,glioma,glioma,0,train,5049ff9bb12c90021c188302a492b7e25de691d711d6cb1edad16f3fac3a15bc,4c072f170f270e49,
dataset/train/glioma/Tr-gl_0268.jpg,glioma,glioma,0,train,34afadc89aac69e012a37d032cbe12e7c5e4b896352d85583ee90feba8c23a4a,4d1f13234b0f1f0d,
dataset/train/glioma/Tr-gl_0269.jpg,glioma,glioma,0,train,0cca19a5e415c7bdab32f9dcc5f463e62e7b1f053e2e59c4baed1a7bad5a8a05,4c0f2b2b0f0f0f4d,
dataset/train/glioma/Tr-gl_0270.jpg,glioma,glioma,0,train,dd00d89233f404ed4f8b4787b151a68befd2cc3efe5da630c130d28cdb991d3a,290f172b2b230e4d,
dataset/train/glioma/Tr-gl_0271.jpg,glioma,glioma,0,train,5ad800457e7500890f28bc883be7f50ba277d53b32227281c873618119c60de4,210f173723030e4d,
dataset/train/glioma/Tr-gl_0272.jpg,glioma,glioma,0,train,090d04d4db8edde47a1c90163d00105e8316ffcae807e05a8a43fa8966f8bdde,4d0f17270b171f0d,
dataset/train/glioma/Tr-gl_0273.jpg,glioma,glioma,0,train,824816b041c2771ca444a742d7ef17caa4dba41246398e1353b0f615f6d9acb2,4d0f172f2f070f0f,
dataset/train/glioma/Tr-gl_0274.jpg,glioma,glioma,0,train,ba431199f1aedd94c171d5e0cedddc067825283fd0618a6fa3cecc958fb9395d,4d0f172b2b130f0d,
dataset/train/glioma/Tr-gl_0275.jpg,glioma,glioma,0,train,aace60e9ff85e29d0cd635d8d0ccb2bbdcfa5eab6297d50ad86572ffe8bdcd28,4d0f171b2f230f0e,
dataset/train/glioma/Tr-gl_0276.jpg,glioma,glioma,0,train,5fbdaa16a930bd87508d871123a081eb62c662fe9afe7e2b230cd5647d4284e3,4d0f171b272b0f0d,
dataset/train/glioma/Tr-gl_0278.jpg,glioma,glioma,0,train,504737ea95f3b3603fd201fff99a71849d96abbd9986799ca21cae8cb07f163c,4d071733232b0f0d,
dataset/train/glioma/Tr-gl_0280.jpg,glioma,glioma,0,train,cbe96b10b83ebe09bbb1c7629c03b299a30b3113274a83196829276414384b2c,4d17270307231f0d,
dataset/train/glioma/Tr-gl_0281.jpg,glioma,glioma,0,train,c94ea7a6c46e62bcd4200c47aa4b9f90542cafb888e2f65a875b9e52651b67b0,4d07270707231f0d,
dataset/train/glioma/Tr-gl_0282.jpg,glioma,glioma,0,train,f2a91f004b9f4803042348d4cc09d3a2507b0c375e034e179d63f31d840b4fb4,4d0e0b0f0f0f164d,
dataset/train/glioma/Tr-gl_0284.jpg,glioma,glioma,0,train,519cf3d164b71a4e86978141c2982ac4d99dbe42f1bbcc67be3941a0d04f9563,4d0e07071717064d,
dataset/train/glioma/Tr-gl_0286.jpg,glioma,glioma,0,train,0245aa59caf25e505635046f4235f485ae09f47829900c4f39e837ab5dd3cd01,0e0f0b070723174c,
dataset/train/glioma/Tr-gl_0287.jpg,glioma,glioma,0,train,70e0d05ddcc25c5d083269466bb05f598d248f1052e310a1c4398a850e36fffd,0e0f1317170b0f4d,
dataset/train/glioma/Tr-gl_0288.jpg,glioma,glioma,0,train,e0fd19d0ffbf3a133b2b681a4aabe6f882cd6ade2755a4e8d379db267af0483d,1c1e372b03270e49,
dataset/train/glioma/Tr-gl_0290.jpg,glioma,glioma,0,train,504144c0caee74787c0695a649aa9d3aa6f20d094a4a6a2a2961ed59c7b76bb7,1c16230b0b170e49,
dataset/train/glioma/Tr-gl_0291.jpg,glioma,glioma,0,train,f0f9d00bc5959cf28788512d3033a9ceec6acdf85d98de913ea5713366752c87,0c162b030b2f0e49,
dataset/train/glioma/Tr-gl_0292.jpg,glioma,glioma,0,train,ac3b3560e26fad13cd07739dd8c875584f9a68901f7340710818275420f05334,0c0627130b2f0e49,
dataset/train/glioma/Tr-gl_0293.jpg,glioma,glioma,0,train,beab9a34cec32f69fa102fad0f00495992042e00e32bb303888888ec15d1ddd5,0e072b23230b0f4d,
dataset/train/glioma/Tr-gl_0294.jpg,glioma,glioma,0,train,9b3cfdbcf1f12464792c53d3814bc07eb3f082ca13c343b28ef1a84c49faeb77,0e072b232b0b0f4d,
dataset/train/glioma/Tr-gl_0295.jpg,glioma,glioma,0,train,4073419a9e022848bd351e286fbb82c04607aea56bf762b51ab1d7ffd2a3c830,0e071b270b0b0e4d,
dataset/train/glioma/Tr-gl_0296.jpg,glioma,glioma,0,train,d8ed005ff7b80c1dc76681677fa22df91f75432f114b7f84f2080a58c7053652,4e0f0b230b030e4d,
dataset/train/glioma/Tr-gl_0298.jpg,glioma,glioma,0,train,b01c39342f02566329c7bf4cfba8be3c9c7c5f4f91ffbc6153aca6e6b3fe27e1,4d17172f070b0f4d,
dataset/train/glioma/Tr-gl_0299.jpg,glioma,glioma,0,train,f5c1c9408efd66fbd39958b82f5ccc9793a49ac4c7f4c9eedbbe467c11d96e0c,4d17172f0f2b070d,
dataset/train/glioma/Tr-gl_0301.jpg,glioma,glioma,0,train,d632933d2a4fdf304c4fd056db8f5b97023f324cba30814ac67fc1634d3aa448,0f1733170f1f1e4d,
dataset/train/glioma/Tr-gl_0303.jpg,glioma,glioma,0,train,ae817a77352a3aaf943004cb7d80f453c1b7b89f0113557ff58d662cc59733ae,0f07071717170f4d,
dataset/train/glioma/Tr-gl_0304.jpg,glioma,glioma,0,train,684a20ec59ebb6e76e9e0a256b0d5c4a8467f8787e2d0266841c6ced871e9d48,0f071713330f0e4d,
dataset/train/glioma/Tr-gl_0306.jpg,glioma,glioma,0,train,025f23d258f09b625cffd1a37ebfd7e7510547ed57f6e021de27f9272512938e,0e06272b0b0f170f,
dataset/train/glioma/Tr-gl_0307.jpg,glioma,glioma,0,train,9c99455e209b32a72a512bd8f1d2ab96956a99a25f591bce70acae1e940a8d7f,0e06172f0f0f170e,
dataset/train/glioma/Tr-gl_0308.jpg,glioma,glioma,0,train,6ea0335ff4facceed2d8493142f0b9a569aae6609e9b424e40b6467f1d4cd3d3,0e0717172f17170e,
dataset/train/glioma/Tr-gl_0309.jpg,glioma,glioma,0,train,d2104afbac4c24475bf3067fdebc0cde603960e30a7e5ae617306185d576eb16,4d1f372b2b070e49,
dataset/train/glioma/Tr-gl_0310.jpg,glioma,glioma,0,train,bba06019a74d8f68aafb08a0fdc1da2cf47be914e17ae00d542ec60fb4b93221,490f372b2b070e49,
dataset/train/glioma/Tr-gl_0311.jpg,glioma,glioma,0,train,bcc347d587d2a67392ef727d25f285f69d3b959bf619767fde0e80c42c70c1b2,490f272b2b070f21,
dataset/train/glioma/Tr-gl_0312.jpg,glioma,glioma,0,train,2f9c792a3592c87c01a282a2eb0dd33bfb146566b4500752248a2035208e4c15,290f0f070717064d,
dataset/train/glioma/Tr-gl_0313.jpg,glioma,glioma,0,train,b834120e18dcd2faffc6a2b045801161a8a6bc1c985fdbddf7618e252ccb5602,490f0f0717070e4d,
dataset/train/glioma/Tr-gl_0314.jpg,glioma,glioma,0,train,5ccac8c5e3d461309b4c238a2cf18c9e1e4c7dcab3ed24b5214520cfa4a5bc96,490f0f0707170e4d,
dataset/train/glioma/Tr-gl_0315.jpg,glioma,glioma,0,train,5d52e3276bdc6e23566dc727aaeb20af28aa3c9718d6be6081452bd796cd0088,480f0f0707070e4d,
dataset/train/glioma/Tr-gl_0317.jpg,glioma,glioma,0,train,f9dc0760c0147553ab925440132c790cb8f7696b4d67ef1f290c73392fa0a2a2,400f0f070f0f0e4d,
dataset/train/glioma/Tr-gl_0318.jpg,glioma,glioma,0,train,d03321e5058663d692ed3fb79430490ede4858d7f5e4e1878bc047fe6a85a31b,0e062b230b2b0e4d,
dataset/train/glioma/Tr-gl_0320.jpg,glioma,glioma,0,train,5794bf363988a2a24d118db901dcce06667cd38edaa1aeb6fb528871f1b221ef,0e16332b0b2b064d,
dataset/train/glioma/Tr-gl_0321.jpg,glioma,glioma,0,train,92af07887439957669f921b30366873c639e543e7c565db2b53abce15ae23a4a,0c1623332b2b0e4d,
dataset/train/glioma/Tr-gl_0322.jpg,glioma,glioma,0,train,ea1aeb385b71f0ab30d72801ee351a7d575b24077c75f25277cdd7e1484b568b,4d0e2b2b2f3b0e4d,
dataset/train/glioma/Tr-gl_0323.jpg,glioma,glioma,0,train,c3b3d0cac8b16892db83d9cacf965b5d601531942a43d53fc8016b4c94c81b29,4d0e332b2b330e49,
dataset/train/glioma/Tr-gl_0325.jpg,glioma,glioma,0,train,8beaee7bf2d9b76a4a4f05a2445c3dcf07fc3efe93dda88eb2ee626728b8baec,490f162b2b130e41,
dataset/train/glioma/Tr-gl_0326.jpg,glioma,glioma,0,train,2bed9402d1831954c53ec65c6c2b97871ab1d4b7ec620f5aea4d62e44961922d,1e0f372b0d2b0f4d,
dataset/train/glioma/Tr-gl_0327.jpg,glioma,glioma,0,train,16348f244eeb5b220ba0a7c8333d01b66cd2b87ce4708775b41488706a40d794,0e17332b0b230f4d,
dataset/train/glioma/Tr-gl_0328.jpg,glioma,glioma,0,train,9c18e887bc1b3c694a461fa6310f68bdd6f469e4c69bc6e6ccddc59a2318e0de,0e16230b0b3b0f4d,
dataset/train/glioma/Tr-gl_0329.jpg,glioma,glioma,0,train,3f31167607d9842205d9f0577d727616185586866bd42b97e3eba120277737dc,0e172b17072b0f4d,
dataset/train/glioma/Tr-gl_0330.jpg,glioma,glioma,0,train,7ba079d4d510a7d5a0b74577ac5a4b6c7afd7e701d96ed326bd9311db1c9b080,0e1623170b2b0f4d,
dataset/train/glioma/Tr-gl_0331.jpg,glioma,glioma,0,train,49cd84bafe80bf707189460eea23b43881591aaafa2c364c991ffac5721517b7,0d0e33230f2b074e,
dataset/train/glioma/Tr-gl_0332.jpg,glioma,glioma,0,train,1d4c8f5c339c0f2026683e1fe4c908826b8598d6aba479bbc6e8b857706b23f7,0d0e3b0b0f2b0f4e,
dataset/train/glioma/Tr-gl_0333.jpg,glioma,glioma,0,train,ac351c84fb6bd5058eebe90141c50bf043c4b327b51f4e434de9ef9284c3ded9,4d1e331b07230f4c,
dataset/train/glioma/Tr-gl_0334.jpg,glioma,glioma,0,train,066312ac02e6c0e7c81ca05110fce5bccea9ceb8d9a079af4d9c771cc70852a3,4d0e132b0f2b0f4c,
dataset/train/glioma/Tr-gl_0335.jpg,glioma,glioma,0,train,6384ad4c5b46750bf5c869d97b4e73fa1f2a5cf79ace95de7fea1e427269e68c,490f172b2b330f4d,
dataset/train/glioma/Tr-gl_0336.jpg,glioma,glioma,0,train,e0b88a0eddb0ab53e49ba38342cdc83364ed057c9553b6999261bc089eb65275,210f1f2b2b2b0f4d,
dataset/train/glioma/Tr-gl_0337.jpg,glioma,glioma,0,train,009b2b1341b0a533e329f431cd0c9f5b6b8fc774c6123ef359841c6b3890d5a4,234d0e3b2b2b0f4d,
dataset/train/glioma/Tr-gl_0338.jpg,glioma,glioma,0,train,5f719b8ac95a840dbff8526aa47e7c748ef18b9ff2a54f60d435558dbb999e9a,214d0e272b0f0d23,
dataset/train/glioma/Tr-gl_0339.jpg,glioma,glioma,0,train,a197c82eb90d9303361f61e26621f5f387c1cc53f3ca67bb5fe19d21c2913779,214d06172b0e0d23,
dataset/train/glioma/Tr-gl_0340.jpg,glioma,glioma,0,train,fe5f833f8a3793c98090fc01fdd853cabefcbe5884124a51d6ef2238b8557acd,114d0f162a0e4d33,
dataset/train/glioma/Tr-gl_0342.jpg,glioma,glioma,0,train,287308f497e39bd3d645c7ce31fdea81c1a66336e1048d5334cd2d68164b21ea,4d1617330f170e49,
dataset/train/glioma/Tr-gl_0344.jpg,glioma,glioma,0,train,31fb088da52ec17c019a9ab80dc166d9a6d13fce84294856261e0ef123fac324,4d162b2b0f170e49,
dataset/train/glioma/Tr-gl_0345.jpg,glioma,glioma,0,train,360c9aa00f9abf0b2005bf5365a8916189dc3cbfd30b340c288a9c9701a81cd5,4d0e27230f070e4d,
dataset/train/glioma/Tr-gl_0346.jpg,glioma,glioma,0,train,2fc2fea88b060836ea65fd11fc88d3bc0211b6dea12ba358a12b3420bf5601bc,4c0e0707070f0e4d,
dataset/train/glioma/Tr-gl_0347.jpg,glioma,glioma,0,train,85d59fc3d0101e5fb737eef4cd85c8219bb99ae9b1b27d0e93b24e0ab2c0626f,4c0e1717030f0e4d,
dataset/train/glioma/Tr-gl_0348.jpg,glioma,glioma,0,train,62b1ecb44192dcc51421441d8dd18495725194100219b183917f2dd0d44ead4b,0d07232b2f0b174f,
dataset/train/glioma/Tr-gl_0349.jpg,glioma,glioma,0,train,2ae070d86015c3a215be58059ec2d815b48770f2242e2a91623b702557fc19b3,0d1f3b3b2f0b1b4f,
dataset/train/glioma/Tr-gl_0350.jpg,glioma,glioma,0,train,c991d162e311b262ccdd72da03e74591d2895000f95a4d63e399620106656b68,4d0f073b2b2b074e,
dataset/train/glioma/Tr-gl_0351.jpg,glioma,glioma,0,train,84a49cec0823a1a36e750f8ec807097fe23ddae43be6815c66c83ed92d73a1bd,490f171b2b33074d,
dataset/train/glioma/Tr-gl_0353.jpg,glioma,glioma,0,train,b72caaa0d0630659e6a76956033b1fc58eea931819726c3c57b8c531b9b4ccc2,0f0f2733270b0f4f,
dataset/train/glioma/Tr-gl_0354.jpg,glioma,glioma,0,train,511df8bfd3bc31e312ef801321f14bbab0fe33ad12b62be5d56ab3f654bba223,0f0f37372f0b074e,
dataset/train/glioma/Tr-gl_0355.jpg,glioma,glioma,0,train,3e3a5b9fab0b32b1fd01310140c27bc077722a87d941e336620ab87cab67ec62,0f0f33372b2b0f4e,
dataset/train/glioma/Tr-gl_0356.jpg,glioma,glioma,0,train,29d1be475119e1f492b27d70ea22917e4f5bee4e0f37a087ebf1cd6a408dd6fb,0d0f33372b2b0b46,
dataset/train/glioma/Tr-gl_0357.jpg,glioma,glioma,0,train,560bb7f85ada9922e263cd604466500c16b7d1d92ca5b4b4615546e78c8c60a0,4d062727272b170f,
dataset/train/glioma/Tr-gl_0359.jpg,glioma,glioma,0,train,f2070cb819053694fe111794ae7701aa21f9d0e40dfbbf8ea5fbd654cfdf03be,4d0e171737230f0d,
dataset/train/glioma/Tr-gl_0360.jpg,glioma,glioma,0,train,e56c899bee7db956bcf23da3742f12a1b575b2954b7b411e441d7a53f5a71cb9,490e17172723074d,
dataset/train/glioma/Tr-gl_0361.jpg,glioma,glioma,0,train,f5e9850d35f77ac7924b2445dfab90ec2ad6bf749c9c96fd0a2973cd62ffd05b,210f171737230f4d,
dataset/train/glioma/Tr-gl_0362.jpg,glioma,glioma,0,train,116a8096eaffd839cc9443d55b0fe140cce3067a7e7cda3ed6188b3d54fc57fd,214f160b07230f4d,
dataset/train/glioma/Tr-gl_0364.jpg,glioma,glioma,0,train,0ba3b936a7bbd7f21902c88aac3102fc017c874689260b3abfa8dbc264b9230e,0c0723030f370e00,
dataset/train/glioma/Tr-gl_0365.jpg,glioma,glioma,0,train,a607ce2f9e06b77e7674fd064d1cfd1649f99c02d97715027b875923c6e6376d,0c0f13170f370e41,
dataset/train/glioma/Tr-gl_0366.jpg,glioma,glioma,0,train,77294e4b28ef2d2346aa08178d22d869f6aa9992e2b65fe84a4253d3b6425034,0c0f13172b170e41,
dataset/train/glioma/Tr-gl_0367.jpg,glioma,glioma,0,train,2446d342eecbe1ba3c5e109f2a559ffe91eb708065a317d34c257bbe959f9597,0c172b4f1f13070e,
dataset/train/glioma/Tr-gl_0368.jpg,glioma,glioma,0,train,ac5a25521668bf49b5411893cb6538287e1d511a01c40c21372e5583688696cb,0c172b170f33170e,
dataset/train/glioma/Tr-gl_0369.jpg,glioma,glioma,0,train,7e03bee87d7f710422c36233a9775195412bfdc7bc6979f71ce40eac236af9f9,0c1723170f23170c,
dataset/train/glioma/Tr-gl_0370.jpg,glioma,glioma,0,train,2dcdd4b1766dc422b0ba2ba2da18bdb2ab04edebcfa5dd5be854f66af47458ab,0d0f172b23230e4d,
dataset/train/glioma/Tr-gl_0371.jpg,glioma,glioma,0,train,89dd1db3f7cb3ab42022286ba5040e0fdcc142cf9712dd4b4ecc05c266416335,4e171723332b0e4d,
dataset/train/glioma/Tr-gl_0373.jpg,glioma,glioma,0,train,002f4403eb07288c2ebdffcd4a3247543f5fd976767223c3843e249ebfe45d49,4e172b071b230e4d,
dataset/train/glioma/Tr-gl_0374.jpg,glioma,glioma,0,train,0c69d73a6fd01d8f4838266fbdc6f667b0b8cf6a1c8aaba13b481a0c9fa91311,4c1607032b330e49,
dataset/train/glioma/Tr-gl_0375.jpg,glioma,glioma,0,train,ef10a835a47cb071d43bc473b1941ebcfeed3b3782e325013cb1dbeb20edb187,4d1707031b130e49,
dataset/train/glioma/Tr-gl_0376.jpg,glioma,glioma,0,train,a874422003b0970623de1585f24c41741873e80578209c6b3a07c63961c1530d,4d0e171313170e41,
dataset/train/glioma/Tr-gl_0378.jpg,glioma,glioma,0,train,b31f87726426fc8463d5c268dc80c3c424acd5c7005f2ef4542d290c433cf2c3,0e172b230f0b170d,
dataset/train/glioma/Tr-gl_0379.jpg,glioma,glioma,0,train,2e720657956d80db240f0da30688f065bb9960f8e10de5a0f941396a19de5628,0e1723170b23170d,
dataset/train/glioma/Tr-gl_0381.jpg,glioma,glioma,0,train,b4f34c13ddba75954871e7f26dad67c3593306528779c792ea2a0c0d79bdcc3a,0e1e23171b2b0f0d,
dataset/train/glioma/Tr-gl_0382.jpg,glioma,glioma,0,train,567a6734a79f0d61c5380befc6bc2269f86ec8ab0fd5b476f84e264571c99096,4d1e071b0b2b0e0d,
dataset/train/glioma/Tr-gl_0383.jpg,glioma,glioma,0,train,c5ce17ea8b69731b474d01baf1f400468810038e1a3ff25c33e87bf96e332c65,4d0e2f13132b0e4d,
dataset/train/glioma/Tr-gl_0384.jpg,glioma,glioma,0,train,fee3fe419b55629a307313df786566870672bd716ce91cedae576f8cb135098f,4c1633230d2b164d,
dataset/train/glioma/Tr-gl_0385.jpg,glioma,glioma,0,train,b5a57076f6b6d236c617e855e541b206cd4531bcda73e19555de79b771ef3104,0c162b2b0f23164d,
dataset/train/glioma/Tr-gl_0386.jpg,glioma,glioma,0,train,289124b95aa5ab61709e6625927ac810abd9b6a4253b66ce8577684b5dae4327,0c060b13132f1e0d,
dataset/train/glioma/Tr-gl_0387.jpg,glioma,glioma,0,train,7378eb8407d59d76644da195d4152fa3ea1ee49efc21b0e17d23fed8edfe8f25,0c0e2313132b0e0d,
dataset/train/glioma/Tr-gl_0388.jpg,glioma,glioma,0,train,6df21beef336a623fed4018d6a4684a12b8fe51bb3244035ac3b4f665794face,0c0e17130b0b0e0d,
dataset/train/glioma/Tr-gl_0389.jpg,glioma,glioma,0,train,d20cb5446f49480f7471797374a9f2651714497dc965d782597be7639b130823,0c0e070b0b2b0e0d,
dataset/train/glioma/Tr-gl_0390.jpg,glioma,glioma,0,train,a7b34ba88ef8b47db096336683550988bbf8cb30042b37acaacb597d53a51b87,080e0f13132f0e0d,
dataset/train/glioma/Tr-gl_0391.jpg,glioma,glioma,0,train,6b75b33c104238feff9c2d438e64b93baad11d39943c80d8ca487c1670f9fbf5,480e07231b270e49,
dataset/train/glioma/Tr-gl_0392.jpg,glioma,glioma,0,train,c699e28a09751c89bf3d7c62a0127f632f3bb0ac1e95aa996738f9642d0765d1,0c06272b0b2b160d,
dataset/train/glioma/Tr-gl_0393.jpg,glioma,glioma,0,train,e4754fc4e52890e57172305d942307c1fb194293cc0ca3402e7d88cd87711324,0c0e270b0f2b060d,
dataset/train/glioma/Tr-gl_0394.jpg,glioma,glioma,0,train,342061dd04cefd8747d973c94392930539e7f018683a6cbf5ce6bd1c9bc1e198,0c0e2f23033b0e0d,
dataset/train/glioma/Tr-gl_0396.jpg,glioma,glioma,0,train,4826ccab68fb5a6bd25ae807e908085781af403bd93415a537c32df9ac584ac2,4d0e272b0b330e0d,
dataset/train/glioma/Tr-gl_0397.jpg,glioma,glioma,0,train,e87eef05057533397a823556a9d712dcbeed8ba51ce04a33a4d9a976b24168cf,490f262b0b230e4d,
dataset/train/glioma/Tr-gl_0398.jpg,glioma,glioma,0,train,ffccb350b1c9ddcc6ad393e1fa999ce672803d3f0d4e2014412a6fe339cef517,490f362b2b270e49,
dataset/train/glioma/Tr-gl_0399.jpg,glioma,glioma,0,train,83c361e9948bbedb1bf400ec9e2a605eafdc50c987b3ad159dcccf7713458072,410d16232b370f49,
dataset/train/glioma/Tr-gl_0400.jpg,glioma,glioma,0,train,938fde507a730126a836c9ea4139e189617b29ccca0b013d10aa540409455213,4d0e0723330f0e41,
dataset/train/glioma/Tr-gl_0401.jpg,glioma,glioma,0,train,5edb146e5537e9c830ea56e66e3b8757a9e9bd88d7f73d94d5fa782f4d2ad009,4d0e072b230f0e21,
dataset/train/glioma/Tr-gl_0402.jpg,glioma,glioma,0,train,fa061b659fe7b5c755efa7fca26e90615a3dc5085ce15532c5a2edec09dd9a1a,490f172b2b0f0e21,
dataset/train/glioma/Tr-gl_0403.jpg,glioma,glioma,0,train,9e7f0f300d9ca803cb7424d953f63448ca15f7e13e8303641e26434030a73d8e,210f162b2b170e21,
dataset/train/glioma/Tr-gl_0404.jpg,glioma,glioma,0,train,69220183b3c0b29ca43c5a64b2e633917c6153e42d3373da6f03fde91c8fd8d3,234d0e2f2b074d23,
dataset/train/glioma/Tr-gl_0405.jpg,glioma,glioma,0,train,60e2ff678167ca39e22adeb74e43956c8ac9fe87fa954b537a8baa432a13de73,334d0f17330e4d33,
dataset/train/glioma/Tr-gl_0406.jpg,glioma,glioma,0,train,a2cb5cf6c58bdc70d76271d05e1f09382f248f7610c28b5ffd3a0d0428f410ad,0e372b07072b0f4c,
dataset/train/glioma/Tr-gl_0407.jpg,glioma,glioma,0,train,fc11fe5044b645565504c699edc72dca5bde8cd3ec3982bb1232515635c23b7b,0f172b0f17230f4c,
dataset/train/glioma/Tr-gl_0409.jpg,glioma,glioma,0,train,c0a130927817967432e1704dcbde40e407338bfa4b8535e129b5845104640734,0d0f2f370f2b0f4c,
dataset/train/glioma/Tr-gl_0410.jpg,glioma,glioma,0,train,94d17d5ce771146fd499abd4527da69aff3b055e5efd552e72acd29e6dcf6a0b,0d0f2f170f2b0f4c,
dataset/train/glioma/Tr-gl_0411.jpg,glioma,glioma,0,train,eeeddd472c2118773083dbb57db808c24bb0e2243357a98bfd0b09c4a62c85ee,0d0f2f17332b0f4c,
dataset/train/glioma/Tr-gl_0412.jpg,glioma,glioma,0,train,a3c4a47932645acdba83772b225a43dd232f92bddac3525e0d5c5ba9b83416ae,4d0e2707272b0f4d,
dataset/train/glioma/Tr-gl_0413.jpg,glioma,glioma,0,train,3f22601c95aa22110a62c16e598261d202ca81c2439755f9f2a6c15781c754ba,4c0f03030f330f0d,
dataset/train/glioma/Tr-gl_0414.jpg,glioma,glioma,0,train,b0ce980808ccd0998dcd201dcc847e89396256d023ba6948b2de712b5bb94e75,0d0e13232b330f4d,
dataset/train/glioma/Tr-gl_0415.jpg,glioma,glioma,0,train,cc0250d1cc59fb33e3ef9fe3aa6f4d46a0b4a96c0dc4bf62b84ac9add9a682a9,2d0e172b2b2b0e4d,
dataset/train/glioma/Tr-gl_0416.jpg,glioma,glioma,0,train,a7cede9f7fc9eb3716b461e693adfecbb908236f4fa12c5337bcf6a3c67641f1,0d0f272f2b0f0e49,
dataset/train/glioma/Tr-gl_0417.jpg,glioma,glioma,0,train,c7d0c5e5289054744408b3e17dc76ce6dabb09dbf35685344224ef4b25bcd42f,4d071b170f0b3396,
dataset/train/glioma/Tr-gl_0418.jpg,glioma,glioma,0,train,7c2316baae5764455b2dead2041bcd3edf54743ebca00c1f6cb53bed6ec3ef38,8e0723030d171317,
dataset/train/glioma/Tr-gl_0421.jpg,glioma,glioma,0,train,b4cc19608adc2fb982b34912d3ffdeef07e40bae2015d3321c331a1f59a7ad4c,4d06230f33530f3e,
dataset/train/glioma/Tr-gl_0422.jpg,glioma,glioma,0,train,920b37038b11bb3938c895ad7cc7a61181d3292cff8382781cab1adc6da3e5c4,0d072b0f2b231f36,
dataset/train/glioma/Tr-gl_0423.jpg,glioma,glioma,0,train,de4c5f93106783db2f6cd5d40cbebde39fd265ba5c09981d3eb736c7f216216a,0f0f2b0f01131713,
dataset/train/glioma/Tr-gl_0424.jpg,glioma,glioma,0,train,9d174b78bf7f5adedac15699c15096b89458499961b9e289704b6a7afe4b0108,0e2b2b170d17170f,
dataset/train/glioma/Tr-gl_0425.jpg,glioma,glioma,0,train,cb04bcafdf1caeb793d868b86012d94c07b3c10598f95e322d20a96b4cba9009,0f2b0b1705071713,
dataset/train/glioma/Tr-gl_0426.jpg,glioma,glioma,0,train,d3bce98c65a941987f2537179bad151340668069f674620dacebc37a997883d0,8e2b0b0f07071713,
dataset/train/glioma/Tr-gl_0427.jpg,glioma,glioma,0,train,655cf392d8158f6c696383d77604bd9a099c1be745d692a523a01bb276bb16d9,8e2b0b0f3b131703,
dataset/train/glioma/Tr-gl_0428.jpg,glioma,glioma,0,train,ae5b8683c5535050ec189daf7884c244f87029d81ef4566cd383c4055c21d818,8e132b070f331303,
dataset/train/glioma/Tr-gl_0429.jpg,glioma,glioma,0,train,52c302bff4fe15cb933edc0c005b8059851d7ef223ff0454c6c8a7130998cdfa,0e13230717372717,
dataset/train/glioma/Tr-gl_0430.jpg,glioma,glioma,0,train,2884437a7c66127c27d8621b4f715b3bcc5ee708a4c9b262b91776ce3a26bc50,0e17270b0f2f3737,
dataset/train/glioma/Tr-gl_0431.jpg,glioma,glioma,0,train,46ef43038899b7baff3211d155e491c13c9cc38869e6ecd3dce5663cfae65078,0e17230b0b23373f,
dataset/train/glioma/Tr-gl_0432.jpg,glioma,glioma,0,train,581c0febff3f0fce53e03e23898370362761e8dea9a19891c1a3b8310062e9d9,0e172b0f2b33372f,
dataset/train/glioma/Tr-gl_0434.jpg,glioma,glioma,0,train,292cfdbd74c8bf8ac410d5a84d521ddc179c67a4001df1c21c29af485eb09a38,4d0727272b372337,
dataset/train/glioma/Tr-gl_0435.jpg,glioma,glioma,0,train,f1579211cdba6486bae9afb4a6643221742f8a2fc3efedf6f5c202ac6d194195,4d0f17273737231d,
dataset/train/glioma/Tr-gl_0436.jpg,glioma,glioma,0,train,bc00f5fd2e837431ce5ea7f83f9de6e277caa9d1749280d0d58a7c1988b169ec,4c072b070f0f3317,
dataset/train/glioma/Tr-gl_0437.jpg,glioma,glioma,0,train,43e6232c360aabfa563e128bf0127bcebe0f4dc9c0896e9881a2856f77ac51d7,4d072b130b23370f,
dataset/train/glioma/Tr-gl_0438.jpg,glioma,glioma,0,train,b7acb409409cd85f0194ab7834c4a4f8226195b11b991f1effed9fc9cf45aa14,4d0e23172b37132b,
dataset/train/glioma/Tr-gl_0439.jpg,glioma,glioma,0,train,5af5b36450175af1b0747965c05861a7d06296cbe7ed51eacaba0e7222c6082c,4d0f17172b17232b,
dataset/train/glioma/Tr-gl_0442.jpg,glioma,glioma,0,train,10702a477105e38c80cd69df298da270b5f38add859530b3b5c99e64f95268cc,4d07232313232715,
dataset/train/glioma/Tr-gl_0443.jpg,glioma,glioma,0,train,31e39def5fb8e30373871ff5d081b43c7369c48e9826dff749f0dccf7b08f52d,4c07232333332336,
dataset/train/glioma/Tr-gl_0445.jpg,glioma,glioma,0,train,d7f3337ad798b840bb8626b03187caa5fc68fd5bb6a9af4ae1209c5b6dc5f705,0e132b070b332b26,
dataset/train/glioma/Tr-gl_0446.jpg,glioma,glioma,0,train,da24dff47b5ef02aeca627997aaf492f931aef9773d84d7aeefd2d0c19a33065,0e132b070b332327,
dataset/train/glioma/Tr-gl_0447.jpg,glioma,glioma,0,train,3495441cbbb6f3846fe7fff6913e62eaac64f9b8f7a715525b9a6ba940ee7acd,0e1323070b273327,
dataset/train/glioma/Tr-gl_0448.jpg,glioma,glioma,0,train,aa2ba7af155f3a94fe7265d7319b4607dbbc6bab4da9474c79097f18f285b64e,01410f2733131757,
dataset/train/glioma/Tr-gl_0450.jpg,glioma,glioma,0,train,fb479e7359c1d53273a80c2d924e6b356f541deb6f014496322baec0e026c805,4d1f234f4f2d756d,
dataset/train/glioma/Tr-gl_0451.jpg,glioma,glioma,0,train,65fc5676e495ffb5eec241cbf85a75bc5952a6e4a7a1073fabfaa3b0d0470bed,4c172b434d2d3175,
dataset/train/glioma/Tr-gl_0452.jpg,glioma,glioma,0,train,a346b96b24d73eebfeaad20474746334c1b85fea16be1fb92aa7205b78474e53,4d172b4f4d053131,
dataset/train/glioma/Tr-gl_0453.jpg,glioma,glioma,0,train,0ab4cc1980d59476e5914ea4b1c5cd2f8000f3a33ecfefc03e637f984f8701fa,4c172b4345453131,
dataset/train/glioma/Tr-gl_0454.jpg,glioma,glioma,0,train,1a39ec1a5447ef315af75ffa33d7761a1546558bc732bdaf96bb35b0ef36bc43,214d0f2b33332317,
dataset/train/glioma/Tr-gl_0455.jpg,glioma,glioma,0,train,d86a0806052641e0a8fa583e87cd0beac0d39151dfd9a545bb1d93aec2b630e1,214d1f2b33232b13,
dataset/train/glioma/Tr-gl_0457.jpg,glioma,glioma,0,train,e1b904deb80e44aad6e93b74d83a4579ff4d53869b08accd6cf2dd5011a768ca,610f170b332b2b3b,
dataset/train/glioma/Tr-gl_0459.jpg,glioma,glioma,0,train,fa4444c54f440a6e74ef0e70e9ddeb8eb0c5c920efeade8f0de2f0e88b706a3e,490f234b6b13252b,
dataset/train/glioma/Tr-gl_0460.jpg,glioma,glioma,0,train,b2cfb8fff17a084eb5f5ab8e812e1cced7558ec49816eb882b168384dd0180ee,490f230b6b51652b,
dataset/train/glioma/Tr-gl_0461.jpg,glioma,glioma,0,train,ff3a613af787b2919777363b37e4709828bf07605dd5b2687b2f82a4c895d5fc,4d1f23434b6d6525,
dataset/train/glioma/Tr-gl_0462.jpg,glioma,glioma,0,train,a405aa6b25e47ebd64a1ec1346ec42dc140aa20f6f640107ae8f2885f28a52cf,610d172f372b170d,
dataset/train/glioma/Tr-gl_0463.jpg,glioma,glioma,0,train,307ad102d4457d224fba49ed2b16ee240f78b5b069b77f0e12e783d5db5ba43f,410f372b372b2b9e,
dataset/train/glioma/Tr-gl_0465.jpg,glioma,glioma,0,train,1527cdd6445dc2e577e8739e5317f5ccebc675b23c16d93e396b41c9a40f3ab5,480f3723332b2b1e,
dataset/train/glioma/Tr-gl_0466.jpg,glioma,glioma,0,train,73c97f9773c9ae88ccde9d9005e6e2c3140383d7dcf4f332c67c35d6c11e61b8,4d0f3727732f2b2b,
dataset/train/glioma/Tr-gl_0467.jpg,glioma,glioma,0,train,98f70610474ea6e2811665d026e8998df9e2ccf8a732e6a0a0b6ed75d870468f,4c1f270753170f2b,
dataset/train/glioma/Tr-gl_0468.jpg,glioma,glioma,0,train,4d0465ebddb2130b6f274e4b95d89d767f7d1e8d2aa30168bce177dd968f7f82,4d0f27074b170f0f,
dataset/train/glioma/Tr-gl_0469.jpg,glioma,glioma,0,train,31525a35b8c6b6ea01c1b38c6165e346167fffc2558ccc5617156ba0d593c789,0d17230f4b130f0f,
dataset/train/glioma/Tr-gl_0470.jpg,glioma,glioma,0,train,3a5282b3f1157d6f2ebb7b4a1d1f864bd260432040f5f82f52e9395002429b35,8d072b0b4b431707,
dataset/train/glioma/Tr-gl_0471.jpg,glioma,glioma,0,train,8b8b90c17296fe1e34cd48e89ed5e286fea8303cb642b5dba9cf3ea0b57e4717,8c07230f4d173313,
dataset/train/glioma/Tr-gl_0472.jpg,glioma,glioma,0,train,87166c67802faea9de701fc4b139c224d77a230eda104ec8e6690fb2415a5a85,0d07230b4f072333,
dataset/train/glioma/Tr-gl_0473.jpg,glioma,glioma,0,train,10725e50f1bcd1fc5777668d876a4d6ec0ace5ab5fa15e956d9201a7049b1a2c,210f17072733372a,
dataset/train/glioma/Tr-gl_0474.jpg,glioma,glioma,0,train,7190cfceab0b21d7fe99e0fefee5acc52041de7b2fb5315e3b33ee6fbf33c5e2,610713272733372b,
dataset/train/glioma/Tr-gl_0476.jpg,glioma,glioma,0,train,e242ecf99b712aa43c9d9f7b952fd96144677a3d015e12454dc1c5e26bd8b791,490733072737372f,
dataset/train/glioma/Tr-gl_0477.jpg,glioma,glioma,0,train,7735d17a4d5f88e79a26d296dd7417c90d9c0b81cee212cf0df855aeb63fb44d,4d07330707373737,
dataset/train/glioma/Tr-gl_0479.jpg,glioma,glioma,0,train,9f5821761e99d0a7b65a9592ff41efc69b07a6702c16c2f9f4c0b3a3ae5ab2b4,0f17272317373706,
dataset/train/glioma/Tr-gl_0481.jpg,glioma,glioma,0,train,525e5d1956e461e2d030fe3ce60bfc22ea9444ec9a37702183329b6fafca1271,8f17172323171f06,
dataset/train/glioma/Tr-gl_0482.jpg,glioma,glioma,0,train,97aa95074633165251aad0add42c8c7138919cc5c45b918828f16e3fd5856458,0f171737230f1f07,
dataset/train/glioma/Tr-gl_0483.jpg,glioma,glioma,0,train,4000e5a5397c156cf04aeebaf41f4aa41c5cfe4f09db9e79ec054ccf1d7b64fb,0e370b134b171707,
dataset/train/glioma/Tr-gl_0484.jpg,glioma,glioma,0,train,5a18055bb1284fa39d3a404deb812585f539e2f659bf637d92b8af4be5a85a17,0f370b170b17170f,
dataset/train/glioma/Tr-gl_0485.jpg,glioma,glioma,0,train,7920b628a57cf2cd7d628125c07a5539ad66073a483fd2e1726336ab23e27314,0f1703030b170f17,
dataset/train/glioma/Tr-gl_0486.jpg,glioma,glioma,0,train,786e139f91a3e06b6d0575a8fa28266d15dbbdddf1ff2c4c658941221042e98b,0d1713170b130f17,
dataset/train/glioma/Tr-gl_0487.jpg,glioma,glioma,0,train,67f00a255eee7527742f68f6f76e8b4ba70de9370acec5b07194326ebbde6ec0,0d1713170b170b33,
dataset/train/glioma/Tr-gl_0488.jpg,glioma,glioma,0,train,8f47dc2f70696411281cc5495bdba73f0b88d6ca14b1c952a98d3bf71350dbef,214d0f07170b174d,
dataset/train/glioma/Tr-gl_0489.jpg,glioma,glioma,0,train,9d1ae8723191788b7c6c947da53d06541ec5c41fee9523ddeec67b04252384b6,614f0727170b174f,
dataset/train/glioma/Tr-gl_0491.jpg,glioma,glioma,0,train,2e0952d17e7a97cfc28891a0fe24a3d1854680cbe0846d39d70b92f9037de7dc,490f1723372b2b16,
dataset/train/glioma/Tr-gl_0493.jpg,glioma,glioma,0,train,f74633b806c7b1ea21c0760dd955e3ae5e6a58fdeb72ad0d14723bbaa45c2f08,4d0f3723332b2b0b,
dataset/train/glioma/Tr-gl_0495.jpg,glioma,glioma,0,train,22e90c3dbdb61992cf8447bb04857cae0cecbb0b481e172702740cbef6a79b2d,490f060f170b174d,
dataset/train/glioma/Tr-gl_0496.jpg,glioma,glioma,0,train,540c15acdcace165826da1fbc37a51ba8626d43ec3bdca585f095e00bec0ff44,4d0f0707132b1346,
dataset/train/glioma/Tr-gl_0498.jpg,glioma,glioma,0,train,993b656d3fbe67ad19924908fedd4daa21aa2e97319b8931a10cee8f3d8fdee5,4d17270f2b271306,
dataset/train/glioma/Tr-gl_0499.jpg,glioma,glioma,0,train,a5ca10c85461cc7a98eb087eb614a0064585e72a412d38bf7fc3c140b4ac6c55,4d072f0f2b071306,
dataset/train/glioma/Tr-gl_0500.jpg,glioma,glioma,0,train,a5a3db92d9f0655c063ab56177e368695537a6e919d3ffb2ce375fc3e31cead0,0d072f0b2b070306,
dataset/train/glioma/Tr-gl_0501.jpg,glioma,glioma,0,train,c5198b1d3709d567f807a76d236a55a1e9073f6ea37b8edb26c45f5894d7dcff,0e072f1b2b170307,
dataset/train/glioma/Tr-gl_0502.jpg,glioma,glioma,0,train,2898c339bcafd5b91d93b0da78af5951ff360e010e64b7f98b96ca5f1f7e9506,0e072f0f2f130313,
dataset/train/glioma/Tr-gl_0503.jpg,glioma,glioma,0,train,61f0c9740571f6a37655f33169abc08951cc2eae20b23731c4aefdd50c1b379d,0e072f0f0f130313,
dataset/train/glioma/Tr-gl_0504.jpg,glioma,glioma,0,train,64e58f14f328c06595cfb61178b9af3f401192b4c2dd230d768711b4ea302191,4d0f170733171f16,
dataset/train/glioma/Tr-gl_0505.jpg,glioma,glioma,0,train,f8bd9d8fbb84cfa2eaa00d08bdbc9c3f3f3980123b2e5833f041682a552ad196,4d0f1707330f2716,
dataset/train/glioma/Tr-gl_0506.jpg,glioma,glioma,0,train,ca3951635e8dc4e44fe9dfff5d92f20966b6c46497a83e6410c376736cd9fae6,0d0f272b2b170f49,
dataset/train/glioma/Tr-gl_0507.jpg,glioma,glioma,0,train,6b21291e1de097d2faac1d77b3987e8aa77b517d75a6b66a842279503a9a29c4,0d0f0f2b0b0f0f41,
dataset/train/glioma/Tr-gl_0508.jpg,glioma,glioma,0,train,3465e7e051639430ddfe1400065f350a518beb286cda3e68f9238bfee04fca91,4d0f170f1b170f41,
dataset/train/glioma/Tr-gl_0509.jpg,glioma,glioma,0,train,6ded8eca78f93a7a4d354da6b7e06e9b944c5ff94b0cfd347ec25fa24fdd4cb9,490f16272b060d41,
dataset/train/glioma/Tr-gl_0510.jpg,glioma,glioma,0,train,2b707e0e26e4a06122e91797d0687d57423353e165c3ff6adcb9729d887ddb8c,410d1f37361e0d21,
dataset/train/glioma/Tr-gl_0511.jpg,glioma,glioma,0,train,10892fbb038f7abe88f1baa52dfe33dde9c37f4e3b39bb68bc896963cc901350,4c0f0b0f2f130f0d,
dataset/train/glioma/Tr-gl_0512.jpg,glioma,glioma,0,train,66502a931e76ee5b13a3b2f94e26785f3699a1d6126d2fc52037b21f8bc187d1,0e17372b17370f4d,
dataset/train/glioma/Tr-gl_0513.jpg,glioma,glioma,0,train,46ef29a1f78801d5383a11d279f9afafaed03dd7718a572f631654e32b644711,0617332317170f0d,
dataset/train/glioma/Tr-gl_0514.jpg,glioma,glioma,0,train,3e9632b9840776b1ffd81cd56b838d9e77313ac0ae0946edfe485d61b2178520,0d0e070b2b270e49,
dataset/train/glioma/Tr-gl_0515.jpg,glioma,glioma,0,train,63835ecfd236e68492c6f4d56653895939a43f74d0e0916b3d1e9968b7a3f869,290f170b23070f49,
dataset/train/glioma/Tr-gl_0516.jpg,glioma,glioma,0,train,4bcf5a5d3935e7a29932985e101d6f79aade5c9e6cd5b06a55ec5c3aa602a64b,16172323232b0f0d,
dataset/train/glioma/Tr-gl_0517.jpg,glioma,glioma,0,train,61d6fb122f0cd68d9e2b3a7b360f0d522112457520f06761a5099f8c3046841d,06072737232b0f0d,
dataset/train/glioma/Tr-gl_0518.jpg,glioma,glioma,0,train,a3f61b7298bbd6c7644d84e1542a55a12f03cd37b74a55c12314cc4ff4465882,0e072333232b0f0d,
dataset/train/glioma/Tr-gl_0520.jpg,glioma,glioma,0,train,fc23dc76fddb19c6a30125526e0c94807291a94d142aeb8f1be461020105214d,0e0f33132b2b0e0d,
dataset/train/glioma/Tr-gl_0522.jpg,glioma,glioma,0,train,770663e653ee48f4ac6ab197cf68c0e581b6f69980b751a0d231eee00c1c0988,4d0f273323270e4d,
dataset/train/glioma/Tr-gl_0523.jpg,glioma,glioma,0,train,ddc78b7d45b94213b94810f19f92b1d0f650b900d0d2e660f28a730d749af004,4d0e072b2b270e49,
dataset/train/glioma/Tr-gl_0524.jpg,glioma,glioma,0,train,08dd3bdd267d7cd7bb1aaf2f22515de1522831fb975640e58fcdc37bcef49608,0e17330b0f0b174c,
dataset/train/glioma/Tr-gl_0526.jpg,glioma,glioma,0,train,f32a84cffb6520007744f647248bd5e6c51054ff7534eaf1ea1652a43a0f2154,2d0e132b2b230e4d,
dataset/train/glioma/Tr-gl_0528.jpg,glioma,glioma,0,train,53d1ea1067f2de417b9d1b3e968ccd67216660306878b9c90ac82d48e679731d,0e332b070f33170c,
dataset/train/glioma/Tr-gl_0529.jpg,glioma,glioma,0,train,e5053db6cb8383c58f2cd3717a6d92417b7b2d70acaa121a4e3b8fb79375f79c,0e172b07072b0f0c,
dataset/train/glioma/Tr-gl_0531.jpg,glioma,glioma,0,train,a3e5500ec4b7d760a36cd20beb6272649d5ed75f54e561fb066ddf42f804b72a,0e0f230f0f2b0f0d,
dataset/train/glioma/Tr-gl_0532.jpg,glioma,glioma,0,train,062c036dee812782a059f3d61742e5dfa332e113aef02556715e97c9b54f4a9a,0e0e230f0f2b0f0d,
dataset/train/glioma/Tr-gl_0534.jpg,glioma,glioma,0,train,1839d53c5b824565477b6358523bf603ede575b35744e86dae87e31a4ff20530,4d0e0f13172b0f4d,
dataset/train/glioma/Tr-gl_0535.jpg,glioma,glioma,0,train,bcdc28dabb2574a4372551c1cd1ff51ae5ec74718213cb9de78ce919eaf532ec,4d16332b0b03164d,
dataset/train/glioma/Tr-gl_0536.jpg,glioma,glioma,0,train,b10186ba9aa9508544b9ecb7a1821e6b4a25ccdd738aeb493ffd20904dca3a12,4d162b0b0f03164d,
dataset/train/glioma/Tr-gl_0537.jpg,glioma,glioma,0,train,c741de31e76d48ce0ee56a9c62ce192e9dbe1a3b04f6082ac9a0089be908104f,490f072b2b270e41,
dataset/train/glioma/Tr-gl_0538.jpg,glioma,glioma,0,train,6021a0b30e34064685a268e86acc176cbe50c7125ee9d499fad9de638b3fb633,0d162b0b0b23064d,
dataset/train/glioma/Tr-gl_0539.jpg,glioma,glioma,0,train,07539af553ad680aa427f0b8a7c3b27c09386b4f913d25cdb6e1fa6dfb715e14,0c162b0b0b27164d,
dataset/train/glioma/Tr-gl_0540.jpg,glioma,glioma,0,train,710f7b5fc21b888537e31a89a8ed593faf6cb531219e72048f39604d7671dc85,4d162b130b2b0e4d,
dataset/train/glioma/Tr-gl_0541.jpg,glioma,glioma,0,train,fef5e504b65317ce5fa04a8c71602eff87096a726c9f2b43ac226afbb65caae1,0d062f130b2b0e4d,
dataset/train/glioma/Tr-gl_0542.jpg,glioma,glioma,0,train,2d2c23ff5febd0b9fe61efdd5f9c52231629b44d2aa3bd4c287954edf89c8d7b,0d160f130b2b0e4d,
dataset/train/glioma/Tr-gl_0543.jpg,glioma,glioma,0,train,235463e769f5f62b1b4d7c1b7afb55688e0ed480cdc3020b3a8e27443212e617,0d160f130b230e4d,
dataset/train/glioma/Tr-gl_0544.jpg,glioma,glioma,0,train,88eca485cd844c31363201136b0afaac7250c9ded387aaf6c0b6451b57f294fa,4d17270b0b230e4d,
dataset/train/glioma/Tr-gl_0545.jpg,glioma,glioma,0,train,fa64de048b26184a3c04f8a3d0f287b0f2a8c26ec74ccfa8a30a44ee7f330072,490f272b0b270e49,
dataset/train/glioma/Tr-gl_0546.jpg,glioma,glioma,0,train,3b69c04b6ac2cd9289233845370844781b78e31d526a57398693e12624306d83,4c072b170f0b0e4d,
dataset/train/glioma/Tr-gl_0548.jpg,glioma,glioma,0,train,75de6db8a6e76e8d33fa13bf756462f54f755e682cac55a0673f4ebbc4de4887,4c0e0b071b030e4d,
dataset/train/glioma/Tr-gl_0549.jpg,glioma,glioma,0,train,d5559692807cbe9da28eb147207e9f367200945861b45dfec24145e499424a8b,4e0e1b07070b0e4d,
dataset/train/glioma/Tr-gl_0550.jpg,glioma,glioma,0,train,6ae7fa1a208c898b51bbbea8688ffa4d194b44fb89055ecdf4bd4a196e2b30f6,4d0e17070f0b0e4d,
dataset/train/glioma/Tr-gl_0551.jpg,glioma,glioma,0,train,59d694deefc0beb5d26d52f8f37b8c3147a25408105ea5e2dda06b3fb85563b4,4e0e0f0f0f0b0e4d,
dataset/train/glioma/Tr-gl_0553.jpg,glioma,glioma,0,train,590bd63b745bcd14ad8d924ffd5fd7e82a6e0f94e1e95eafc6248d0e2f00dc44,4d0e0f0f0b0b0e49,
dataset/train/glioma/Tr-gl_0554.jpg,glioma,glioma,0,train,b8ba68d293e8ac29a36a7c4c44152e78d0864f717c30a32244469570f50131c6,2d0e072f2b030e49,
dataset/train/glioma/Tr-gl_0555.jpg,glioma,glioma,0,train,6fdd22dbd5850ecd2506c6c6dc868d18a94cb2cdf54d8454de5998388580c82d,290e0f2b2b070e21,
dataset/train/glioma/Tr-gl_0556.jpg,glioma,glioma,0,train,4cde248af7624252afe1d9c5e77a3a70c8841478dc9d9dc3e2ebf65a37a4d1fe,0d262f07170b0e4d,
dataset/train/glioma/Tr-gl_0557.jpg,glioma,glioma,0,train,be85cc66ab65f9e9aeec5961455356fe6150e06f172239cf61274fd9ff13f468,0d262b270f2b064d,
dataset/train/glioma/Tr-gl_0559.jpg,glioma,glioma,0,train,75b867a885b9bb9bb3b6e2d74038ff8dcde49857a22c8b0619bf1b56b20078f9,0d1e2b2b07330e4d,
dataset/train/glioma/Tr-gl_0560.jpg,glioma,glioma,0,train,3b500f02ad835c10898c77cbbe15078088b4ecc7623886aeb3c89ce2bd3340f4,0d1e272b23330e4d,
dataset/train/glioma/Tr-gl_0561.jpg,glioma,glioma,0,train,5669a1c10d78ba810edb4589312dc54f28f7c12ffeacda798f757ec2c787da66,490f372b23170e41,
dataset/train/glioma/Tr-gl_0563.jpg,glioma,glioma,0,train,f33f77f448ae8d89692e24d11d6b70bf1dfe63c014b991abcc27551dc8b3a9ac,0e0f071b33170707,
dataset/train/glioma/Tr-gl_0564.jpg,glioma,glioma,0,train,04758129e4627093abd84496c8c6326b62f022202b3adde150d294d35f5b47dd,0e2f13130f170713,
dataset/train/glioma/Tr-gl_0565.jpg,glioma,glioma,0,train,21061d32db30105a6330d4c0e457b5fc85b7af2a3417aa0ff7f0b5745d5cdd82,0e2303130f170703,
dataset/train/glioma/Tr-gl_0567.jpg,glioma,glioma,0,train,23ce79c21b2560f36c2c5d571c55371211a4fb185cbf1ace627eb62927e54abd,0e2b0f0f0f131317,
dataset/train/glioma/Tr-gl_0568.jpg,glioma,glioma,0,train,ff142df06aa2a075220b046053dd43cbe86d7bb016ad3c270879f2f46afcd685,0e27030f2f372727,
dataset/train/glioma/Tr-gl_0569.jpg,glioma,glioma,0,train,8bf3f5b8a9dbc61f0244a794db389d7d14e028e06d0e9cf97c74131a2c973c0e,0f07171737370f07,
dataset/train/glioma/Tr-gl_0571.jpg,glioma,glioma,0,train,b9395b55527e88fbaa70fee7c0f504fffa3d8db8acf26e68b4f840f67267a499,0d0717170b37370f,
dataset/train/glioma/Tr-gl_0573.jpg,glioma,glioma,0,train,010c57403f89a5c449e1a970875f435b9f2106cf8e8bcef3118849daa4b92cf3,0e3323172d151707,
dataset/train/glioma/Tr-gl_0574.jpg,glioma,glioma,0,train,6c3bacbfab25c58337b110d89ec3a1fe1a85b59becb638b8788766ee9eda9326,8e332f070d171713,
dataset/train/glioma/Tr-gl_0575.jpg,glioma,glioma,0,train,6b08c5b6614e0dfb1ef8e9205a84111f7bbc2d98f98b8a4795fc0cd4882743a9,8e232b070d173317,
dataset/train/glioma/Tr-gl_0577.jpg,glioma,glioma,0,train,255d77f8cc7a77735a6234562c7391895274c55d638e1018ed28bad8364ad099,4d0f2727232b2b06,
dataset/train/glioma/Tr-gl_0578.jpg,glioma,glioma,0,train,0b9d79a5c69962bd8d0cc4ba3f36cf3c8d0561ae2ee51e33348ceae49a31610e,4d07270723272f07,
dataset/train/glioma/Tr-gl_0579.jpg,glioma,glioma,0,train,23f6f5b24aa993918bdf9fdaea8a3fd815fb156d68498620802696848d405e2f,4d1723072b272f17,
dataset/train/glioma/Tr-gl_0581.jpg,glioma,glioma,0,train,8f3e05adbe2b23299deccdcc522295b34f9b27cfe51bdb5b500ea2fc6da5438d,210d172b0733330f,
dataset/train/glioma/Tr-gl_0582.jpg,glioma,glioma,0,train,72414ce262702588788eae69b41e592a142ef836303d00946e54c63b3e6e84ef,610d172b0f0b1717,
dataset/train/glioma/Tr-gl_0583.jpg,glioma,glioma,0,train,976976f9a461d5ecfcbbeff9ad15a933bd9c5b77693415f1fb1bf8b81de756a4,210f072f0f0f3737,
dataset/train/glioma/Tr-gl_0584.jpg,glioma,glioma,0,train,5771cd04eafc3c1b747b05c913d0ce828fe6f84282ce3c746493671182481094,610f072b070f1737,
dataset/train/glioma/Tr-gl_0586.jpg,glioma,glioma,0,train,275780f3529dd5ae82b026c1246f3289f4888d1feba89bc17ce504788a3afdc7,610f032f0f131736,
dataset/train/glioma/Tr-gl_0587.jpg,glioma,glioma,0,train,de983d38c9bad6fd2c4dfa77ee654fa68481c54cc04083a2faef62d09772fceb,410f0f030f0b1716,
dataset/train/glioma/Tr-gl_0588.jpg,glioma,glioma,0,train,e23803da6248c47874d9bb407d990d6414315456c34aa9c4ec382d898a8e2db9,210f0713170b1716,
dataset/train/glioma/Tr-gl_0589.jpg,glioma,glioma,0,train,1873f55bf6f9659e89f19128c356ea328dac0394bb04f597f1f21e6a4795a407,610f171f332b0e4d,
dataset/train/glioma/Tr-gl_0591.jpg,glioma,glioma,0,train,8ec634304c1f6756353eb7d9d73d0de98dbb99ea747a53345971885b9aeda96e,610f172b2b0f2f0e,
dataset/train/glioma/Tr-gl_0592.jpg,glioma,glioma,0,train,a13c041c0918272c1cb6aa88c622b22097fe726364c5e5bd228331d74377893a,490f372733172f0e,
dataset/train/glioma/Tr-gl_0593.jpg,glioma,glioma,0,train,f512e58a017928f89e22d335c5ff4a18287d64df980f10ade341b26cbabdd487,498f272733330f06,
dataset/train/glioma/Tr-gl_0594.jpg,glioma,glioma,0,train,ef19755f716211c164a3975a5d2d8a16258773840b468a3ea6471fec6117661b,4d0f270733370f06,
dataset/train/glioma/Tr-gl_0595.jpg,glioma,glioma,0,train,8b94327c90fa2eadfa3e547379338d8df00bba4a6bd2f14f8c18e8a3dcafd20d,4d0f27072b371706,
dataset/train/glioma/Tr-gl_0596.jpg,glioma,glioma,0,train,3f6ee6cfe1fcb884cfefac6c7e02ea653abc6d1687eadad3fbc757fa7b40d5fb,4d0f3b1b232b0b4e,
dataset/train/glioma/Tr-gl_0597.jpg,glioma,glioma,0,train,a0f027d8bc0b6c05e8e1d339cbb310fc69d79378b8f79d3fb38aa594f63afebf,4d1f230333352f13,
dataset/train/glioma/Tr-gl_0598.jpg,glioma,glioma,0,train,3cab74dba7ee28bc5f1569c50b25b37420d8fa4fdfe3cccba37edcd22ec35587,4f1f23072d152f33,
dataset/train/glioma/Tr-gl_0599.jpg,glioma,glioma,0,train,5dae534b547f6de3f01606c1fcb192006e1705db0d920d8614382a625fc14e7f,0e172b172f353533,
dataset/train/glioma/Tr-gl_0600.jpg,glioma,glioma,0,train,dc7055c31f59ce122a29e5a4573cbf0e404efdaaf3ed1b2786ff58d11fdf9570,0e17230f0b33371b,
dataset/train/glioma/Tr-gl_0601.jpg,glioma,glioma,0,train,9d6abf48f4e72bafc9fac7fcf8deff8d24fd933781d9efd23b472688a83d1d41,0e37270f0b33370d,
dataset/train/glioma/Tr-gl_0603.jpg,glioma,glioma,0,train,6c92df545be3100048dc470ed373a2666be3a7bebd7a77a9e8be77e43b7ee8e6,8e33230f0d173375,
dataset/train/glioma/Tr-gl_0604.jpg,glioma,glioma,0,train,01dec92345187c9787be63c2e315e16faf75fc826c5d85e50d419e0037a70820,8e330b0f0f173371,
dataset/train/glioma/Tr-gl_0606.jpg,glioma,glioma,0,train,bb29bc10c47c025697ceab474ee0e6483756652c3eaa111c53c67fa1fd888a12,4c1f33074b436361,
dataset/train/glioma/Tr-gl_0607.jpg,glioma,glioma,0,train,8a5051a89ee412cda0cf711cb2c251c16cf24b49a353f5c273080ae497a8c287,0c1733074b5b4361,
dataset/train/glioma/Tr-gl_0608.jpg,glioma,glioma,0,train,dfe9e90553074e7689d263fe6e68065094d9c2027175d72d52f55dc4b6a7a222,0e1f1b0f4b535361,
dataset/train/glioma/Tr-gl_0609.jpg,glioma,glioma,0,train,272f2bdb7e437606cd32b618d9a9756244d38d51208d0976b390cfed3ce4334d,0e130b17492b3369,
dataset/train/glioma/Tr-gl_0611.jpg,glioma,glioma,0,train,339c684bf539d66abb62bd5fc2de9ed3dc386dd9b96ffb9816d569ca195e7af4,0e330b174f173361,
dataset/train/glioma/Tr-gl_0612.jpg,glioma,glioma,0,train,80696d8d0b975f7aeaf22db216157e46152a23cb4b83650e3e0c460da1872c81,0e330b0b4f133371,
dataset/train/glioma/Tr-gl_0613.jpg,glioma,glioma,0,train,bbed35264d4e7020dc0245db45bd76b20a80784edcd243f28a32698712353db4,8e330b0b4f133361,
dataset/train/glioma/Tr-gl_0614.jpg,glioma,glioma,0,train,77a6eb33bce57cf0b57fde3f2efdb0fc91e15aaaa6e5286c130ec8cd80d6b2a3,4c0f330b0f173313,
dataset/train/glioma/Tr-gl_0616.jpg,glioma,glioma,0,train,4de051103eeb30528b1a0d7c505d0b29bddb42b0c1743d0d168f871084e6c4a8,480e332b2b171717,
dataset/train/glioma/Tr-gl_0618.jpg,glioma,glioma,0,train,0c0a5a5adef4b837157f2343449dba15fc4ac204d71d55b98ffdfd9e77209a85,400f372b2b070f8e,
dataset/train/glioma/Tr-gl_0620.jpg,glioma,glioma,0,train,3b7f23d8ba4ea92c5a26612f8220f3b8d76589a7f631d83b0df7ea749222df9b,210d162b2b060e06,
dataset/train/glioma/Tr-gl_0621.jpg,glioma,glioma,0,train,f3d9ae4a36bdb770093e018ee74eef5b2c53ed788fe2e8864e687f7f6d28abed,4d072b0717170f06,
dataset/train/glioma/Tr-gl_0623.jpg,glioma,glioma,0,train,4cf8f0e078554b78f2bd07f64bdf859a8f2740f5b72d8b21c38b41c48f540d04,4e072b030f331716,
dataset/train/glioma/Tr-gl_0624.jpg,glioma,glioma,0,train,7a27ebe1f6992227f82772ced4cb95f6cfeddd59b0d755764d008796d6c54792,0e17230b0d171f1e,
dataset/train/glioma/Tr-gl_0625.jpg,glioma,glioma,0,train,42f68e51aa6304064431da33b71356dfd91171ad37262396bfb95e457e142da2,0e17230b17171716,
dataset/train/glioma/Tr-gl_0626.jpg,glioma,glioma,0,train,efecfbddc2e72c7503c7b5e158f00743cea0f629a02d6eda3c79a6543666997f,314d0f37172b174c,
dataset/train/glioma/Tr-gl_0627.jpg,glioma,glioma,0,train,0dde7078d68e6e868aa7138696761c939c99f3357c8215be687dd6482f6b1608,214d1f2b132b1344,
dataset/train/glioma/Tr-gl_0628.jpg,glioma,glioma,0,train,f5d87e5ce8e609b08979b9820fb8718ff92fb53f9c1b48f195b62c93cea2d41c,0c17230745171707,
dataset/train/glioma/Tr-gl_0629.jpg,glioma,glioma,0,train,a90d62387eaf78133f4b758b56feff5ed1ba72e1ccdb3e6b4fac1f97a0e4d89b,610d172b332b2316,
dataset/train/glioma/Tr-gl_0631.jpg,glioma,glioma,0,train,942f498ea8291be9605dc4831bc7e60e6d7ca0be3ee911840d89101b93ac0e19,490f3723332b2b13,
dataset/train/glioma/Tr-gl_0632.jpg,glioma,glioma,0,train,4bb64bf7e354ef28d069e74ddd48d49eb041b86d95a16bb716b9d307019f62c6,4c0e332733132b3b,
dataset/train/glioma/Tr-gl_0633.jpg,glioma,glioma,0,train,58084d7d42fa016bce10aac8e63fb2cc9f02f74bf445f6e20b43e624ec0f47b2,4d0f232f33372b2b,
dataset/train/glioma/Tr-gl_0634.jpg,glioma,glioma,0,train,3172659b68ceef5a762bc5f6b97f8d584d529d95e4193e837248f2cd34c6435f,4d17230731372b2b,
dataset/train/glioma/Tr-gl_0635.jpg,glioma,glioma,0,train,b836d8ef866057d6cf17adfeb1cab7b779735614007013b42bfa18382a6d1e49,4c17231705172703,
dataset/train/glioma/Tr-gl_0636.jpg,glioma,glioma,0,train,c8ddf657964cc7ad45a25a18166d74ca4f7efbe33a400830a964897e7c81f54d,4c17231705370707,
dataset/train/glioma/Tr-gl_0637.jpg,glioma,glioma,0,train,8df6bfe23f6d54b2c4ab9f7e6b3cd1ec7782d1ea2c95e43535376cedb4a7ee31,0d07170b0f171717,
dataset/train/glioma/Tr-gl_0639.jpg,glioma,glioma,0,train,f3ba8a27f114fea1b005883154c403cbfa594de26a56f1e5e225c45734ef905f,0f371b0f0d071317,
dataset/train/glioma/Tr-gl_0640.jpg,glioma,glioma,0,train,8faccea0ae179ccebecf47f2c9e31754c97098f232091bea1a94ce8e5a558bdf,0d272b0b4f1b1317,
dataset/train/glioma/Tr-gl_0641.jpg,glioma,glioma,0,train,832bb6fe0d17fd97049a3e052b459125e239d6288447e83290facfb844531187,0d172b0b0f13130f,
dataset/train/glioma/Tr-gl_0643.jpg,glioma,glioma,0,train,81c24cc912537c15222c56cf4f002436413146651e609e1ef8540c39cb1f7cec,0d1f27372f170b2b,
dataset/train/glioma/Tr-gl_0644.jpg,glioma,glioma,0,train,ed16958b5057a4fde31b6c0202848f7fcfaacb5222735f920b6e815298f136f3,0d0f272737172b2b,
dataset/train/glioma/Tr-gl_0645.jpg,glioma,glioma,0,train,3748bf0293acec938db33339730aeb49e60dea95842923bef74e03543c98c26c,0c072b070b173737,
dataset/train/glioma/Tr-gl_0646.jpg,glioma,glioma,0,train,5bce7c6781c1807ff5c958b89376dafd50004ef61aa5ed857b4c4e6e3e1820e9,4d0f2b070b17370e,
dataset/train/glioma/Tr-gl_0647.jpg,glioma,glioma,0,train,3e378c864945e003fe82f30dadac4f027ca5cd72957c51b52f84d00b59623be9,4d0f2b0f0b17170e,
dataset/train/glioma/Tr-gl_0648.jpg,glioma,glioma,0,train,3593f28d7841a31291bd203eac1e667e8725b1ad5ec947583deb8ebdce8213bc,41210f06160e0f4d,
dataset/train/glioma/Tr-gl_0649.jpg,glioma,glioma,0,train,8b245de1481e2ecd6eaa16614bbd6c969b235b04703d10731f713d04e7b61116,00290f16170f164d,
dataset/train/glioma/Tr-gl_0650.jpg,glioma,glioma,0,train,f3739fa03f29a2ea19c450359bb78d69cd45110b55128b1cc6d1f4a4c350d4e7,110d0f07170b0f4c,
dataset/train/glioma/Tr-gl_0652.jpg,glioma,glioma,0,train,d37c648eafe20f6bcb55d2260b5f576d065c462db2ad23ae485a8cfb5309b053,214d0f17172b2b0e,
dataset/train/glioma/Tr-gl_0653.jpg,glioma,glioma,0,train,e120394769c9624cbe47f25d09cbb771e75d7e00390c4a62040e9f569ce242f8,214f0703332b2b8e,
dataset/train/glioma/Tr-gl_0654.jpg,glioma,glioma,0,train,857ecf7ff7b093ad64e5b52ad5991c2ba4d54b06834d3f9f0819646ca67b2366,210e07133333078e,
dataset/train/glioma/Tr-gl_0655.jpg,glioma,glioma,0,train,cbc67fc0d6a7384e2bc36332a5ba6d559fa487200684d2db6f3720004be9a76b,200f0f132313070f,
dataset/train/glioma/Tr-gl_0656.jpg,glioma,glioma,0,train,faa72e39ed56650610dc306376c3ba1d256359e2d31c0e8865a6e04f4741d190,610f171323331707,
dataset/train/glioma/Tr-gl_0658.jpg,glioma,glioma,0,train,58c4e517b23b5aef840a8a4205533f2b75a4843682a985ba9b43bd43d66686d3,214d17231723132b,
dataset/train/glioma/Tr-gl_0659.jpg,glioma,glioma,0,train,f151456548d75987b8cde6b06d46a0e63cd7d761f9fdb89bd775a3afb63e25a3,614d17230703172b,
dataset/train/glioma/Tr-gl_0660.jpg,glioma,glioma,0,train,d009577bb5909d6c3de292c221e9aa028b8fc5e354ca75407e8e48875367c5de,210d0f2b2f0f172b,
dataset/train/glioma/Tr-gl_0661.jpg,glioma,glioma,0,train,1ae55718ad17a4f432982953733cd584a9af2c0641d34bc9873ac0b92e60c4be,614d072b2f0f0b2b,
dataset/train/glioma/Tr-gl_0662.jpg,glioma,glioma,0,train,5ab39a7d0b5e205d6f707a1d26d1bd252c57800454d74095b6e05f814fcbff5d,214d0e2b272b2b2b,
dataset/train/glioma/Tr-gl_0663.jpg,glioma,glioma,0,train,3d8df559710f4933a6770883065988d357c4a1c7b6d08c8ffbe08f4bd147c8e6,01490e2b2f2b2b17,
dataset/train/glioma/Tr-gl_0664.jpg,glioma,glioma,0,train,ba88bb1909c9a98c4e3b74fe014ae989c065276f8c3f6abbaa0986ba993f8f9e,01410e2b2b2b1716,
dataset/train/glioma/Tr-gl_0665.jpg,glioma,glioma,0,train,b4664b8d90022794e4db954e8a9a991f503a686e9634af62073dff4665f96fca,614d172b0f2b332b,
dataset/train/glioma/Tr-gl_0666.jpg,glioma,glioma,0,train,4897525488395a2e110c7802c7e980acaf9e1530be1aadd38c7abd4b62093800,610f172b0f0f0737,
dataset/train/glioma/Tr-gl_0667.jpg,glioma,glioma,0,train,e1b81e62ceb1b2dec67af52f601b5d8b68dcdc73cf995cd1e66880ead026793f,610f172b0f0f3737,
dataset/train/glioma/Tr-gl_0668.jpg,glioma,glioma,0,train,f13f0f0e1738bf114dcfb9237a5847c826660de43b4ae35f06bee755610d3359,410e332b170f0733,
dataset/train/glioma/Tr-gl_0669.jpg,glioma,glioma,0,train,4afab5c129d0763a852a2a692f08ae921ce0d1f56c1b0810e3f64553b49c711e,400e332b1f0f2b33,
dataset/train/glioma/Tr-gl_0670.jpg,glioma,glioma,0,train,6423207439a4043ccb32cc51e2142c0000254cf789be24a5eaeecbfb5a95e71a,400e332b0f0f1733,
dataset/train/glioma/Tr-gl_0671.jpg,glioma,glioma,0,train,621eeadbd47c5541b81abc63a147e0ea468cd41a07e1974c6041a615622ad16b,410f332b2f071713,
dataset/train/glioma/Tr-gl_0672.jpg,glioma,glioma,0,train,a0cffd0d32301bfeb769a24a5d9d1a1e76ed9ac4b1f40365a0928097446c69ee,410e132b2f0f1733,
dataset/train/glioma/Tr-gl_0673.jpg,glioma,glioma,0,train,5538b7b91e27211d550c0baff9ca24f9d0a5912403314d6cee2d217c640754b7,614d0e16170b174d,
dataset/train/glioma/Tr-gl_0674.jpg,glioma,glioma,0,train,a4d8c8c0dffc1462a13d8490306b242a0d30b17b8e777cf41f4aaa2c1759f240,210f0f1f172b174d,
dataset/train/glioma/Tr-gl_0675.jpg,glioma,glioma,0,train,a45d47d3297ff75dc9838a2fd7782022e7adeb1fdd5020ea18fd0c80559b8899,610f0e1b172b034e,
dataset/train/glioma/Tr-gl_0679.jpg,glioma,glioma,0,train,095812e701d5aa1adfd1f679c6702b00ec00c9dd75522e9eb8be37f5fb9caf64,8e330f072b171737,
dataset/train/glioma/Tr-gl_0680.jpg,glioma,glioma,0,train,7ffad3fdaaa80e72f1970a225756180b14146a0e53d0cf6a8c308f562501e737,8e330f270b173736,
dataset/train/glioma/Tr-gl_0681.jpg,glioma,glioma,0,train,214fe8e1dbf213d3a0192702ffcfec23a4663eee9ad82e2091e7aa29c8a28211,8e33070f0f333737,
dataset/train/glioma/Tr-gl_0683.jpg,glioma,glioma,0,train,54637d4dd87f970fe45a2ef8b6f1cb7d1fc0183e7ffbbc0ddc840f272d74a63f,8e330b2b37171637,
dataset/train/glioma/Tr-gl_0684.jpg,glioma,glioma,0,train,f06ca8638a927dcac447fcb997d0b3c3eaa83346c5773513a08d87eb6b1b68a0,0e172b2b17163727,
dataset/train/glioma/Tr-gl_0685.jpg,glioma,glioma,0,train,c720b9646ef07baf1aa53af76e20607b129bf61a310e836cc6508541deda32a6,0e172b0b060e0f37,
dataset/train/glioma/Tr-gl_0686.jpg,glioma,glioma,0,train,94e7ed59eec5274b772618e79a1e6de61c4b2fab601a1d505f7daf4d8fd98dd8,0d072b2b060e0f47,
dataset/train/glioma/Tr-gl_0689.jpg,glioma,glioma,0,train,d58f244d757dbb95ed4150676d5d0b6582d546fa08553c833d06df11e0d0d819,983e4e4b231b161c,
dataset/train/glioma/Tr-gl_0690.jpg,glioma,glioma,0,train,362da07f9aa2d8acb31768bc1d90ef013317bba10cec416476c4e1fc806cc56c,9c3e4f0f6313363e,
dataset/train/glioma/Tr-gl_0691.jpg,glioma,glioma,0,train,ea5b3c38211e7421846de399f6906d190f5f4de5b70db494ef6ec2242c7ef5b9,1c3e0b4b63171f3e,
dataset/train/glioma/Tr-gl_0692.jpg,glioma,glioma,0,train,0f5a2a1ed40455791a5f54dac0df3bdf8cdf1dcfa314120407f1b6e635c7b108,690f1707332b2716,
dataset/train/glioma/Tr-gl_0693.jpg,glioma,glioma,0,train,dac0960fdce9b26e03e6c679c7335053b356a8b0191811797b0788c0f164cc02,610f1707372b279e,
dataset/train/glioma/Tr-gl_0694.jpg,glioma,glioma,0,train,a91b2884cf242230dd0ef5de2e64f8021c404060532d10f498a184f51fe095ea,610d160f372b279d,
dataset/train/glioma/Tr-gl_0695.jpg,glioma,glioma,0,train,f35cd05279c4fa37b8efd728923b162a35be45eefd0b47e2b8f76cf69a55580f,4d1723172b170307,
dataset/train/glioma/Tr-gl_0696.jpg,glioma,glioma,0,train,ee9036fddb23258b41587f7eb99d87761d0570f2a776b83795148f3a4fabcd7e,4d1723172b130317,
dataset/train/glioma/Tr-gl_0697.jpg,glioma,glioma,0,train,099256a97d4847567de58e018cd692cf1472d3097be48a9811c48b73a2c89c5f,0c17230f2b131707,
dataset/train/glioma/Tr-gl_0698.jpg,glioma,glioma,0,train,8a1313286e4f251bcfaacb1e04ea01b5860c7b42709c7a8eb6a617f92a35bb8c,314d0f17172b2b06,
dataset/train/glioma/Tr-gl_0699.jpg,glioma,glioma,0,train,00398b9feaeedd71e9bed9f9aa5d6abd644d54ac527d86ac95bbb5be8188ef49,314d0f17332b2b0e,
dataset/train/glioma/Tr-gl_0700.jpg,glioma,glioma,0,train,4a712076f2450c26a628f2c6dc9745a76205cbea10aa36288771a6b335a5b036,410f272b2b1d1716,
dataset/train/glioma/Tr-gl_0701.jpg,glioma,glioma,0,train,79385ee2ae54ad7ccd33b0904bcfad8f60717b575a9042cb718dafe957db9a25,410f072b2f171716,
dataset/train/glioma/Tr-gl_0702.jpg,glioma,glioma,0,train,471f38b4cf349ccb2be12e437623b9eb09ebeda98365c2928b9bf22718a391bf,214d0f0b232b2b2a,
dataset/train/glioma/Tr-gl_0705.jpg,glioma,glioma,0,train,ec64e15f841eb6f3830790ddcc2cea63f83bf275d0f539be83d45f56947beea4,610f072b2b0b3717,
dataset/train/glioma/Tr-gl_0706.jpg,glioma,glioma,0,train,4bc25a7234335be8b1a632180e621bb5fbbfc2b104bd4ed7f9e58d74e489ce62,610f0723070f1717,
dataset/train/glioma/Tr-gl_0707.jpg,glioma,glioma,0,train,374d068b66103a3013217de61f444db11afe1cfb14171331b81305ad0faff36d,410f0723070f2317,
dataset/train/glioma/Tr-gl_0708.jpg,glioma,glioma,0,train,c5faaff1c2b3301c7f56705d0addec3831e35a49522542f03625bbd59b0ed9d7,314d0f171703174c,
dataset/train/glioma/Tr-gl_0709.jpg,glioma,glioma,0,train,b9634ca54dd5c17080a7360ff0dff131d463bbc5e161d4334a1d4e4c55736d84,614d0f171723030e,
dataset/train/glioma/Tr-gl_0712.jpg,glioma,glioma,0,train,eae328cb5abb0d7fe2f7b070171147d998865b5c8291aafa772c8ff7dd4ad5e2,200d070f33232b86,
dataset/train/glioma/Tr-gl_0713.jpg,glioma,glioma,0,train,7dc81d821334afd848a2fd1754cb8fb1d479a15d80dc126b5d66c4b8013cb3d9,610f071733370b8b,
dataset/train/glioma/Tr-gl_0714.jpg,glioma,glioma,0,train,1c9cbac16fdfee295e2110d5bb877d96e6c7351a4621e7e421fc1eea4159d414,610f0f1703170f0f,
dataset/train/glioma/Tr-gl_0715.jpg,glioma,glioma,0,train,aec130cbaa7c60d52c4e637f85fcaac235e6e4de23f40b73432b97f8dd27f779,8c272b174d173733,
dataset/train/glioma/Tr-gl_0716.jpg,glioma,glioma,0,train,66357bf2face3cdebe352201639160e8beae2c595844d26267986ff313c8bcd5,8c272b070d351707,
dataset/train/glioma/Tr-gl_0717.jpg,glioma,glioma,0,train,6e30bfda6207bc415399d606737f7199bd2b8ffe8271a8de3affa4910e31fc86,8c2723170d152b13,
dataset/train/glioma/Tr-gl_0718.jpg,glioma,glioma,0,train,12fb8f2c6a8cc7cf14a168f9d7511e183ea07686b8e597cf7cda6a4de0c8163d,4d0723174d172713,
dataset/train/glioma/Tr-gl_0719.jpg,glioma,glioma,0,train,dd1e66d812a466679fd4fc4c97b7606a8f8391e029b0dd0e754602b0386b85e4,4d0e270f13172323,
dataset/train/glioma/Tr-gl_0720.jpg,glioma,glioma,0,train,e44e455d0ccbc9af6feaae5e0f44d2f45cb480a5174d66a13f491464fdd3b3d8,4d0e270b27172323,
dataset/train/glioma/Tr-gl_0721.jpg,glioma,glioma,0,train,8352602a8da56d20399496122302aa61410446fa02ee759ab485b89b5531fe1c,214d1f0737330f0f,
dataset/train/glioma/Tr-gl_0723.jpg,glioma,glioma,0,train,acc3cbb4af767cd31abe47ab7fde559c6260947f7e67ba1dbfb4c773581a591f,611d2707332b2b17,
dataset/train/glioma/Tr-gl_0724.jpg,glioma,glioma,0,train,b444716305314ae067cf2221fac928c830735fc2b3a3247468864252b2f410d7,610f27072b232307,
dataset/train/glioma/Tr-gl_0725.jpg,glioma,glioma,0,train,dd6fafab35cd9dc9e1ce04321f9a20521d936425fdec6e558623f2aab3613cb5,490f271723170f0b,
dataset/train/glioma/Tr-gl_0726.jpg,glioma,glioma,0,train,547212ee69eefa34d51951f465517ead1a2d56e4fbbe9f5c1f687c9bd2ee21f3,491f271703170f0f,
dataset/train/glioma/Tr-gl_0728.jpg,glioma,glioma,0,train,82f40def618ad530ceb715478291d65e0ad0b86b843acd4d5bba4414c375b523,4c17232f0d152b93,
dataset/train/glioma/Tr-gl_0729.jpg,glioma,glioma,0,train,354323838bb80655cffbc58d32b874124bf4a290d62cae6ed0a052a872a56b3b,4c172b1725153303,
dataset/train/glioma/Tr-gl_0730.jpg,glioma,glioma,0,train,5ca71aa88abd89721f64e3107ebe5e047553ebf2bc3f06f0de1b7ec09c5f8602,0c172b074d053713,
dataset/train/glioma/Tr-gl_0731.jpg,glioma,glioma,0,train,f7023a245bf0285e63f5f89fb56c8167d105ee5a3b3f38d56d475955d4e2b323,0e172b074f37370e,
dataset/train/glioma/Tr-gl_0732.jpg,glioma,glioma,0,train,648e3d7215a5e2fde7ec2c6e6259bc278ef099c224132f1e79299f6cf55e8054,0e070b074f171706,
dataset/train/glioma/Tr-gl_0733.jpg,glioma,glioma,0,train,7f74e6e8d3ffdf1f8c9817dc03cf704002c6828ff0f9cb7004177500549df98c,0e070b0f0f17171f,
dataset/train/glioma/Tr-gl_0734.jpg,glioma,glioma,0,train,aeae1e79c821ef737b24f288bf125e8112ae2b6eabcf85e8be58085f6b2c0718,0e072b0f0f17370e,
dataset/train/glioma/Tr-gl_0735.jpg,glioma,glioma,0,train,2afc9c088f3480c8706693fce83937948aed2d1b7f9ac2d3905a67463707e74c,0e072b0b2f17172f,
dataset/train/glioma/Tr-gl_0736.jpg,glioma,glioma,0,train,f6b2110e2dedc4fad30bb3c81540cb8f6f4a91ed52349c4259a943a045b6c19c,8e0b232b17171716,
dataset/train/glioma/Tr-gl_0737.jpg,glioma,glioma,0,train,8fe180f7cbf41345de48460e24ea4aa4eda16d4ea1f72117b734ceda7d3a0b3a,0e132b2f17171716,
dataset/train/glioma/Tr-gl_0738.jpg,glioma,glioma,0,train,0962be3499ab3e6658facade679ec1aab5565260dce9c9b5e600b52b64577afd,0d0f332b332b0b06,
dataset/train/glioma/Tr-gl_0739.jpg,glioma,glioma,0,train,e0f41ba8781792d5929faa044f05bb00f744a1a457030c7ed39bd1c882d6efa9,4d0f13232b2b0f06,
dataset/train/glioma/Tr-gl_0740.jpg,glioma,glioma,0,train,4a595f937a3283899151addfd7b471801ca796c1f34ba14ecc184e3904a3adfe,4d0f1737232b170d,
dataset/train/glioma/Tr-gl_0741.jpg,glioma,glioma,0,train,c2e17c9b89fb6600a973e24e8ccecefa8ee1376053efb05cde5450d73e3f116a,0e03232f17131716,
dataset/train/glioma/Tr-gl_0742.jpg,glioma,glioma,0,train,89554a7a4b5b8ae1866f03a9aba3ffca589bab2e6fdbb648bafc27fb68895140,0e13232f0f333716,
dataset/train/glioma/Tr-gl_0743.jpg,glioma,glioma,0,train,a4c5bb886c3cfa9c19100e963c3df3db233a809e2705b39892b0a13b59b01a04,8e132b2f0f371716,
dataset/train/glioma/Tr-gl_0744.jpg,glioma,glioma,0,train,2ff19bef16c94130949de43ee8dacba0a960bd3591412a54b6211de82132b0ce,0e17332b0f37170e,
dataset/train/glioma/Tr-gl_0745.jpg,glioma,glioma,0,train,7c9b503d8a43cc4b745a15be205d279289f74b4951da690cf9a138e627e98bb4,0e0713272b330716,
dataset/train/glioma/Tr-gl_0746.jpg,glioma,glioma,0,train,5030a81e946453f7763797bfa5fc0f748f40cb6c245a25d25e0fe13608e71567,0e1733272b330f16,
dataset/train/glioma/Tr-gl_0747.jpg,glioma,glioma,0,train,281d89dba155fe341a301d2d467849d780ff8d4713bd85fb7b823bec69a57ec4,0f17132f23370f16,
dataset/train/glioma/Tr-gl_0748.jpg,glioma,glioma,0,train,31594059f4bbb436b853641408beced55cfa76312350515d5dd9a71fa0476c1e,0d17330b33170b06,
dataset/train/glioma/Tr-gl_0749.jpg,glioma,glioma,0,train,b06bb63a2705f1f63a82dd0075d3fa0c409d6ecc24aec691ba86137fa5e31edf,0e2b0f0b272d2727,
dataset/train/glioma/Tr-gl_0750.jpg,glioma,glioma,0,train,e192b9108ccaf68b8bdeef25be623ecd6dd5ad120ec6416544e4fb7cb25ce0e8,0e23070b0f2d2727,
dataset/train/glioma/Tr-gl_0751.jpg,glioma,glioma,0,train,72143f189dc6bc9ca237a908a215b00a8f6c2883ea3dba5ba99c1de0fd688933,0e2b170f07272727,
dataset/train/glioma/Tr-gl_0753.jpg,glioma,glioma,0,train,48cd44beeb8d1047ecf8d8378df20b2e98016b3df24f47531ce37e093a3157a5,610d172b17232b2b,
dataset/train/glioma/Tr-gl_0755.jpg,glioma,glioma,0,train,764d1295159f74760c4695f31e384489822e72b946df70bb3c1dd13e0e0095a9,610f1707332b2b2b,
dataset/train/glioma/Tr-gl_0757.jpg,glioma,glioma,0,train,8835d88b5fc5f78a7f090b86e46bb6e78cd4d73d8c079e57b2d7a49e838ad62a,4d1f230b73170f2f,
dataset/train/glioma/Tr-gl_0758.jpg,glioma,glioma,0,train,1308b2078ae8de0fc265d08c0e704109245fbc9e4dc2ea80ea960c1cf65386dc,0d07234b43170f0f,
dataset/train/glioma/Tr-gl_0759.jpg,glioma,glioma,0,train,2e5ff28bf1776b9da0e91843d2d41c1cabbe8572eb0ad2e8981e6243e25464c9,0c0f23474b570717,
dataset/train/glioma/Tr-gl_0760.jpg,glioma,glioma,0,train,5f9fbf001db65a473d3047e5e0228f4a4009b4f421b2fe9ca7b6fe386621b88c,0e07235749571717,
dataset/train/glioma/Tr-gl_0763.jpg,glioma,glioma,0,train,483ffbd931d28397196a64781362f28a6fb27f859b71b964ddc26bd25714db7b,0e070b4b47173333,
dataset/train/glioma/Tr-gl_0764.jpg,glioma,glioma,0,train,6277d7b752bef17a567565d0078e07111ade8b3365c1f2d4ba3839b04e91a6e3,0e17332713331307,
dataset/train/glioma/Tr-gl_0765.jpg,glioma,glioma,0,train,353f099dadf83677f2f583aed2f499484dcecc9c352107cd4ef3190c83f861ff,0e072b0f17331707,
dataset/train/glioma/Tr-gl_0766.jpg,glioma,glioma,0,train,441e593fa3ae54ef5fa17e788b1e36a80839c815740825cc7620f37ef86d1a37,0e070b1307333707,
dataset/train/glioma/Tr-gl_0767.jpg,glioma,glioma,0,train,59bd1f9c9b39d6914450e652be61572aa67e3e52f9b565ea1d584be9ae487124,8e030f070f373736,
dataset/train/glioma/Tr-gl_0768.jpg,glioma,glioma,0,train,1c32fb2f7e134c0c8ad3350d7880a1932e38b4930b52db6cb6806ce303ed2df9,8e170b0b37171716,
dataset/train/glioma/Tr-gl_0770.jpg,glioma,glioma,0,train,efa6cb8d93961598deb3931568d2a946cd18e8240218032eaea0dd1343c016a4,0e070b0b33171716,
dataset/train/glioma/Tr-gl_0771.jpg,glioma,glioma,0,train,bc6c65d0d2a8b6abaf2b0dbab2f06d338bafea4743fb38181c28c41974e17e54,0e0b0f1717173337,
dataset/train/glioma/Tr-gl_0772.jpg,glioma,glioma,0,train,6b7f500b517288e45f4701d154161ab48f570068974b92752ab8709447950703,0e030b072b173327,
dataset/train/glioma/Tr-gl_0773.jpg,glioma,glioma,0,train,3b7b3ee8c1b828b249ec8362b9163258552263f98c9e817f928a0c7203864e54,0e0f0b170b173737,
dataset/train/glioma/Tr-gl_0774.jpg,glioma,glioma,0,train,5b2e0e519c455318143f5ef7dace7287eed2ba0d5e434d99999fcb79b3b8b8be,4e1713173b332b26,
dataset/train/glioma/Tr-gl_0775.jpg,glioma,glioma,0,train,ba0f5b6741023ab1b2db4fd433f084810712c7bd2355e625c7791d1e4fb2fd1e,0e1713172b37072a,
dataset/train/glioma/Tr-gl_0776.jpg,glioma,glioma,0,train,311e09089e2f2b8a9cd62ddc5239a72c17be19d2930c2fbd30ea7957321b2383,0e1733173b170b0f,
dataset/train/glioma/Tr-gl_0777.jpg,glioma,glioma,0,train,9095cee93716b9f1190e47ec076bb6edb28ae1e0dabac0408577a810ea782fe1,0e0313071b17130f,
dataset/train/glioma/Tr-gl_0778.jpg,glioma,glioma,0,train,d68402b87b9ec58d8a2c0cbd2beb7dcdccb50ae47e6dd6fe61d04fb51d7d68cf,8e0b17170f37170e,
dataset/train/glioma/Tr-gl_0779.jpg,glioma,glioma,0,train,7191c2703b1bfcdbaca17516c89afc9dc6c0b243e797c1dd5fda11c17ec8e4cd,8e2b33174f371737,
dataset/train/glioma/Tr-gl_0780.jpg,glioma,glioma,0,train,6d4ca73d883aeedbb66b18e8a3a9244a2bc777abae38eb45def1cac49be2e53f,8e2b230f4f0f3327,
dataset/train/glioma/Tr-gl_0781.jpg,glioma,glioma,0,train,82d7cd331a0f76ec76c8bc2cba417ee988b0aaea9a9f84f418bf395c43c0e6e0,0e03330b2f130716,
dataset/train/glioma/Tr-gl_0782.jpg,glioma,glioma,0,train,4d19ca77379f583f8bb338f3f637780c2b44f0195c85a94ca91478e595b18226,0e03170b2b170717,
dataset/train/glioma/Tr-gl_0783.jpg,glioma,glioma,0,train,e2bf8d557bf4edf241754302e52daa44167cffa7d9edf9aa9645972fb309aee5,0e03270f0f170716,
dataset/train/glioma/Tr-gl_0784.jpg,glioma,glioma,0,train,c9a564c664538b58e25bd636c0adcface0218773748d14d008c27154926ad251,8e0b27070b170786,
dataset/train/glioma/Tr-gl_0785.jpg,glioma,glioma,0,train,f5cd9a2ff7c5a56e14c95c8759fa99dda1263b43f0b9f313537a2a41e956216b,0e2b070f0f171707,
dataset/train/glioma/Tr-gl_0786.jpg,glioma,glioma,0,train,797da5b7397289ba058e29216667330f37c8ce586e1576b297e51d18786228ac,0d0f2b0b230e0707,
dataset/train/glioma/Tr-gl_0787.jpg,glioma,glioma,0,train,514ea41d3e9ec529604a8ab1d18d8d31e5564bc4e58476f1701f79be142ab543,0e0f0b0f171e0f16,
dataset/train/glioma/Tr-gl_0788.jpg,glioma,glioma,0,train,7e5a8bc5f4737b1aed15e019c7aa6cbfa781fdb4ae512637fb5e919567ff575b,0e2f0b0f17171717,
dataset/train/glioma/Tr-gl_0789.jpg,glioma,glioma,0,train,c76262afdc9ed2d864cdd719f0cf362cfd96bab550fed7fc120b763180d88c55,0e370f2f17171627,
dataset/train/glioma/Tr-gl_0790.jpg,glioma,glioma,0,train,4772f5ef60724b24e4dc2251a9969159601e68019876552db3497b125b45ae30,0e0f0b170b130f0e,
dataset/train/glioma/Tr-gl_0791.jpg,glioma,glioma,0,train,95450a04094c34cd2b8fd8e0d28792a110eaa68dc3b568c25ba5eb37913ff77b,0e072b070b170f0e,
dataset/train/glioma/Tr-gl_0792.jpg,glioma,glioma,0,train,696c4af2f133b6bebd8ca61910e8e526681e3cef3c4259763dcddd6ddb68e90e,0c0f07072b17070e,
dataset/train/glioma/Tr-gl_0795.jpg,glioma,glioma,0,train,17eeac3440234a20194b5f5c1814209b6ca76516cb97277c33f2ac882e8cbc05,4d0f1b07332b2b8e,
dataset/train/glioma/Tr-gl_0796.jpg,glioma,glioma,0,train,e91e724df60c0f8693754373178338cfb1c7d2eb9c56c4dd0f00499df2f3e249,4d0f170f37232b0e,
dataset/train/glioma/Tr-gl_0798.jpg,glioma,glioma,0,train,84706e9ed0c156bb9c26792dcc3db73aae2950942eab52fd59fc3937fb82dd7c,0e172b2b2b171616,
dataset/train/glioma/Tr-gl_0799.jpg,glioma,glioma,0,train,ddba259daa3fbf770025cabff33c6d1dbcf98d3bba41c2a4e5b832959e748bcc,0d172b2b23171636,
dataset/train/glioma/Tr-gl_0800.jpg,glioma,glioma,0,train,dde07981a2f82c22f7a50a68cf6ea11b5713c0155974e9623a87e582695a20ca,4c172b2b270e0e26,
dataset/train/glioma/Tr-gl_0801.jpg,glioma,glioma,0,train,fc89077441b52924cbfefcc639fb095644ea996bef6ebde2e84e81cd8be51852,4d0e2b2b260e0e0c,
dataset/train/glioma/Tr-gl_0802.jpg,glioma,glioma,0,train,fff155b71a6210747d86534028234a0ceb653c43a699bc73dca79c2ccdee24b9,4d0e2b2b060e0e06,
dataset/train/glioma/Tr-gl_0803.jpg,glioma,glioma,0,train,f4c2c43b22784a160acb8fab9540ce269910d6944654e1b1081d8ad4e8e60dcb,4c0f332333170f07,
dataset/train/glioma/Tr-gl_0804.jpg,glioma,glioma,0,train,c7ce0360b039a15c720838382256c621a1ebd82ddd5dc5aa6978e3e13b74d73a,4d0f333713170f0f,
dataset/train/glioma/Tr-gl_0805.jpg,glioma,glioma,0,train,fb8d554dd70d8a0a9a0e290dc5acff1f52982cd37784c4ed5d32b0cffd2cd0de,4c0f332b2b33170f,
dataset/train/glioma/Tr-gl_0806.jpg,glioma,glioma,0,train,bb1da64a8aba9ce85e725c7a9abf54b8ed1136b6b699d391d53a6e3e9c4cb4bc,4c0f33170f171717,
dataset/train/glioma/Tr-gl_0808.jpg,glioma,glioma,0,train,39e358477374a50436c2736593dc5cc0d9992e7eb507fff20ea4685ecdeef0ae,4c1723170f373337,
dataset/train/glioma/Tr-gl_0809.jpg,glioma,glioma,0,train,d090e82a0ed00681579ebd2d00bd2f1da4924f3ed5c3aec09da15282c5acdbff,4c1723174f0b3333,
dataset/train/glioma/Tr-gl_0810.jpg,glioma,glioma,0,train,149f5df9f742b5ef6c87399100a2fab7a3de0dbde475da2da7f3fa261bbbd54c,0c1723174f173323,
dataset/train/glioma/Tr-gl_0811.jpg,glioma,glioma,0,train,2fe9e7ae44292cb1e09ed72f3d2d7da76b67d7432d7c205d3b537ae3291a3c8c,0c1723070f373313,
dataset/train/glioma/Tr-gl_0812.jpg,glioma,glioma,0,train,72d1733ec5078517d2c294c4a8120df155d0309955ae52c0b0aa56213bf0a882,0c0723230f371317,
dataset/train/glioma/Tr-gl_0813.jpg,glioma,glioma,0,train,7cce6b2c06af70da1bd72c8e08f82b992bd19a2b739464bac6b1ecfe3d02317d,4c07232b2b33178f,
dataset/train/glioma/Tr-gl_0815.jpg,glioma,glioma,0,train,89cde6f3098a534c3eb421d8a47aafecb37a7f7d0f45a8c24a06c5ab35d4dbec,4d0f2b0f0b0b070f,
dataset/train/glioma/Tr-gl_0817.jpg,glioma,glioma,0,train,e7614392d54f37bd2567e68d2b21489f94ae3add8e338e2ac0ea55ef17ce31ef,0e1723032b170f16,
dataset/train/glioma/Tr-gl_0818.jpg,glioma,glioma,0,train,766cdc0abc84c0e4be014803cd7991ce101d0270f07883fb8c9e8d213c2903e4,0e170b070b131716,
dataset/train/glioma/Tr-gl_0819.jpg,glioma,glioma,0,train,d0cdf1eb46024aea340fcfe0070d95288c90c9d1f4de2b51e0ebc5265a6d0bda,0c072b0f2b17170e,
dataset/train/glioma/Tr-gl_0820.jpg,glioma,glioma,0,train,d4d71f8644b39a0d6965aa5f231cca2c7b5c27044f99f784a692acbb45b7c2f4,4d0f2b0b0b13171e,
dataset/train/glioma/Tr-gl_0822.jpg,glioma,glioma,0,train,8bf21259fed8856c34f226a3c53a18366ee3527c8edf0aa8aea5da9bc3db8cc7,8e1333074f373337,
dataset/train/glioma/Tr-gl_0823.jpg,glioma,glioma,0,train,4ca775ef72d891928b09848975c182910cbab540a33c18cdf4ed20b145cdeb15,8e2313130f273307,
dataset/train/glioma/Tr-gl_0824.jpg,glioma,glioma,0,train,1c43ea5a3bf0e75e7a3efcd121d2fb12fb5d3fba69bef6382fd2325c8fb0a6a8,0e33232b0f373317,
dataset/train/glioma/Tr-gl_0828.jpg,glioma,glioma,0,train,a83d47f6d31a430d0d7c5b040300050ca7ba422c071ee75c0b8f56bf660a9f7e,4d0f0b0b07170606,
dataset/train/glioma/Tr-gl_0829.jpg,glioma,glioma,0,train,089d8e0fcf712322b09407e7d7166086d56a1181539a8116406bb98b5ba26efc,410f0f1b0f0e0e06,
dataset/train/glioma/Tr-gl_0830.jpg,glioma,glioma,0,train,0e4e68db858c99a0e72ec857e186cc5a9677ca48fbfbbcc03591b50ba9dc6d88,610f0f0b03064f47,
dataset/train/glioma/Tr-gl_0832.jpg,glioma,glioma,0,train,f22d34526a62a086a9635b75e0b9dd382278ae51c189dcfcfac2869aad8fef63,41610717174d2141,
dataset/train/glioma/Tr-gl_0834.jpg,glioma,glioma,0,train,1444789d7060743729c1f1839f68a466d55baf2e9acab75c66f1248039373d00,0e0b2b330f331717,
dataset/train/glioma/Tr-gl_0836.jpg,glioma,glioma,0,train,c5d72673d8fb92b618ef1bb2b70033415e8903f158984d0bfae3c5c995fc5406,0e072b2b07031307,
dataset/train/glioma/Tr-gl_0837.jpg,glioma,glioma,0,train,5d6b27b045dfbc3910f879496ccc303fb405b79f6cd312e7a261568f61dad2e6,0e072b2b0f131707,
dataset/train/glioma/Tr-gl_0838.jpg,glioma,glioma,0,train,c7fb31316de42761f7df4391e53d1eb9ed28b07787b2b6fe263a74a1ed911829,0e0f2b2b0f131717,
dataset/train/glioma/Tr-gl_0839.jpg,glioma,glioma,0,train,3f2be81791b4ce7568fdd611bb48665a5f76bef7b583894517b805fdf56e1528,0f0f2b2b0f131716,
dataset/train/glioma/Tr-gl_0840.jpg,glioma,glioma,0,train,15034d26aea8c292be49215ae84f19a2981c6dc998fc7062222c8a2c262752e5,0d0f2b2b07171716,
dataset/train/glioma/Tr-gl_0841.jpg,glioma,glioma,0,train,504ef33de792c998c3c8d57e8be2f9b9dcac76abc57b843899b74c84f3c58548,4d1723370f1f2716,
dataset/train/glioma/Tr-gl_0842.jpg,glioma,glioma,0,train,e7d18d932902844ce8dda2e20453e44b7403c53ec9378a978e98047ceb7619dc,4d172b2707173716,
dataset/train/glioma/Tr-gl_0844.jpg,glioma,glioma,0,train,25214dc581fbca9524d0db52423bd862a25945164b59d31d6cc1a49617a3c84c,4d1633272b331e1d,
dataset/train/glioma/Tr-gl_0846.jpg,glioma,glioma,0,train,a5540b0fd2bf3c50a8c7584bed4da073d750c87f3cd928c563bfe520ff3e1f65,410f132b23321f1d,
dataset/train/glioma/Tr-gl_0849.jpg,glioma,glioma,0,train,79a1b21d7459078f1f4ee2e2ccceff940d44b3309cb1e04e8ee4970dd545f7dc,4d072b1727172b17,
dataset/train/glioma/Tr-gl_0850.jpg,glioma,glioma,0,train,31a86da687deab76bb178da80902dafb484e5db73324be3a6dbe8c252728b2c9,4d172b0b2b232303,
dataset/train/glioma/Tr-gl_0852.jpg,glioma,glioma,0,train,6de70bf606e023da70c47b35485fab22da5217305b21865bde941c73adea485c,0d172b0f07271323,
dataset/train/glioma/Tr-gl_0853.jpg,glioma,glioma,0,train,3fd896730cbd7d870998082bf093ebf94ff9234ba704410c63d8fb3385692486,0d272b0f0713133b,
dataset/train/glioma/Tr-gl_0855.jpg,glioma,glioma,0,train,7c3df8a98ef51f9afa4bcad4d8bb7b9830f9e982207f0b7c2d2001ca2bd10cb0,0e270b0f17173333,
dataset/train/glioma/Tr-gl_0856.jpg,glioma,glioma,0,train,cf62be31de13d56e9ad6f5c0abdb4c3132c7c8b087326e8c262cfc34031543ec,0e270b0f55533333,
dataset/train/glioma/Tr-gl_0857.jpg,glioma,glioma,0,train,80b0cbfbf913c4414e6f315da99b0b4d16e7f22fb18caf901b3c075452289b35,0e270b0f4d0b3333,
dataset/train/glioma/Tr-gl_0858.jpg,glioma,glioma,0,train,f291633e2c43f4ee589e0eb3fadb42a9758a8a3ff4ef54a08897601eb3145227,0f274b0f4d4b3333,
dataset/train/glioma/Tr-gl_0859.jpg,glioma,glioma,0,train,4cda224c212f84b7c077e0c2bb7d7d84a2db8b1110b0f17e6bd841429bebb6eb,4f172b030d2d1317,
dataset/train/glioma/Tr-gl_0860.jpg,glioma,glioma,0,train,9ca6a29bdbf5991f5bf583a470ac97a985badbd3bbd63d6c439660e11c3072fe,4e172b17254d3313,
dataset/train/glioma/Tr-gl_0862.jpg,glioma,glioma,0,train,76fc49720429ab09f9f123e5fbb95909491295bad8c29555632a49129b51294f,0e131b1f17171713,
dataset/train/glioma/Tr-gl_0863.jpg,glioma,glioma,0,train,f824f2fba70fc2dc5e70808a6e89ae9cf728a7ab3c2a824a6c778ac536fed783,0e131b2b17571717,
dataset/train/glioma/Tr-gl_0864.jpg,glioma,glioma,0,train,d8debe55f1124959a5bfeb40ab42b31f116b0b9b4babd622a3313043832c3430,4e133b1f07171707,
dataset/train/glioma/Tr-gl_0865.jpg,glioma,glioma,0,train,ccbc6129652db7e957fc2c8e535dd7ecbe9f46d64bbe5ba44917b9410d88c44c,4e133b1323130707,
dataset/train/glioma/Tr-gl_0866.jpg,glioma,glioma,0,train,8f50cffd4b7b1e4a2f497dd529c824a7915200babe5a8dc39093f3e4dc87b0e6,4c171b172b330b0f,
dataset/train/glioma/Tr-gl_0867.jpg,glioma,glioma,0,train,38cc4889151a9b4feec8a92e291b0598fd37374fa7f75d951ea3045619587729,c01c262327968e48,
dataset/train/glioma/Tr-gl_0868.jpg,glioma,glioma,0,train,d662fa5e41a39bf7de8058829dd5678d07043381183588bd9042a8b6059b66e6,901e674b231b964c,
dataset/train/glioma/Tr-gl_0869.jpg,glioma,glioma,0,train,f34968b7bd727c74d2d2bb4079d4a3c6926bf7c8a2ff51f34dbc9a8412a6c4ed,983e4b5b630b969c,
dataset/train/glioma/Tr-gl_0870.jpg,glioma,glioma,0,train,32e1c89cade54971657c2436c59cd3a8328e09a3ca8c33220d32688752a21654,9c2e5b4b6333169e,
dataset/train/glioma/Tr-gl_0871.jpg,glioma,glioma,0,train,49ad14ef934e05f61b6bf64b8ce3ab2f9451adb28959bab389486c685c77546b,1c2e5b4f53173f3e,
dataset/train/glioma/Tr-gl_0872.jpg,glioma,glioma,0,train,8d872ed6256067b8c80fb2d0f60cb36513116ddafe07e821deb0c673e13aa6ea,1c274b1d535f5b1e,
dataset/train/glioma/Tr-gl_0873.jpg,glioma,glioma,0,train,9c3e7991aa6ff882a971009723e952e8be5ed59fc9aab65fb54df4a4c264b5d6,1c374b1d43274f1e,
dataset/train/glioma/Tr-gl_0874.jpg,glioma,glioma,0,train,8e882a775f1f207dbd6073503f38e5bc5803b9edbeb3d6cf066fc746f2fea57a,801e371b33270b9b,
dataset/train/glioma/Tr-gl_0875.jpg,glioma,glioma,0,train,920a89cd74bf89b051c71a16fa6739cbab278256400ac27a28fde13cfa08eaeb,c01e271b33230b8e,
dataset/train/glioma/Tr-gl_0876.jpg,glioma,glioma,0,train,7d1b82b1b425040aef110c27e61814bbf38edb392cabdc77396680ba682053a2,0e231d094d0d0d5e,
dataset/train/glioma/Tr-gl_0878.jpg,glioma,glioma,0,train,140edbb73dd904fa937c78ab59656e7783ca51bcd9bbda1427d94ba640f324a8,07234d2b6d2d2f5e,
dataset/train/glioma/Tr-gl_0880.jpg,glioma,glioma,0,train,5d0cdf397648a4db3fb5dd82dd41701bf994c5e1f22972dfa7069f033bd53c58,1c26531b0b732f3f,
dataset/train/glioma/Tr-gl_0881.jpg,glioma,glioma,0,train,86b49602c31c6e9e4a91805e2c17f80352afee001644e3de702a8e4da3dbb67d,981e331b23271b36,
dataset/train/glioma/Tr-gl_0882.jpg,glioma,glioma,0,train,b52b0870e1302cfe5e4d4f466705893466717083d1d2bb3d831185c898fe8992,d81e231b232f1b3e,
dataset/train/glioma/Tr-gl_0883.jpg,glioma,glioma,0,train,955fc55d99f45334c7d825eb240c1975b195bebef21fae470c0e926e2c21f8c5,1e3b5b1b5b39277f,
dataset/train/glioma/Tr-gl_0884.jpg,glioma,glioma,0,train,0bdbd0ca07b1f68d4de889077afc7f21d06f2dd8453a74546e16a705284462a4,1e37232b4b232f5f,
dataset/train/glioma/Tr-gl_0886.jpg,glioma,glioma,0,train,8f7db54485a24879e7849809fdba3627c525dbb79d6ee6f71960715a86b28f71,1e2f1f2b4b0d1b1b,
dataset/train/glioma/Tr-gl_0887.jpg,glioma,glioma,0,train,bc7319f86d26c6da125552af3fd91a9d1ecc80a2d63fb666c7b4fc2134e0424b,c89e3f4b4b23168e,
dataset/train/glioma/Tr-gl_0889.jpg,glioma,glioma,0,train,b43b0f51d1da727e95812c1f486b5212cdcab3421e839bb77cb74b9a76994e72,9c1e3b2b29631716,
dataset/train/glioma/Tr-gl_0890.jpg,glioma,glioma,0,train,6a852dfc849f11f416c24e28a9042e7f0ce56c6db6c2b3e84154d84f2abaf3ee,9c1e3b4f35531b37,
dataset/train/glioma/Tr-gl_0891.jpg,glioma,glioma,0,train,3e007478f6f85a9b96ce4947f7619452035901cede73c7f2a52b543ad764a609,9c1e2785257b2337,
dataset/train/glioma/Tr-gl_0893.jpg,glioma,glioma,0,train,a2e134fe6aa71dd3f59d349269d123ad899832eec834f5a7d7a7b34fc79cf54a,1c2f33690d1b474f,
dataset/train/glioma/Tr-gl_0894.jpg,glioma,glioma,0,train,38600a90daad7ea5a93951e8ca7874d162ad0d077878a0365a2d51890528660f,9c2f53393109434b,
dataset/train/glioma/Tr-gl_0895.jpg,glioma,glioma,0,train,ba97fcb7e7995b9773379a64626fbb5d354908d8cda5b2cbee9c9678bd4e1a31,1c1f1b3b0b194b2b,
dataset/train/glioma/Tr-gl_0896.jpg,glioma,glioma,0,train,cac39218f52a0d6482bc0966de0ea68bde807a3ffef5d6c27ff6ee9435d1f17d,9c1f133b09550f1b,
dataset/train/glioma/Tr-gl_0897.jpg,glioma,glioma,0,train,003c315a304e6410f298abbcae5556e62e83f477f4b05e4682b379091ab8226e,9c1f33690d232b13,
dataset/train/glioma/Tr-gl_0898.jpg,glioma,glioma,0,train,7f16387960a7091b9dd40b3d320dc94a89770925feaa00fdb269aa08729b38a3,20d81e3733238b4e,
dataset/train/glioma/Tr-gl_0899.jpg,glioma,glioma,0,train,3d37756ea954f772947a4bc52cffc0efa8a249fcb1ea1a91715539208eeac143,609c2e3b13238b4e,
dataset/train/glioma/Tr-gl_0900.jpg,glioma,glioma,0,train,7b8c2900f6f891c881254b074aba9d122263d179fb5b99252fc87132501384b3,409c261b13270b8e,
dataset/train/glioma/Tr-gl_0901.jpg,glioma,glioma,0,train,a9a22fd52fbe2bc8c379623ae9596f2d76e03bb3c89c20247f1900de74331647,c01e231f33450b97,
dataset/train/glioma/Tr-gl_0902.jpg,glioma,glioma,0,train,892ccc1528f280591c49fffdbf0f2c0b6fb1b3026f14e038db1439bf22bae7ed,9e23570d1d6f4f5f,
dataset/train/glioma/Tr-gl_0903.jpg,glioma,glioma,0,train,655d0d7de0a8f2775be9c959619aef947d178e07739e6bda45d2cf8ef22d39a1,1e2b5d1b19336f5f,
dataset/train/glioma/Tr-gl_0904.jpg,glioma,glioma,0,train,a5177ba695e5566477c5803d72cacfba5e9db9d371c2de3efac547aaa0ad6407,0e2b471d19536b6f,
dataset/train/glioma/Tr-gl_0905.jpg,glioma,glioma,0,train,ca53d6b5a862ed6bb62b114729a09d1070750b8a2f436f787ea06819908f7a2f,1e2b551919574f4f,
dataset/train/glioma/Tr-gl_0906.jpg,glioma,glioma,0,train,52b07683ffaa004d90a8eb701d33a3b6925385a8a7f163a2a2c3beef3cfbc97f,9e3b2d0d4b2d2d2d,
dataset/train/glioma/Tr-gl_0907.jpg,glioma,glioma,0,train,3e20174c863f82d6d18e3a11f1b4926985c33fa1731a8f3b342007a1a799ef2b,9e2f051d4925273d,
dataset/train/glioma/Tr-gl_0908.jpg,glioma,glioma,0,train,92fe7fa6bc53c30c0c95114ef31889d7eacdfc9a28774e41363f349a3ee46760,9e330d0b4d2b373f,
dataset/train/glioma/Tr-gl_0909.jpg,glioma,glioma,0,train,ec3c2b7662ca5ea01ed863964712d3ce1ce1152e01c0868d4fdd92589f7df36c,9e332d0b4929343d,
dataset/train/glioma/Tr-gl_0910.jpg,glioma,glioma,0,train,bd9e2dd3904b073d55257704ca62488521a48a72cf0b8e85fc9229b28fc0ddcf,9e270d194b2b3535,
dataset/train/glioma/Tr-gl_0911.jpg,glioma,glioma,0,train,f757f8405e888f996bd3d8d91c9cf4c5effa5959955fd9008fd3bed9ad7d48f2,9e230d5b4d29253b,
dataset/train/glioma/Tr-gl_0912.jpg,glioma,glioma,0,train,597e2e62ffd9302440980aa1d4935210c61b599da4d55c51d766e42a2faa192f,1e3b551b4d690f5f,
dataset/train/glioma/Tr-gl_0913.jpg,glioma,glioma,0,train,01e69989dba1488ee15f4985d0cbe9439d22489e4955cb3573b0fa9612b9aba1,1e33555b4b2b675f,
dataset/train/glioma/Tr-gl_0914.jpg,glioma,glioma,0,train,30aaf9753fc3dd9b0ad479f56e9dd39162675d4042f1ba34431c784bb15abd72,1e33450b492b6f5f,
dataset/train/glioma/Tr-gl_0916.jpg,glioma,glioma,0,train,8750e005f5a056f19720c759d295494bc763f368078702de20e93561d116e0e1,8e33150b5b2d2d5f,
dataset/train/glioma/Tr-gl_0917.jpg,glioma,glioma,0,train,fbe4bb2ab066e73a0ce5c8c95434db76f9647c757cfad2a03a7b5535801a788c,9e230d0b5b0d094f,
dataset/train/glioma/Tr-gl_0918.jpg,glioma,glioma,0,train,b09a4605887ecc2b0ec05ac33a50e975b786d296f7aad08e9cb83c76fda6b577,8e271d0d530d0b5b,
dataset/train/glioma/Tr-gl_0920.jpg,glioma,glioma,0,train,7e5c75e753400202c2c07623ca179b26c1a5ad139adbee1288c39603b0bbd417,9e33490b49693fff,
dataset/train/glioma/Tr-gl_0921.jpg,glioma,glioma,0,train,88b2a7e2adcc2f9b23ef908bb3063f2585068b350ab86a26f32fb3ab02667553,9e235d1b5d6d4dcf,
dataset/train/glioma/Tr-gl_0922.jpg,glioma,glioma,0,train,102f6f8757b09499869518a69a069da525e232871a9b3d7fecd942f31dfc2c9a,9e235d0b535d4ddf,
dataset/train/glioma/Tr-gl_0923.jpg,glioma,glioma,0,train,6bd25d7590dfe327aa5191cdbc360a84d97c78ad70ff040d8d17061b3e4446cb,9e234d0f534d59db,
dataset/train/glioma/Tr-gl_0924.jpg,glioma,glioma,0,train,ff0d52dc161d0c27cfdf15b01f5ed17022df5797e04af474f06c2048cd69d966,9e2b5d0f534d19bb,
dataset/train/glioma/Tr-gl_0925.jpg,glioma,glioma,0,train,01b179180d59fcecce89e0cef642723566a22725b68fe2614112df65086d6fff,409e275b69239b97,
dataset/train/glioma/Tr-gl_0927.jpg,glioma,glioma,0,train,c940abca2633f25af0204c30a6c4cade2917ec4d7bc07f345b109d45bb31c960,d00e334d49533b5f,
dataset/train/glioma/Tr-gl_0928.jpg,glioma,glioma,0,train,f02ff7faf9c9bda4cf1dd9a9c85069e1fb87ae3f3a200696ec302d7e9b251038,880e2b4d59532b0f,
dataset/train/glioma/Tr-gl_0930.jpg,glioma,glioma,0,train,4119b1153891c6c0d358673bf0ac190ad3e370b92636ec34acad1acf16ecfd85,9e2f371b6b1d0b9e,
dataset/train/glioma/Tr-gl_0932.jpg,glioma,glioma,0,train,eef45c9d6471fce958e9c91a487a844b6bf83acf60dc247c66f6d06f2a0bb77f,9c1e1f1b230b9f4e,
dataset/train/glioma/Tr-gl_0936.jpg,glioma,glioma,0,train,d57dc7df84f814c0398afaac8db90def0ab370fc2a3bf68f566edfbf489c271c,8c265b0f2347371f,
dataset/train/glioma/Tr-gl_0938.jpg,glioma,glioma,0,train,97f0d4bbf9681212e89a0f5a83b76f77980aa2211c2b9c8d71e1e397fd4638ba,1c3673375b6b6b6f,
dataset/train/glioma/Tr-gl_0939.jpg,glioma,glioma,0,train,c660c6de690f5413e45ac3cba8e44b3ba6598b274b16cddf1be82f14b0ae485e,1c366b175b6b6777,
dataset/train/glioma/Tr-gl_0940.jpg,glioma,glioma,0,train,0e9f303e3494540dc1cb1cc88fed0e21e0ee2266147fe79dcb43346c46f1c010,1c362b371b6b6f5f,
dataset/train/glioma/Tr-gl_0941.jpg,glioma,glioma,0,train,e99b95416e9f1dacf0ca4b30d61c6084e6942b1359bca36a012bdc94bdc20a3b,1c366b171b6b3f3f,
dataset/train/glioma/Tr-gl_0942.jpg,glioma,glioma,0,train,5876621358e5e56f73cc9678978042bbb437c2e7b0793862f4458b65a076c87f,9c3e3b3b2b671b36,
dataset/train/glioma/Tr-gl_0943.jpg,glioma,glioma,0,train,ec9998f5cfb7df9292de957f06c3c606f218f434ff5f7afb9c0362ee251febca,983e2b3b23671b1e,
dataset/train/glioma/Tr-gl_0945.jpg,glioma,glioma,0,train,819d54097077dacd38c01962f35511f4578cc46d5c186783f2ef91165a2acfa1,c01e1f2b632b9b86,
dataset/train/glioma/Tr-gl_0946.jpg,glioma,glioma,0,train,809f77ab88ba50ec2b1cc4fc6464b2e23e613f3ee2ba0170c3ea36c0efd2ab5d,1c260f1b671b5b1e,
dataset/train/glioma/Tr-gl_0947.jpg,glioma,glioma,0,train,5a370e6ea2c9afd1a068c8398ae8e1c5cea9d442e317714631aead206d47a16d,c0992d2626169e58,
dataset/train/glioma/Tr-gl_0948.jpg,glioma,glioma,0,train,b99784dc4491c7279bf51407f6d4156cc9712b04a9d1ae5ebfe46da784915e45,d01c2e1f2716965c,
dataset/train/glioma/Tr-gl_0949.jpg,glioma,glioma,0,train,38e5656ce4b9665343c1a467230a2bed03f3e1e422a944f05060a7abe8b09194,901c2e1f6712165c,
dataset/train/glioma/Tr-gl_0950.jpg,glioma,glioma,0,train,7122e4a374687ac1fa28423707e758ca1db30ba91432b6969bd1ff63410c6d20,981c2e2f6716361c,
dataset/train/glioma/Tr-gl_0951.jpg,glioma,glioma,0,train,7c615e7c472531a849de87a61f16f20c260f49127e05d12f1c899af800a74e48,981e372f6717361c,
dataset/train/glioma/Tr-gl_0952.jpg,glioma,glioma,0,train,bcf2c120d1483adf89b84f42c6bc44b33bd6015dbbd38d6bf6d602902ecc7efd,983e1f3f4717363e,
dataset/train/glioma/Tr-gl_0953.jpg,glioma,glioma,0,train,66484dd092859c6b7bbeb8adf42a3e830d86012317e4879f9139d40dbc7299bd,c11c3e5b232b0b8e,
dataset/train/glioma/Tr-gl_0954.jpg,glioma,glioma,0,train,1412f5e51efc4173787cd8d1d3112ff1ecd315b7979b675c5b886a339523c0aa,981e2f4b53272b9e,
dataset/train/glioma/Tr-gl_0955.jpg,glioma,glioma,0,train,1400f475a9b0d9d0a4da043d030fe05686d951439975a59c646fd12b055511ec,983e634f53672b9b,
dataset/train/glioma/Tr-gl_0956.jpg,glioma,glioma,0,train,6f3eb5e4ec11478f81b7051ae3db751e623a3a83b403de3c13032a958958479f,9c2e4b0f41650b1b,
dataset/train/glioma/Tr-gl_0958.jpg,glioma,glioma,0,train,355fa126a47272bac78d14387c5cd839047a8d20eadb12b9e9ee9f0d4d8ce0ff,1e2b1d1d1b47273f,
dataset/train/glioma/Tr-gl_0959.jpg,glioma,glioma,0,train,a5b074e3d259ba37076745d0865c654aaa073f0be98a530ecc9a015e554102f3,9c3f4b5f4d2b2737,
dataset/train/glioma/Tr-gl_0960.jpg,glioma,glioma,0,train,b45e44023dc38d81ef38807a7c9c988e9575a6cc71dc62fd861d58093f632808,9c3f0b5d432d272f,
dataset/train/glioma/Tr-gl_0962.jpg,glioma,glioma,0,train,39def2d3a848e65636053661a662f85d916542575789feb316722bc73ee0b76f,409e375309530f9b,
dataset/train/glioma/Tr-gl_0963.jpg,glioma,glioma,0,train,73431349ae05edf919b095ff4e91ed817f1de05eadcbd59246f9efdd2c082abc,409e2b4b19430d0f,
dataset/train/glioma/Tr-gl_0964.jpg,glioma,glioma,0,train,4a64d8b14985fa82b33988d9f94ca9aae2d283c42f99cfe8252847e8aaff2a34,c01e234b494b2d2d,
dataset/train/glioma/Tr-gl_0966.jpg,glioma,glioma,0,train,1d47c700cd1b49d3e0f8ca8e119bc9429b33dcabef96cc012dfe343a41a8e859,9c3f0f1f4b23272f,
dataset/train/glioma/Tr-gl_0967.jpg,glioma,glioma,0,train,c3f4970ef1d5c2ecca6dd3cda6ffe78f816a9f8c4385b5f196dd66ac124c3e07,9c1f0b0f4b232737,
dataset/train/glioma/Tr-gl_0968.jpg,glioma,glioma,0,train,74361d9da7838b3530a0903670cdbdec6513cf302ad72b9c83b8c8fc7f497697,9c371b0f0b2b271f,
dataset/train/glioma/Tr-gl_0970.jpg,glioma,glioma,0,train,756bad36ee7964b012493a287b17863bf7b8ad08ea0c3963c29e68ab5a4d28d5,9c0e1b1b272f2f3e,
dataset/train/glioma/Tr-gl_0971.jpg,glioma,glioma,0,train,fe7e339c2f38d581f61783f84a63f453f8fb0c1e4c7af8b3938d8562e6a1901c,d81e271b230b1f3e,
dataset/train/glioma/Tr-gl_0972.jpg,glioma,glioma,0,train,c276affc30d1ecfa4c2ce4958db5a56163c545af223bf2119c477bd589750ec5,1e2f57334b6b6367,
dataset/train/glioma/Tr-gl_0973.jpg,glioma,glioma,0,train,04988ea9700c3a21a60aa075e3f0615550b0372f75326462f3c9b2e300b4f0e2,1e2b531b5b6b6b4f,
dataset/train/glioma/Tr-gl_0974.jpg,glioma,glioma,0,train,8931705e8895dfd0bb2f8510254f645e2aa0290d3276990da694c37bb22d4c2a,1e0f331b4b6b270f,
dataset/train/glioma/Tr-gl_0976.jpg,glioma,glioma,0,train,0e1881aeb8996a9ade4b06fea79da286f9f15e1af7bf12c7a2a5403229e27828,8e2b534b572d2d3f,
dataset/train/glioma/Tr-gl_0977.jpg,glioma,glioma,0,train,b7d18ce0f340da9d4f10e3e9eafe5ca37d6bf37d8ae80b892176313b6b2b39ce,8e2b072b6b0d0b0b,
dataset/train/glioma/Tr-gl_0978.jpg,glioma,glioma,0,train,80fc1a6c55f6e21b26fa2ff1f6beeb347c714a332fa69c043eca37bce6f9bebf,9c3e5b0f5b732766,
dataset/train/glioma/Tr-gl_0980.jpg,glioma,glioma,0,train,dfa769fb498d12f6f605aeb560ca214ba476b4d4046495a8c08e48718e0bfe56,991e270b33270f49,
dataset/train/glioma/Tr-gl_0981.jpg,glioma,glioma,0,train,aca434b48f156512df8b2c8e1ec0d2b10377d7cf7b7bb7fd19ed15f76f28e850,983e2b53532b0fcd,
dataset/train/glioma/Tr-gl_0982.jpg,glioma,glioma,0,train,470c6144e1a1215fc7a2c715013427bc1c99270841006a3b9f2ae5ce82176de8,1c3f5b55574b3b3f,
dataset/train/glioma/Tr-gl_0983.jpg,glioma,glioma,0,train,2eaee7afdf54749274fb16968530239f1d9dfb1d92fc1c75402e0886f351a0e8,1e2f4f554b475b0f,
dataset/train/glioma/Tr-gl_0984.jpg,glioma,glioma,0,train,8958ce7ca2d4b2ba48a85de2dc8759eea700e8aece486c925c925e5291a9ddb3,1e6b0f0d03476f1f,
dataset/train/glioma/Tr-gl_0986.jpg,glioma,glioma,0,train,bd1ebe0c93f0e01a4d0c20774e6c1d2b2fb0455293a56faa77582b009755dda8,2e0b190b2b292f5e,
dataset/train/glioma/Tr-gl_0991.jpg,glioma,glioma,0,train,30583b3d03ce775eeb9926d4f969354f1b8a565d931cf156b860367e623be157,1c2e4b0953614b5b,
dataset/train/glioma/Tr-gl_0993.jpg,glioma,glioma,0,train,d1263cb651cb6f70c05371ca987413771a4bcc0b31db0ef17795228563015bb5,981c4e5b636b0b1e,
dataset/train/glioma/Tr-gl_0994.jpg,glioma,glioma,0,train,6f943b0e5d3d780ee4ff763597650d2c04b66ac08fded0efc0034a36e73b8846,9e275b09534d192f,
dataset/train/glioma/Tr-gl_0996.jpg,glioma,glioma,0,train,205eadf34e51eba75a548a3fa91f8f102acc60f0730f156e95cd6d406756b0e8,d81e035b172d1b1e,
dataset/train/glioma/Tr-gl_0997.jpg,glioma,glioma,0,train,ba1fb36aa41a1e6762ae4bcb94052465efaaa3aae1fda15ada9e5b8cc78549bf,409c2723232b1b9e,
dataset/train/glioma/Tr-gl_0998.jpg,glioma,glioma,0,train,a109b5753da46595c55ac8a4f02820e50bed8e9633befb65d6a0703f9ee2d3a3,609c0e272b8b0e4c,
dataset/train/glioma/Tr-gl_0999.jpg,glioma,glioma,0,train,0bf0963e356bbe5718ae69beef39d6981b349de05f155be153a623ac8893ff85,981e275b636b1b1e,
dataset/train/glioma/Tr-gl_1000.jpg,glioma,glioma,0,train,9ad7aea6bad8f9639694d5ed851c2782b22f22fb9d0a93e25b18bba4351033c6,9c3e675b634b333e,
dataset/train/glioma/Tr-gl_1001.jpg,glioma,glioma,0,train,324c5b38d65b9a55db1890eec67c19aaeb12eb44b9f4b7f4687897f0514aeeb4,9c3f475b635f131e,
dataset/train/glioma/Tr-gl_1002.jpg,glioma,glioma,0,train,053980449dbdc2afd6b1dc58c4982d6c43466accabf7393e830008b6111b612e,9c37471b534f5b5f,
dataset/train/glioma/Tr-gl_1005.jpg,glioma,glioma,0,train,834f9c41d466125e631b63fb1696eddd424abab5e6334a03c1fd34b9e35f32ea,1e3347594b6b6767,
dataset/train/glioma/Tr-gl_1006.jpg,glioma,glioma,0,train,639e3e67eb5ec51b27d66e05bd45595d7c75335401f7ee73ad1906d707719095,409c3f3b2b239b4e,
dataset/train/glioma/Tr-gl_1007.jpg,glioma,glioma,0,train,4105e629ac5fdf4551fb644e0133d7c819ede7b14a8c052a48eed990aa29a658,409c3f2b4b239f96,
dataset/train/glioma/Tr-gl_1008.jpg,glioma,glioma,0,train,19adbda514220979a50ad99dde80d92caf4c36048f5013e9f61bf16750466c68,409e373b49239f97,
dataset/train/glioma/Tr-gl_1009.jpg,glioma,glioma,0,train,30c602eeeb1545408af0c111086890b7098a94a6629f7d15f8115bba3482de4f,581e3b0f4f6f2b3f,
dataset/train/glioma/Tr-gl_1010.jpg,glioma,glioma,0,train,1d7053dbd9d3f26f51a295f055038e2a1f49613018f7107f91d9f52012503484,581e3b0f4f6f272f,
dataset/train/glioma/Tr-gl_1012.jpg,glioma,glioma,0,train,bd8b9d3e48dd493760bf95e467298ade1f155e828ce032b998239c2b8f540ee8,cc8e271b338b8bce,
dataset/train/glioma/Tr-gl_1013.jpg,glioma,glioma,0,train,4c43374b89144c824c936f599b97fac7fb98670c578d71f2cc05f1c320b724ec,cc0e231323879b9e,
dataset/train/glioma/Tr-gl_1014.jpg,glioma,glioma,0,train,79c66d2cd83374357381e5435c79dc090d875155990f98a9565da38b066a0175,8c1f2733238b9b9f,
dataset/train/glioma/Tr-gl_1015.jpg,glioma,glioma,0,train,4c9eafaad803c14966316d983d2812aea0984beb4783727c21cbf4cce30ab0c7,8e1f272b0b0b9b87,
dataset/train/glioma/Tr-gl_1016.jpg,glioma,glioma,0,train,f4d377dda73277690a11d546c0a93209f73c1c566a2ca7554fdbc0136c600762,9e07330b0b07151f,
dataset/train/glioma/Tr-gl_1017.jpg,glioma,glioma,0,train,7a91e948f7f97cb33b9944945365e9557b8701a95dbb7c5f4a2376c5c7cc9a82,8e271b1b4317171f,
dataset/train/glioma/Tr-gl_1020.jpg,glioma,glioma,0,train,6cf38674878dcaced0179552f1cc6a7f5a817534e8045fa5af27a828bacb0b83,1e275d1b45573f1f,
dataset/train/glioma/Tr-gl_1021.jpg,glioma,glioma,0,train,699bb3d7ac76c2c4c8a0c9f379748aac56b3895291a94cc42e939aa0ad6a59b4,cc0e1b1f0b1b171f,
dataset/train/glioma/Tr-gl_1022.jpg,glioma,glioma,0,train,b05ad2ea27d8fd7526fe036b76cb19a681ddf56b757a4519a814c3336d68d14c,c90e1b1b072f1e9e,
dataset/train/glioma/Tr-gl_1023.jpg,glioma,glioma,0,train,96bf2e920b080ca43c25bdb0c34a99bcade4b05da0e4a691510ff58f33c7cfd9,c80e1b1b07171e96,
dataset/train/glioma/Tr-gl_1024.jpg,glioma,glioma,0,train,5908812dabf4b772571d4dd67d26068672e63708b7ec505aa59b025981695e51,480e1b1b0317968e,
dataset/train/glioma/Tr-gl_1026.jpg,glioma,glioma,0,train,847c43f9aef057657c2b3e946986dda49b59a6f8d2d513266219b929f24f4d2a,489e370335239b47,
dataset/train/glioma/Tr-gl_1027.jpg,glioma,glioma,0,train,4719eadc879eb38430e74dfc847a319797f38778c81d05231a26460edb856509,cc9e331321270b93,
dataset/train/glioma/Tr-gl_1028.jpg,glioma,glioma,0,train,db35e954fa069eaf5b4320067263e445d926e00871ae9c518d4c0ebb7c18b05b,cc1f2b1361331f9b,
dataset/train/glioma/Tr-gl_1029.jpg,glioma,glioma,0,train,718a758868f0328608335bf66c6b8ab1bf418c383c50c16980173dfedfb5e7ba,8e1f0b0b5b170d0f,
dataset/train/glioma/Tr-gl_1030.jpg,glioma,glioma,0,train,b97685439fbd5014ebccc801363dca508205aa3242f2c5e8f2e41724916d7013,8e3f1b0b53372d5f,
dataset/train/glioma/Tr-gl_1031.jpg,glioma,glioma,0,train,60feea4c23c97d1ec5b95b13c89d3d73232cf337841fb9bc3dbd799bb98b5304,d01e37270b4b3337,
dataset/train/glioma/Tr-gl_1032.jpg,glioma,glioma,0,train,3589e371a3e583e6d609a1cb9879da501fc758234d96b715883c7e570774c253,d81e3b272f4b2b27,
dataset/train/glioma/Tr-gl_1033.jpg,glioma,glioma,0,train,e86717b349e90887cc685f35916b0b3d29203c88d2c2f9692876cba163f3288b,d81e2b4f2f4b2b27,
dataset/train/glioma/Tr-gl_1034.jpg,glioma,glioma,0,train,a1297300832b97cf77a5b33cb4501015ed86948e21cb8956e31b189167b1c687,d80e37274b4b2f2f,
dataset/train/glioma/Tr-gl_1035.jpg,glioma,glioma,0,train,1e2029b934f803f84f7a027828acc34b4c9407b9029ce394312ac8ec8e6935a4,d01e37674b0b0d0b,
dataset/train/glioma/Tr-gl_1036.jpg,glioma,glioma,0,train,c1ae47f17fea410269ff4db9dc9512c04d1dabd8960d8cb8a30b163a3fdad1dd,c01e3f270b170f9b,
dataset/train/glioma/Tr-gl_1037.jpg,glioma,glioma,0,train,1897003d2be94a5de380396cb6471637668aa3ed0d410c4b4d499df435edc3de,489e1f070f2f2f2f,
dataset/train/glioma/Tr-gl_1038.jpg,glioma,glioma,0,train,21b33863a51bda4717ce19216768d80d848f5fbd00aecda2f934167c4a3f2499,c09e0f0f0b0f0f0b,
dataset/train/glioma/Tr-gl_1039.jpg,glioma,glioma,0,train,c746b5ec5c4b565d061407c188714f6c160e403849ea4d642fcb81f1119b44a1,409e0f0f0b0b0f1b,
dataset/train/glioma/Tr-gl_1040.jpg,glioma,glioma,0,train,51e46edb5bf74416f4437c7f464a195d9c1145637d15f6eb99cad1b38a28cc99,1e335f5d4b4b6b67,
dataset/train/glioma/Tr-gl_1043.jpg,glioma,glioma,0,train,b4955125bdabce14d5b50ae670bca1a0077937e1690018be2ea9a8bc6f9beabf,1e335b0d53475b4b,
dataset/train/glioma/Tr-gl_1045.jpg,glioma,glioma,0,train,10d48f3916646aebe3b9cd699b7537f63640bb5642fea4cfa90c2a65d9856e77,c01e370f474b232f,
dataset/train/glioma/Tr-gl_1046.jpg,glioma,glioma,0,train,dea9eda5a5482ae6a2dca7310a300b169b760a2c050075361de35a56c29d74d0,c01e2b1b475b2b2f,
dataset/train/glioma/Tr-gl_1047.jpg,glioma,glioma,0,train,f2563657dd6ca9c15db742b19fa5139cb1f982b00704c2df277638b713389e2f,c01e3b1b07232f1b,
dataset/train/glioma/Tr-gl_1048.jpg,glioma,glioma,0,train,c887fadb6f2b8abda12c3f8ed5eeb719a63797204230c7def38e9f55660300ec,401c370b0f230f1b,
dataset/train/glioma/Tr-gl_1049.jpg,glioma,glioma,0,train,02c81edf48c0a38a53e691eae33f4e580e9b7374687f97a6b866190aac54a798,9c3b4b0d1f05362f,
dataset/train/glioma/Tr-gl_1050.jpg,glioma,glioma,0,train,315437438f77b6175a5fa4fe9970de698be258c0788ea68b6a6fea4d4df4f67f,8e3b47153f293c37,
dataset/train/glioma/Tr-gl_1051.jpg,glioma,glioma,0,train,37ae70678d586127b662f6d8fd8c3a68dc445698e887afe8350005cbbf67632a,8e2b6d553d296925,
dataset/train/glioma/Tr-gl_1053.jpg,glioma,glioma,0,train,3ace50cbddba30e872c114c566b5c225b233acfed1a293f9e352fddd8f565a22,8e3b451519452d27,
dataset/train/glioma/Tr-gl_1054.jpg,glioma,glioma,0,train,5b7a3cbae3883d2f4933920cdca94c21e518ad8f961dec14a05dcdfc980a1518,8e1b49151b4d2d2d,
dataset/train/glioma/Tr-gl_1055.jpg,glioma,glioma,0,train,491436918a8960474f538591f328e4b6456d331a75f45d0c3101a0831bb589c1,8c0f4b0d19450d29,
dataset/train/glioma/Tr-gl_1056.jpg,glioma,glioma,0,train,1941099deff1ed62185051bc1eb912abc87af9ff403390ad9b1e2fbfe44a0fef,1e234f5f492b2f3f,
dataset/train/glioma/Tr-gl_1058.jpg,glioma,glioma,0,train,887576a257a64813909dce7f0e676834f7b7b877af008275ae4695e8dc344a91,9e334f4f03252b1f,
dataset/train/glioma/Tr-gl_1059.jpg,glioma,glioma,0,train,d0a1c7d0d6ca429d543405666971349e601fc07a8f683367d28c09924467f9e4,9e374b4f0b2f1b0f,
dataset/train/glioma/Tr-gl_1062.jpg,glioma,glioma,0,train,4d2aef2c6a6c428ab3a48c439fb64a3dbb5031490d22209ca7ff0f79f7e55a14,9e270b5f4f232f3f,
dataset/train/glioma/Tr-gl_1063.jpg,glioma,glioma,0,train,65e290c1b7c8d6da174252f0f34779c2d0a54939cdd0c9b5ea60fce8a66fc26f,9e270f1f4f232f3f,
dataset/train/glioma/Tr-gl_1064.jpg,glioma,glioma,0,train,4eb3baacbeebe572dd89c752584fba91765f9cf78f6b088b3f7acfecc1d35340,1e372b0b4b2f2f3f,
dataset/train/glioma/Tr-gl_1065.jpg,glioma,glioma,0,train,f07d5a9e4c17ba97b25383a5774b27c9a52a6addcdfa7c6d3bb3e78f6cbb6f81,1e272b0b0f33373f,
dataset/train/glioma/Tr-gl_1066.jpg,glioma,glioma,0,train,10b538366237cb45e56dcc329de63b1adbed5524816feb3680653f71bfe79607,1e2b5b2b4b33272f,
dataset/train/glioma/Tr-gl_1067.jpg,glioma,glioma,0,train,6efce48bee0f72350be76ffe183ed28ce3ac046b05746f75ed6348c8c04b2292,1e335b0d4b3b3737,
dataset/train/glioma/Tr-gl_1068.jpg,glioma,glioma,0,train,9ad73da92890301f2fc3b7c4f6f28123f5cc880a58772b4b69d8fda391181acd,1e1b2f2f2d2b273f,
dataset/train/glioma/Tr-gl_1069.jpg,glioma,glioma,0,train,a13efc14b730d2a9ee6dbb554ea4b57a5f89b3b1400f106a0c2a3777bc865732,1e3b2f0f1b2f2f3f,
dataset/train/glioma/Tr-gl_1070.jpg,glioma,glioma,0,train,371925babd63d8b113a8b583638e4f39b14b243d99d3f383976b624fbea940ff,8e372b031b0d2b1e,
dataset/train/glioma/Tr-gl_1073.jpg,glioma,glioma,0,train,9babd9855d7190d5f27e909365ae3b07b4e01831680db71ea9ca297787a25609,9e1f17174f6b2b2f,
dataset/train/glioma/Tr-gl_1074.jpg,glioma,glioma,0,train,77d565095aa294e3ed035cda1f408a1f62d6187515525e9ea1b09b74f9aa232b,9e1f0f5b4f6b2f1f,
dataset/train/glioma/Tr-gl_1075.jpg,glioma,glioma,0,train,9791e752f3e35268b09c195159ab845aafe4d1ab6b27d647a94853485ade6bac,9e1f0f136b2b2f1f,
dataset/train/glioma/Tr-gl_1076.jpg,glioma,glioma,0,train,c44e5920cfb60484613272eede5c1e2b6819513b00215d47308215f9618380db,9c365b5b734f3b3f,
dataset/train/glioma/Tr-gl_1077.jpg,glioma,glioma,0,train,c58c93ca3ae9a3ecd74563f2ab137098dc33cefbeacf59d26d691cdfb5ca3da5,9c3e4b5b732b1b8e,
dataset/train/glioma/Tr-gl_1078.jpg,glioma,glioma,0,train,cd501f929b2d73d259ee774557800a02e04fd2153b9ee4857793fed43cf657d4,981e4b5b332f0b8e,
dataset/train/glioma/Tr-gl_1079.jpg,glioma,glioma,0,train,d0fd0b27acfc7f28b96850e4caf38446e62d2531ae8d5abb71997c5cb2225120,c01e333b332b8b4c,
dataset/train/glioma/Tr-gl_1081.jpg,glioma,glioma,0,train,2cf16eac8330eee8a821c999a7c22d133edff2b6761a99e6c1425060368f086c,1e23591d7b537327,
dataset/train/glioma/Tr-gl_1082.jpg,glioma,glioma,0,train,82444390a96f3292242823338c52b9310ee7c5eed55185f9e8456d2f383b14c6,1e23131d2b5b3337,
dataset/train/glioma/Tr-gl_1084.jpg,glioma,glioma,0,train,2f5aae2aad72968499e633c8e3c02778ae5dc54ef5684cbda697ac18a9e76878,1c2f3f0f6b3d373f,
dataset/train/glioma/Tr-gl_1088.jpg,glioma,glioma,0,train,3dc2ac19e8bc8e950a10871782b12b83487eb0e7ae3cc55eaaa6e1c8907acce0,d89e271b33038f86,
dataset/train/glioma/Tr-gl_1089.jpg,glioma,glioma,0,train,aaf2153c1eafb6da5aff403916983c57546d2bd7484073f8c411cebc4cf12bd2,9c2e1317732b9b96,
dataset/train/glioma/Tr-gl_1091.jpg,glioma,glioma,0,train,d363cc3273f2205dbc4fb6a75e107f74d6d192a8070db8733aed47b6b72fb035,9c2f1b2f734f3f1b,
dataset/train/glioma/Tr-gl_1092.jpg,glioma,glioma,0,train,f2896e5ec407aff2719d5771165a55203fb40c0e3fc6e235fd06cfd8b9a9f40e,1c2f1f2d534b2f0f,
dataset/train/glioma/Tr-gl_1093.jpg,glioma,glioma,0,train,fa6b5067313a3f7687161a046f0362016239ac1cbae0df61a8f7f65a5d8352b9,1e37475b672d954f,
dataset/train/glioma/Tr-gl_1095.jpg,glioma,glioma,0,train,588961631275c62c0d56ec26465a7bdf73faa025e31c18b90d84e9bf29e201db,d81e2f172b279f9e,
dataset/train/glioma/Tr-gl_1096.jpg,glioma,glioma,0,train,f7d0e742488c6e1bcb1dd20e37ab675fd73eadef4e320df4c56028e1fabc888d,981e1f07272b1b96,
dataset/train/glioma/Tr-gl_1097.jpg,glioma,glioma,0,train,50efcbb9a7def31281f373f2bb8a552dbbd3e2eea4abe7ca9577146f10a05fd2,9c3e1f2727231737,
dataset/train/glioma/Tr-gl_1098.jpg,glioma,glioma,0,train,1ddaff7cb6b968a84a4a8f06cd0a50f79d2760c43a11c3a0d4a58e411c218f07,9c3f1f2f25331733,
dataset/train/glioma/Tr-gl_1099.jpg,glioma,glioma,0,train,7c46092f2a86492b4d0573b9b6a41e8ad50ab4a791a375a4ed436e66521cfd51,9e3f1f25072b0f0f,
dataset/train/glioma/Tr-gl_1100.jpg,glioma,glioma,0,train,0b9b6c82333fdb3412e09933ccfd6c1fd48fe9de21b4d8162102c67b24bfd70d,9e3f1f17072f272f,
dataset/train/glioma/Tr-gl_1101.jpg,glioma,glioma,0,train,e1305f821cfc5310c960461607a9b9c99ed0b6240749a03f380b69c755267962,409c2e26068e4e20,
dataset/train/glioma/Tr-gl_1104.jpg,glioma,glioma,0,train,aef18db94e30c222aa1a0c95f5b3b02097f2aabd917d58ceb3826fb018bacf75,1e1b6f1f1117272f,
dataset/train/glioma/Tr-gl_1106.jpg,glioma,glioma,0,train,30db695ecccfbd431d078ba6475563007b56660c32dfa942be09ef3171900411,1e0b332d39252f3d,
dataset/train/glioma/Tr-gl_1107.jpg,glioma,glioma,0,train,05c352e583db572fa95b1ecdabf0df7a42b6dfc60aebd6e88b2d40841980e2cc,1e232f2d3b251d1b,
dataset/train/glioma/Tr-gl_1108.jpg,glioma,glioma,0,train,f65c46f6667ee0df250bd7917a4c946e7e347207fbabf3567ab197fc87e0c973,981e331f23273b3e,
dataset/train/glioma/Tr-gl_1109.jpg,glioma,glioma,0,train,a753dc8b5cf03e6d7b63c833bf0208e9ef62d16de60e317ff3e1756212818a42,d81e371b230b1b2e,
dataset/train/glioma/Tr-gl_1110.jpg,glioma,glioma,0,train,b32f4893d37582584548de34e3cb27518dc81bf8c623e2d8e3c8c4c152257e35,a0cc1e2b4d1f4b2b,
dataset/train/glioma/Tr-gl_1111.jpg,glioma,glioma,0,train,cdcae162e13d06dc2b6a5a936cfccf17a2d4ef83a599e5e3501356be6783f897,60c81e2b4d5b4d6d,
dataset/train/glioma/Tr-gl_1112.jpg,glioma,glioma,0,train,4367ac1f644a528a83f43faa9f0ef39c8e3ea871b890279b2f146d2014477d01,00c81e2b4d5f5d4d,
dataset/train/glioma/Tr-gl_1113.jpg,glioma,glioma,0,train,f0ab2dd17f3f7bc80e909a47719714ce3d214097caa85008b50b63087f59d959,00c81e3b4d4b574d,
dataset/train/glioma/Tr-gl_1114.jpg,glioma,glioma,0,train,eaf42edd86723065b3fe680e9e90e8ffcc83f8aef5191469dd75b9678091faf7,00401e330d4b530d,
dataset/train/glioma/Tr-gl_1115.jpg,glioma,glioma,0,train,b64c20c15c20d2d0b9089626f7252173e3a00ecaca1917ef7019a90a3229febc,1c2f5b1d534d194f,
dataset/train/glioma/Tr-gl_1116.jpg,glioma,glioma,0,train,885c05c0b195f821cb44a84737482c89cecf0db90266fee86e2f92897561cfc7,1c2b5b1d134d0d4f,
dataset/train/glioma/Tr-gl_1117.jpg,glioma,glioma,0,train,9c3b9a7852edb793ad3719d15a3ed111fe4454ac975738a4292b3ccc1fcfd2ab,489e270f232b1b1e,
dataset/train/glioma/Tr-gl_1118.jpg,glioma,glioma,0,train,1db23164d24344cafce7766673b06c5210f70ee4a96eb93a2b130b21a3bcf581,dc1e2f0f232f3b2e,
dataset/train/glioma/Tr-gl_1119.jpg,glioma,glioma,0,train,bad6a2e7e8d255102b4ffe38b0d787136177c4611f22516fb77acc47ae68cb7b,9c1f230f332f2b5e,
dataset/train/glioma/Tr-gl_1120.jpg,glioma,glioma,0,train,f7d0f51618225578e6ba426a4bc8306e9c500b231876a0760ffee3702a7863da,9c1f030f430f0f4f,
dataset/train/glioma/Tr-gl_1121.jpg,glioma,glioma,0,train,ae4585b2de09ad615afde955b013ee2982d41bca5e3d75398037208105a46801,9c3f031d4b2f2f4f,
dataset/train/glioma/Tr-gl_1122.jpg,glioma,glioma,0,train,eb46bea9be19adffb5918a8670dfe66ad6b5e03686639aebf054c947ed1cd63c,9c3f131d4b232f5f,
dataset/train/glioma/Tr-gl_1124.jpg,glioma,glioma,0,train,90be625f08f5223e53cb9903e69dc3cd36178f826236a43b576e2b87bb118303,481e3333338b4e68,
dataset/train/glioma/Tr-gl_1125.jpg,glioma,glioma,0,train,a75b10a72002bc31342c3c0d7d305b82b0d340caa9cdacd4c1c73a541cabed31,9c1e3b2b238b8e4c,
dataset/train/glioma/Tr-gl_1126.jpg,glioma,glioma,0,train,d02ffd7f3db1fe8fae42487ac44dd4f56d9a48d7650adf3b370a57ecf04e3980,9c371b49239b9b4e,
dataset/train/glioma/Tr-gl_1127.jpg,glioma,glioma,0,train,564fcc411ce87a0f4d0a9a3aac2189159c713c755db99b383407af0c7b5d11fd,9e375b4d331b9f1e,
dataset/train/glioma/Tr-gl_1129.jpg,glioma,glioma,0,train,83beadc210b7cceba8cdcc603e93786d5d936edf07eaa7b28ff44859bfbd7541,1e234d4d63371f1f,
dataset/train/glioma/Tr-gl_1130.jpg,glioma,glioma,0,train,b9b2089199e0e545afcaefc936f2ea23b6f42d082d12de2b52cb2d5669f76ae9,0f171b3723170f49,
dataset/train/glioma/Tr-gl_1133.jpg,glioma,glioma,0,train,4a36d6935810e5bca1d1c163273ab53e93c6577a8bfb5aa401c647d743b4f5f6,050f17330f130f0d,
dataset/train/glioma/Tr-gl_1135.jpg,glioma,glioma,0,train,7808f8d7f88dee9f3b15644f9d6df444c4b4d04ec20b38047c2e58391e44c639,4917230f1f1b0f0d,
dataset/train/glioma/Tr-gl_1136.jpg,glioma,glioma,0,train,96781963fd8c15d445b97106c556f4d728dfc7e87f0741b4c7a65fbe467e5407,4d1703071f1b0f0f,
dataset/train/glioma/Tr-gl_1137.jpg,glioma,glioma,0,train,8b9dac0d7bacdacd59d32522569e24f12854abcd3aa319a728bb3f84d36ecf71,4d262b2b332b1b0e,
dataset/train/glioma/Tr-gl_1138.jpg,glioma,glioma,0,train,cb2fc2bf4494afc99a779e0a99f42d59b6341740ea0679aaccc178ecadebaf6d,4d0e2b0b1717170e,
dataset/train/glioma/Tr-gl_1139.jpg,glioma,glioma,0,train,818f23e069223b0029ee87098c1b0f5eb353d2b8e7a0b2b7fc51a4c6323c53ad,490e370f1713070e,
dataset/train/glioma/Tr-gl_1140.jpg,glioma,glioma,0,train,d29784b94c3f28d0485ea56b7d7c4202569c9cfd85bcb3418eaa67a2da53202b,4d16172f0f170f4d,
dataset/train/glioma/Tr-gl_1141.jpg,glioma,glioma,0,train,10fc6ba8b7ee545159370717d257195d727696b9a44e14202f43e90a24e92abe,4d0e2f0f0f130f4d,
dataset/train/glioma/Tr-gl_1142.jpg,glioma,glioma,0,train,39c3b219fb052fb9ba996defa55327ad5de9af573915aaa10b5843f28936c02e,4d0e070f0f2b0f4d,
dataset/train/glioma/Tr-gl_1143.jpg,glioma,glioma,0,train,b07e49b8836e8203a7ab3331fcb1e32afabb32d01859455eae38c6bec6cf79a1,490e07170b2f0f4d,
dataset/train/glioma/Tr-gl_1144.jpg,glioma,glioma,0,train,2374b89cf84646fffb6415ae3cbaa89f19edefcd956f45c4bc5cf7fda6069460,4f07030723330f4d,
dataset/train/glioma/Tr-gl_1145.jpg,glioma,glioma,0,train,bc740a76e187991a27c8d87d7dd839126f7cefbf68d31d7af3694815c643e874,4e07030727330f4d,
dataset/train/glioma/Tr-gl_1146.jpg,glioma,glioma,0,train,c6d2c563cc858651ee824e8ef5aaf5c091a7aa64b8ba8a72ed59dd979002212f,4d070317272b0f4d,
dataset/train/glioma/Tr-gl_1147.jpg,glioma,glioma,0,train,add72b09a77046789ed7cfb217265e5340714a0e46b499e756632f00b8fd9600,050713172f2b0f4d,
dataset/train/glioma/Tr-gl_1148.jpg,glioma,glioma,0,train,a774b5b5a088e071ebc34f901c80dadedd6b50ef37981ff3ee367a80e1980f36,0d07131327230f4d,
dataset/train/glioma/Tr-gl_1149.jpg,glioma,glioma,0,train,6e4779a469e9b6a2c4debd3a835fdd213a94a8a17846304f0c20b2b754bf84fb,2d06033333230f4d,
dataset/train/glioma/Tr-gl_1150.jpg,glioma,glioma,0,train,4d2a2d9427381511a843f3dc588be9802cb68c3d31b808637025502a8b41e895,490e1707173b0f4d,
dataset/train/glioma/Tr-gl_1152.jpg,glioma,glioma,0,train,58750466479d3777ff824d731d21945472a06a8847558b417ca27883fb3b3333,234d1e2323330e49,
dataset/train/glioma/Tr-gl_1153.jpg,glioma,glioma,0,train,ea0d541df44da0ceca4311ac7fca0ba28b1ab4799ffc82bbf3e1b39735b16a53,334d0f1323170f61,
dataset/train/glioma/Tr-gl_1155.jpg,glioma,glioma,0,train,be91fdf9a45366980a8bb34cf999c79fa0c532bf00da50394a8f12476a87c805,4c1b2b27071b030e,
dataset/train/glioma/Tr-gl_1156.jpg,glioma,glioma,0,train,e8e4eba7def874eab75aa0b572e8899655c035345d0b06d4598a9f4130fd7fe8,490b2b2b072b2b0f,
dataset/train/glioma/Tr-gl_1157.jpg,glioma,glioma,0,train,c26346cf23f82a058dfc33da6827ec09e0f517f5dd13e1cb91f0c695ec03b9e7,4d0f1b2b2f2b0f0e,
dataset/train/glioma/Tr-gl_1158.jpg,glioma,glioma,0,train,342048d7616ec64c2786981a0e367f57c644f34803396cf1a1ed6a3ec8c1730f,4d07173b1b3b070e,
dataset/train/glioma/Tr-gl_1160.jpg,glioma,glioma,0,train,a1e9902f62d704c15332145bb4aba9d74b72e4562a1aaa9b00d807127d53647d,4d0e170f33133707,
dataset/train/glioma/Tr-gl_1161.jpg,glioma,glioma,0,train,71e061fa1eb8584b3497e543dd316c7e4f87419234050628b9484e83f28eaa4e,4d0e1b0f33333337,
dataset/train/glioma/Tr-gl_1162.jpg,glioma,glioma,0,train,4c4a3992a1aac1cccdb128acfb694af23fbdf3a1e873d8d140cb120ff3555c48,4c1733131f17178e,
dataset/train/glioma/Tr-gl_1163.jpg,glioma,glioma,0,train,680dcf9c0ee2db618a251c226a46479676226325eb43d4bce5ea9e857d416c20,4c173b1b17171786,
dataset/train/glioma/Tr-gl_1164.jpg,glioma,glioma,0,train,3a767a0cb6e43b3069c347414563c26113d0f3c67121a6bd4cb622ecc928e384,cc173b1b17178e8e,
dataset/train/glioma/Tr-gl_1166.jpg,glioma,glioma,0,train,fc31efcfdd955c4bbced7146264dbadb000a35ce4d7a271c9f263587e44fdc42,410e2b2b3b960f61,
dataset/train/glioma/Tr-gl_1167.jpg,glioma,glioma,0,train,cc8fa5fc611de956b5eafe80c2398c26abae3b7e44ae0c53f47c63456fffe249,410e3b2b2b0f4d21,
dataset/train/glioma/Tr-gl_1168.jpg,glioma,glioma,0,train,a69893017c0e939bc9e9b83a928a5d2370e98bd341a188a54928c9c0da170b36,8e13071717171313,
dataset/train/glioma/Tr-gl_1169.jpg,glioma,glioma,0,train,9572250c351303252f223ade6e30d71d7522cb8428541e86b5c2911f027a3153,8e1317172717170f,
dataset/train/glioma/Tr-gl_1171.jpg,glioma,glioma,0,train,b4fae5c17f9adf0a9bf2613ddbb8cb048d1e33387bff59c5cd4ec1b64feada49,4c0f33070f2b3726,
dataset/train/glioma/Tr-gl_1173.jpg,glioma,glioma,0,train,97aa04dc24789b81bcb1abdbbb96b37ca971252079a9dac50b44318181fed893,4c0f33170b031717,
dataset/train/glioma/Tr-gl_1174.jpg,glioma,glioma,0,train,fa6158cbce0f7bea1facf6dd8074327ffd8975f1e5d698c1ae6972885505e6fd,4c0f2b2317171717,
dataset/train/glioma/Tr-gl_1175.jpg,glioma,glioma,0,train,9a097f4bf73748a628030dd1e8e868cec01768ecf23f1180197fa4b60aaa49f8,4c1f332317171797,
dataset/train/glioma/Tr-gl_1176.jpg,glioma,glioma,0,train,047fc922c230ca65a7aabc45c2295abb8d0f6e1407b5c2a49db7194ec9b1efd7,4d8e13171717172b,
dataset/train/glioma/Tr-gl_1177.jpg,glioma,glioma,0,train,631ebe53e7099a6c9dbc601f77493df8164db2d41d0406f1324167653e32b4bb,4d0e130713151327,
dataset/train/glioma/Tr-gl_1178.jpg,glioma,glioma,0,train,a27c0bf4dae25c926d0ed5aae645fe7ceb93a3c33d058d97db182ac50f1f44b1,4c8733170b1d1733,
dataset/train/glioma/Tr-gl_1179.jpg,glioma,glioma,0,train,2d0766f8fd5f1cb2479c398c331d09ac0b8ebcaec8a4ae6a321463bf66f20ca8,4c173317174d3333,
dataset/train/glioma/Tr-gl_1180.jpg,glioma,glioma,0,train,768140c82e8524ac004f56b14bf9d1af5ef144f9415a3794086f4349c98445de,4c973317170d2b23,
dataset/train/glioma/Tr-gl_1182.jpg,glioma,glioma,0,train,9670f019ed33b714ad8e3a5ea0520eb0586cb243755cd48b04371f44ff6865a1,614d172b372b2b0b,
dataset/train/glioma/Tr-gl_1183.jpg,glioma,glioma,0,train,95d130032a87c5fc769a770a48c368b2182e2b8d64955181c16e603ef0bcf2d2,610f172b232b2b2b,
dataset/train/glioma/Tr-gl_1184.jpg,glioma,glioma,0,train,a189720a646d0c8f07db78096278223ef5ec51a04306742fa36e9475b6c385ff,610f171b33170f2b,
dataset/train/glioma/Tr-gl_1185.jpg,glioma,glioma,0,train,df21cb0a59c9411c6912153db34749736a53cc8be4a4f1c375ce022d04496be0,610f171b33170f0f,
dataset/train/glioma/Tr-gl_1186.jpg,glioma,glioma,0,train,9360dfe3b40e0a0d0e810dc83022412fa96b8db515b2083d6ca2dec712c5bf0a,490f13132b0f1717,
dataset/train/glioma/Tr-gl_1187.jpg,glioma,glioma,0,train,b60ccb3630cd623f5f8644cc345dc6883e58029bc96b2d629eea7ac2f7940fe8,4d0e1b2323231333,
dataset/train/glioma/Tr-gl_1188.jpg,glioma,glioma,0,train,466600e0550e9474ed436ba702c9d51c10bbf8c86857e9e1a17ab3abfb24d465,4d0f1b1307072b33,
dataset/train/glioma/Tr-gl_1189.jpg,glioma,glioma,0,train,2238f60f4b51c31f3dee145b06a051e1e1edb7d1085cffe23b2622c2125aa011,4c0f3b130f0f332b,
dataset/train/glioma/Tr-gl_1190.jpg,glioma,glioma,0,train,0bda2e93f232ca6d64466b4f90492d411f7bc051ae868c85d5e07195ae61682c,690e170b230f2b23,
dataset/train/glioma/Tr-gl_1191.jpg,glioma,glioma,0,train,9fa9ed2dd4a84b7f44c3ba4d0d92f2f06af7744d835bd59fd064a0d312b08d29,4d0e170b2b370f03,
dataset/train/glioma/Tr-gl_1192.jpg,glioma,glioma,0,train,6a6123190bead8fe55e131dd3eca432ac00b6d4c0b958704efcae9c1deadafde,4d0f17132b330f03,
dataset/train/glioma/Tr-gl_1193.jpg,glioma,glioma,0,train,aedd48e573fa1d8515942e963832931ffe9d91a02f26b9ce5075a2706520c9c0,4c0f17132b230707,
dataset/train/glioma/Tr-gl_1194.jpg,glioma,glioma,0,train,2524396d0e1fcae86aff8a446459cac71fabe7d21e3625f958f0da8f1c350309,4e1723230f07130b,
dataset/train/glioma/Tr-gl_1196.jpg,glioma,glioma,0,train,ac0a8a4fb01c6ed57e45467a9992d47e4adba052e5f6f78947e902a7d801c439,4c1f331727473b3f,
dataset/train/glioma/Tr-gl_1197.jpg,glioma,glioma,0,train,841c9406870911d08ea8fe45b757d543e8e5a3bd1a5777b52a7725855dd4c1d2,4c17330b13153713,
dataset/train/glioma/Tr-gl_1198.jpg,glioma,glioma,0,train,152f4243f0a781f705a668118783c4a54cbbca411fee5d2dca8b4fbf77f37338,4c07231717171397,
dataset/train/glioma/Tr-gl_1200.jpg,glioma,glioma,0,train,d04f3d8b96aa6c503d9c975afb14f1c494816876e4a8f227a969ea381165827a,4c0717172b2f1707,
dataset/train/glioma/Tr-gl_1203.jpg,glioma,glioma,0,train,91650bc74c4232208bf68fb6858a63efb2c8e8119cba4df199ae310ea0d15949,210e1b23232b0f0e,
dataset/train/glioma/Tr-gl_1204.jpg,glioma,glioma,0,train,48b2f076b9d34efa613358ba48c09eea6f56499b7c8cc6dd36da17870687ba80,4d0f1b1333170f17,
dataset/train/glioma/Tr-gl_1205.jpg,glioma,glioma,0,train,d26867b4e830c55e1681fe841ff16431d82dc737c18b7f6e0329b0780f1a8ec0,4c0f1b1733170f07,
dataset/train/glioma/Tr-gl_1206.jpg,glioma,glioma,0,train,77c7fb8cbe809e3d786a98e9cd84eeb3bbac562bc85412dc28a28cfb54183080,d80e272b3105cf2f,
dataset/train/glioma/Tr-gl_1207.jpg,glioma,glioma,0,train,3defb7817aa097042b79b55665293f3e9173bc57828859ad549ab6a1697da550,8c270b0933259313,
dataset/train/glioma/Tr-gl_1208.jpg,glioma,glioma,0,train,ca56731b824e3ae5c14731237b2094214e79f43f1f0fda5f4e2021b5227e5cc9,609c271b1b232f93,
dataset/train/glioma/Tr-gl_1211.jpg,glioma,glioma,0,train,e68c85bec48d4dbbbbe8dff1bdc4b492b0d47832e3d0a9cca3a9917bf80f1083,c80e3b15251b2b27,
dataset/train/glioma/Tr-gl_1212.jpg,glioma,glioma,0,train,cfc2c65c10aa897559fe046d8a16c5bb8d37d3ba82fd6a8dbc529be1c789ff77,8e277b4f6d359b0f,
dataset/train/glioma/Tr-gl_1214.jpg,glioma,glioma,0,train,69b00dbc4255768eb94f4e5db192e47aeede1e5cecb7314832057be44e61442f,8c3e2b1b33158f8f,
dataset/train/glioma/Tr-gl_1215.jpg,glioma,glioma,0,train,2874168bbc29cf0ba790d3fdbbc27c5c7a38b9682af47dc97e87186028c4ed80,9c1e0f0b17271587,
dataset/train/glioma/Tr-gl_1216.jpg,glioma,glioma,0,train,0752579b683b46989a363a8f7adc88e89d2287b07d8eff7946cb1fd51adb22d3,9c2e0f1b13251587,
dataset/train/glioma/Tr-gl_1217.jpg,glioma,glioma,0,train,fca734ddab15a565a8b71070f8cdc8dc91e3432f23176f561bf3eec8592da2e4,9c1e0f1b13251b8f,
dataset/train/glioma/Tr-gl_1219.jpg,glioma,glioma,0,train,ee80b128c5ce5d2e8816affc01cd29fa2661e989e236b2507b6e5bf4f55d34d0,c01e272b232b1b16,
dataset/train/glioma/Tr-gl_1221.jpg,glioma,glioma,0,train,2cd9a7f7acadcee43f4a64d58c2b75d004ecf85bbb8aa99183d0d5aee1512314,dc1e172b2b338b8e,
dataset/train/glioma/Tr-gl_1222.jpg,glioma,glioma,0,train,8b79e01f590df47d0789e7c90e815c8a2c234a85d61b31ec19910370e74b1c7f,8c1f173b0f27170f,
dataset/train/glioma/Tr-gl_1223.jpg,glioma,glioma,0,train,e7e429b0d926ab776e1cba6db896f9e08c3168dc2f9f5a59158c9e0276011159,0e0f17a5b9a93113,
dataset/train/glioma/Tr-gl_1224.jpg,glioma,glioma,0,train,602a8d3030e8da61c8da53fc7c9b0537bc765da9abf246d5bdcfef7dd29d1f38,409c263b230b0e20,
dataset/train/glioma/Tr-gl_1225.jpg,glioma,glioma,0,train,44f32998a3cdbac18ce338550443551563cc45351a7066c3e3bdc90dc68ab562,419c221b2bab9206,
dataset/train/glioma/Tr-gl_1226.jpg,glioma,glioma,0,train,f9439266502e976c6bf0da5fb6d84ec3d88b266c1ce823f166b1929c578a9f73,d80e271b23270f16,
dataset/train/glioma/Tr-gl_1227.jpg,glioma,glioma,0,train,a929f29f60cc866bbb7161f78544628c5d5f172f921e8a8832d801301954f9f8,9d2f0b6f632f9f2e,
dataset/train/glioma/Tr-gl_1228.jpg,glioma,glioma,0,train,597477ab089e0587e51b6dcc23f529972e252cb13a1627e25cc834279856eed5,9c3e1b4f232b2b2e,
dataset/train/glioma/Tr-gl_1229.jpg,glioma,glioma,0,train,b374bfb1ccc069e5b26efe4ab686a5a9819b68b1a9d13deb28819c40103d1812,9c365b5d25272f2e,
dataset/train/glioma/Tr-gl_1230.jpg,glioma,glioma,0,train,9c3666311ea2595937338598850eee80d6fa1a566dcabc60fdb66d90638c63c5,9c3773596b1b3f3f,
dataset/train/glioma/Tr-gl_1231.jpg,glioma,glioma,0,train,1bbca8899bd626ee541317612316e21f2a3d55117aa715a3044c382bb960c41d,d81e2b0f136b4b2b,
dataset/train/glioma/Tr-gl_1232.jpg,glioma,glioma,0,train,927c7674b14bbe9279a179a6af5ef166f9db165697e1ce0980918b815792067a,9c1e2b0f1b6b732f,
dataset/train/glioma/Tr-gl_1233.jpg,glioma,glioma,0,train,f6de88d561e61d64730b496f85ff25ad44dbdac345bba42e7ed104af26df1bba,0e275b4951292323,
dataset/train/glioma/Tr-gl_1235.jpg,glioma,glioma,0,train,ea418612f28d10411e4d86c67fca698f7be237842a273a176bc375af5f5f29bb,981e675b7b4f5b1f,
dataset/train/glioma/Tr-gl_1236.jpg,glioma,glioma,0,train,c74fc49bfa179b0cee309fbccf85f5a0dddec5430eaaf6b450401748d43d648e,983e175b5b6d4b2f,
dataset/train/glioma/Tr-gl_1238.jpg,glioma,glioma,0,train,f73528085e699af7484b9fc2892bcf61793be97c3f102cbd17c50470881e8eef,9c1e6f233b6b2737,
dataset/train/glioma/Tr-gl_1239.jpg,glioma,glioma,0,train,fec7494c64d39ef061eccd167bc75df3669b8aceb8802b73d3bf60dd8367c12f,489e170f9195cf27,
dataset/train/glioma/Tr-gl_1240.jpg,glioma,glioma,0,train,082d43f501d2196fac405be781013360fc4033e4fe342427ea82259bfef3de3c,4c9f0b1531958d0f,
dataset/train/glioma/Tr-gl_1241.jpg,glioma,glioma,0,train,ab30614ccf9f81f1f29c359ed49a2a1421c4aa336da09f267ac3d695844ed37a,4e8f0f1531b19d17,
dataset/train/glioma/Tr-gl_1242.jpg,glioma,glioma,0,train,f615da22f518d5b3b82b4a4cd328c2830fc6ca580926828d9faa25d17a984b87,8e0f172d09279727,
dataset/train/glioma/Tr-gl_1243.jpg,glioma,glioma,0,train,5f381e4b3e73a8c270cc525e6d51ab47f332dcc61156a9b5da4d05fb69a27737,9e3b571b57253d19,
dataset/train/glioma/Tr-gl_1244.jpg,glioma,glioma,0,train,20acf7c71ddcfdb0a74afd52c51de8959bbdcf1f5d03eb8192988c65438f67df,d80e2b1923378f2e,
dataset/train/glioma/Tr-gl_1245.jpg,glioma,glioma,0,train,fe8a83569adbf98536c994cf2f9248fb4a7009b83b019e32f249e81df2a32f4c,1e33575b4d4b191f,
dataset/train/glioma/Tr-gl_1246.jpg,glioma,glioma,0,train,bdb64c23789c446afb48e95af44301a4af05470aa7273f03d7e72b27139d4518,1e23595b4929393b,
dataset/train/glioma/Tr-gl_1249.jpg,glioma,glioma,0,train,186a03fa094335cef1ce9531eabefb65936e4aa885916526b0c2e0116f812c8d,9c2f2b1933279b3f,
dataset/train/glioma/Tr-gl_1251.jpg,glioma,glioma,0,train,657f07c02522a53c4c92cb225dff6fb2faa67ee646d9ce0cf0b28e7c34e50591,9c17130f336d2d2e,
dataset/train/glioma/Tr-gl_1253.jpg,glioma,glioma,0,train,54adeaab155f8d354d91a7212ade47d72706aa1f3bc8f5a40e09ee5c59d54f10,cc9f3b0b0f211393,
dataset/train/glioma/Tr-gl_1254.jpg,glioma,glioma,0,train,544aa9e1829e61d95d5c2b68863dd2bd98bb44eaa198226ee55603218a1f485d,c80e271f230f2b2f,
dataset/train/glioma/Tr-gl_1256.jpg,glioma,glioma,0,train,89fab73f641f7493e755433f01c28b6e05b0df2ebc869e53608b033dbeb6dd59,409c261713230b9e,
dataset/train/glioma/Tr-gl_1257.jpg,glioma,glioma,0,train,b924ee795c7f1e4cc298a6316e263d2d0006dfd9f6b3f991540bd9d6df7b9239,8e1b292b29119333,
dataset/train/glioma/Tr-gl_1258.jpg,glioma,glioma,0,train,54af4464371d90643376aebc15b7450d642a291b6bbc9e227ddc50a02981c4f0,8e1b2d2b33078323,
dataset/train/glioma/Tr-gl_1259.jpg,glioma,glioma,0,train,c331d6b816b5139ddb17fff7844598585f226d60da40085789220acbad15a07b,0e67a7abd9613233,
dataset/train/glioma/Tr-gl_1261.jpg,glioma,glioma,0,train,73d739ab9088e5d4d97354128d08e1145af1f10054002ea186b759bc8fc3365c,0e6607bb39471208,
dataset/train/glioma/Tr-gl_1262.jpg,glioma,glioma,0,train,1f8782d0e7467a39f4675516e46e0ff0c1ab88db664941746b02046a49fa4fc3,0e661f133d461201,
dataset/train/glioma/Tr-gl_1263.jpg,glioma,glioma,0,train,d04dc030e3f9a96f3ce807ce880fb0f7fa75d4e7fe4620bf51d2a39f7162d94a,0c662b1375551123,
dataset/train/glioma/Tr-gl_1264.jpg,glioma,glioma,0,train,38ca0b0926e30444a230c6963e8acb6b489507b9903b43d0ef5e3e23694f5612,1c2e6b3351252d97,
dataset/train/glioma/Tr-gl_1265.jpg,glioma,glioma,0,train,c917961ca384ef382bc892f5c2aa8da0d903c7b7e517b38a51bc7ed40b9064ab,982e635375252d87,
dataset/train/glioma/Tr-gl_1267.jpg,glioma,glioma,0,train,5e9f018066eea899fce2090a09df1dc8106307d4644b172c3acee9b553a6d463,9c2e171b3323030e,
dataset/train/glioma/Tr-gl_1268.jpg,glioma,glioma,0,train,841af5b65a22b1621294bdf985cac8a05bb6f68221d36b812a3a7b3e2406bb31,1e271f5b272d0727,
dataset/train/glioma/Tr-gl_1271.jpg,glioma,glioma,0,train,4c3944be41cc52aeb9af7fe8a7dd432eb3364dbb08272d23be6d4fa30dd27920,481e1b1b0f3b270f,
dataset/train/glioma/Tr-gl_1272.jpg,glioma,glioma,0,train,d90903f2d478f7ff8c05e17918dd1628d422f9622454446bf4728f65d54d5e3d,c01c2e5b632b8ece,
dataset/train/glioma/Tr-gl_1274.jpg,glioma,glioma,0,train,ba95e339ca5a6005c9cf61b0bbce88c1b483a3cb0d1660a3db3aa663d77f52f9,9c3e571b734b0b33,
dataset/train/glioma/Tr-gl_1275.jpg,glioma,glioma,0,train,42a092ba18aa277571a80e6426381a69e1e7670b7d94ac14b259116080281a53,0c374f1b735f1f21,
dataset/train/glioma/Tr-gl_1276.jpg,glioma,glioma,0,train,71c5f51f3aaae7edacc05eef39bb5d4ab82e1119d463050702022d8d7b8f255f,4e17332b0f030e4d,
dataset/train/glioma/Tr-gl_1277.jpg,glioma,glioma,0,train,6a5c6c4c7a6a173e5dc5b8fba4e4e58ede051e82e46fab24261abdb24bd9291c,0e1723171703074d,
dataset/train/glioma/Tr-gl_1278.jpg,glioma,glioma,0,train,1cf1ed111f2ca9a4483b7395cf85e555321a1ab6dfee90bd99639d26d9dc4a79,0e0f2b0317030f4c,
dataset/train/glioma/Tr-gl_1280.jpg,glioma,glioma,0,train,46cc22b720ccaecbee982d781b72c2b3bba07656f2019467cd95060f44c91582,4d0e0f330f0b0f4d,
dataset/train/glioma/Tr-gl_1282.jpg,glioma,glioma,0,train,514c45d8561e97b5fb6818ac641dde5c81b849f62c9bd40206f0b802fc7121cc,0c0f030b03030e4d,
dataset/train/glioma/Tr-gl_1285.jpg,glioma,glioma,0,train,269efdd85f07993965eba4d38435f52c5a87eff47c2784e1f781c3c51e465e5c,0d0e2b07170b0f4c,
dataset/train/glioma/Tr-gl_1286.jpg,glioma,glioma,0,train,f736a19e210c89b0d9609fb9bebf7b565a701fdc5902cba002db95cabefee08b,4d17332b0f03074d,
dataset/train/glioma/Tr-gl_1288.jpg,glioma,glioma,0,train,9d0582e0ea1b87ad06e2753a605cc54f5d622e0a68ba1b0ef96eff29b5cb6437,0d0f270717230f4d,
dataset/train/glioma/Tr-gl_1289.jpg,glioma,glioma,0,train,5d85abd0150b2be00404bc89437fb874112686c32718d8aa6635b6ded598ab36,4d0f272713130f4d,
dataset/train/glioma/Tr-gl_1290.jpg,glioma,glioma,0,train,f1c5a4fdeff9686dfe250833dd08ad707e6c5c7f52aa603e72ef5e8d07fcbc71,4d0f2727032b0f4d,
dataset/train/glioma/Tr-gl_1291.jpg,glioma,glioma,0,train,efacdcc7c80e6ba7d00499999a9f599414db65a089a9f0f93892b5ffcd261a03,4d1e27270b030f4d,
dataset/train/glioma/Tr-gl_1292.jpg,glioma,glioma,0,train,314e4c414ffc502532b6f1748e9a2cbeb7270364d9c2182f990286e522973946,4d1e27230b030f4d,
dataset/train/glioma/Tr-gl_1293.jpg,glioma,glioma,0,train,8ebe9b308f61f2360b84374719a1cfc287654fe7f457c30266a7cf7f6d28a147,0f16171713130f4e,
dataset/train/glioma/Tr-gl_1294.jpg,glioma,glioma,0,train,752b187fe84156c44d2db5b59c5d20313fbc84fd9ac529072480b3555d70b55b,0d06170f0713074d,
dataset/train/glioma/Tr-gl_1295.jpg,glioma,glioma,0,train,7c4348f0282d8b0d67e615af7bf5fcb86f96cc689dff543eeaa24598de21866b,4d06171b0713074d,
dataset/train/glioma/Tr-gl_1296.jpg,glioma,glioma,0,train,e045fcad4056e0ab41779a2f5df40a2e314c917d02f7526aff1be5b01db237a2,4d0e170b0b030f4d,
dataset/train/glioma/Tr-gl_1299.jpg,glioma,glioma,0,train,a4333f7a2221b5fa8c951425f72a319a3d865f8250cd7327df998cc58709a112,4d0e27271b070e49,
dataset/train/glioma/Tr-gl_1300.jpg,glioma,glioma,0,train,db90e18409d0c88c6db4b0ce718acf98a8c87db37f8f8992267555ce2cf634fd,4d0e27271b170e69,
dataset/train/glioma/Tr-gl_1301.jpg,glioma,glioma,0,train,594f8b2ba206e9eb5282108aabc9db6d66be1e26b008b6803fa5b401610d0f9a,4d0e27231b070e69,
dataset/train/glioma/Tr-gl_1302.jpg,glioma,glioma,0,train,2389fda31023448903058a7d6e6481baf349d5f925b8e3bb134bd28bd77cb318,490f072717070f61,
dataset/train/glioma/Tr-gl_1304.jpg,glioma,glioma,0,train,c351582426881c2af0907a507389cd125e880e5ec0f7d1bebf93c04784b59245,234d16332b170d23,
dataset/train/glioma/Tr-gl_1305.jpg,glioma,glioma,0,train,b42fa55f6db28d417725a9a9641059e75b2ec59e55fa5f5f713bfb54e2d11e1d,334d0f172b174d33,
dataset/train/glioma/Tr-gl_1307.jpg,glioma,glioma,0,train,c56492c4157d1d3c43c6b5177bd1a20467b1ab9b22007abfaacfbf62b75dc50f,4d17173717170f49,
dataset/train/glioma/Tr-gl_1308.jpg,glioma,glioma,0,train,8fc64ad2589ff8bcd3ed24e8a4730eadd997f17f1a64f509beb3952cef3a5c50,690f17332b170f61,
dataset/train/glioma/Tr-gl_1311.jpg,glioma,glioma,0,train,2d79ee70b285c26d2a0cb6d47c2ea98afc9517c3e47d47a9a065b65e73078d00,490f0f230b0b0f4d,
dataset/train/glioma/Tr-gl_1312.jpg,glioma,glioma,0,train,f1985593087c60d65dc8156cb9ecb7961b04ea3b1005d02add1a4698550d0973,410f072b0b030e49,
dataset/train/glioma/Tr-gl_1313.jpg,glioma,glioma,0,train,7d4f77e845293599bac6d85406b81fe2033a06a46624bdf6ecc83354d4f3a0dd,210f072b0b0b0e49,
dataset/train/glioma/Tr-gl_1314.jpg,glioma,glioma,0,train,37508d3595e3ad2b4681f8537f8c7bf083e7fd6fbe4323468722376be36452f6,234d0f232b070f21,
dataset/train/glioma/Tr-gl_1317.jpg,glioma,glioma,0,train,15a0fc39345a41a3925bb85f8f1185e3997dccd71ce022177c0d58cac093e00e,4e072b0b0f2b170d,
dataset/train/glioma/Tr-gl_1318.jpg,glioma,glioma,0,train,288ddd10085c840be845b8ca9c447be63435ef106dbb5a41bcf2cf41ac16fefe,4e072b0b0b2b170d,
dataset/train/glioma/Tr-gl_1319.jpg,glioma,glioma,0,train,00a22f74323aa6ef3bbcd8a7894696d4ba2b1b7ed55b409c48457e07206dfadd,4c072b2b0b2b160d,
dataset/train/glioma/Tr-gl_1320.jpg,glioma,glioma,0,train,26a87c6c7c2a1620b783d12dfbd3ade4f486dd5d21364e08b77cd48237a2e199,4d063b2b0b3b164d,
dataset/train/meningioma/Tr-meTr_0000.jpg,meningioma,meningioma,1,train,fce25282f9c298280721e6608db8dd49289984e7004b61c4dd142d442735ecce,610e1727332b1b0e,
dataset/train/meningioma/Tr-meTr_0001.jpg,meningioma,meningioma,1,train,f0a192cd7c99edb918c133feedf77cc440f57e7eaa937c6f986ff21963b6bbed,17173b1707070f0d,
dataset/train/meningioma/Tr-meTr_0002.jpg,meningioma,meningioma,1,train,dd453ddc215f09b7a39dff3ccd3e0d55000cf03689642e8fb1b5c844228c7a3c,17372b5717070f0d,
dataset/train/meningioma/Tr-meTr_0004.jpg,meningioma,meningioma,1,train,86658a2697f7e59033c49e8c87d0b8744759885a4adc60b91ddb556bdfb3bcc0,0f17331b170b0f0f,
dataset/train/meningioma/Tr-meTr_0005.jpg,meningioma,meningioma,1,train,c29e221d60111e84d49a63beeb0cf18ad2f15dd1356f24d9a0125c19bef766de,07371b1b17130f0f,
dataset/train/meningioma/Tr-meTr_0006.jpg,meningioma,meningioma,1,train,0e03d9fc9d562bad93406ed5d638d68c03f38304a6f8180b3ff6bf10b8656e26,4d0f1f0f0f3b0f4d,
dataset/train/meningioma/Tr-meTr_0007.jpg,meningioma,meningioma,1,train,6a64332d2613627eaee146b462e3870b88d0c397db5479d6b5139f421fd2f8b9,4d0f0f031b3b0f4d,
dataset/train/meningioma/Tr-meTr_0008.jpg,meningioma,meningioma,1,train,95230820a8e400b07c2a163b33753186a7330eb861590c52f87265b80a876d63,290f072b3b330f4d,
dataset/train/meningioma/Tr-me_0011.jpg,meningioma,meningioma,1,train,d61f1435ba07e53a2f1db1be64b0786482863da3730c2f8bb75545d9acf0304e,234d062f33370f49,
dataset/train/meningioma/Tr-me_0012.jpg,meningioma,meningioma,1,train,79d4af9b81f91700b97b92a54ffd5fc6ef40af3a4f484b1ae9305657437048c2,334d07162b360f61,
dataset/train/meningioma/Tr-me_0013.jpg,meningioma,meningioma,1,train,8693a1c585c6869c75d731a5acef6980cb34a2d11426401a73690f5ef9ac3aef,0f17332f172b0f4d,
dataset/train/meningioma/Tr-me_0014.jpg,meningioma,meningioma,1,train,7b65b5bf288471ceae7c38bf1394928bb8fafdc99d23c28fd2585e86611dbc36,230d0f2b2b2b0f69,
dataset/train/meningioma/Tr-me_0015.jpg,meningioma,meningioma,1,train,a95bab2d0c518d9e5bfcda94d551da5708b54834b6ea508d9709fef332abbbb8,334d0f2f2b130f61,
dataset/train/meningioma/Tr-me_0017.jpg,meningioma,meningioma,1,train,8f88573bb9b2e3db7f1b5afcb6a351cb7892ca6053c328f31b4d7c662102a6f6,4c073317331b2b17,
dataset/train/meningioma/Tr-me_0018.jpg,meningioma,meningioma,1,train,80c7bc3cb769d96b6974160f1fff584b1dbf696f0f23e8e6ed57345f1b527719,610f070f273b0f4d,
dataset/train/meningioma/Tr-me_0019.jpg,meningioma,meningioma,1,train,97fd4eb9c0e1947bdbb15be3c79f58a5d1dc2ef10b7db12de4bfd8111bf64e2d,230d070f2f2b0f4d,
dataset/train/meningioma/Tr-me_0020.jpg,meningioma,meningioma,1,train,52488776ac119d52a7bae9df8a73d9e0ce5327faa148d917f512bab8f1ea1afb,490f230f1f270f4d,
dataset/train/meningioma/Tr-me_0021.jpg,meningioma,meningioma,1,train,f150486b35fdda2e5bb8e06d87dc90e638118ffd4ad480d87fb06030cc28c0e3,490f33331f1b0e4d,
dataset/train/meningioma/Tr-me_0022.jpg,meningioma,meningioma,1,train,4f8c800a279bcfbe3e63996ddaf5dd0390025db8b624988900c2b8de4e532323,4d0f33231b1b0e4d,
dataset/train/meningioma/Tr-me_0023.jpg,meningioma,meningioma,1,train,12c198f544e64837398e6be7f56794836717001863b4f61ce9bf147517e9e78d,1f17135b1707070f,
dataset/train/meningioma/Tr-me_0024.jpg,meningioma,meningioma,1,train,c29107b8aee854883151a50a6e13f95acabdfd9cce2b34144342019f378ce211,4f071717533b0f4d,
dataset/train/meningioma/Tr-me_0027.jpg,meningioma,meningioma,1,train,978490f47405eea017e059a603921b1bbea9f8f738808b51d3ea639fa9ecc780,450f33330d070f4d,
dataset/train/meningioma/Tr-me_0029.jpg,meningioma,meningioma,1,train,64dc12742ba893fc68e17e5677566102d94d3bff0b609c123e744d7682799022,450717370f0f074d,
dataset/train/meningioma/Tr-me_0030.jpg,meningioma,meningioma,1,train,5776354c82f75ed25b033499e4eced0b77beca5ac9f775eb27a86440a03dc050,230f060b0b170f21,
dataset/train/meningioma/Tr-me_0031.jpg,meningioma,meningioma,1,train,35831946752d264ec4adc1e97221d5ba2304236bedee9c966c8689216fadfd77,334d0f0b0b174f21,
dataset/train/meningioma/Tr-me_0032.jpg,meningioma,meningioma,1,train,c7f57878770e6ab440483e0757c523aa5c2130e9fe741bfcf7414b168178e17f,330d0f0f1b174d21,
dataset/train/meningioma/Tr-me_0033.jpg,meningioma,meningioma,1,train,9c8fb7b3a545503a016816d5c0b97cdbde29a66eeecdfd5903138db72d7eb58f,4d0f0b233b2b0f4d,
dataset/train/meningioma/Tr-me_0034.jpg,meningioma,meningioma,1,train,ab61ad992671b800d2dac37311bc1ececdc237a5d90b15665b6e010add9e490e,4e07331737170f1f,
dataset/train/meningioma/Tr-me_0036.jpg,meningioma,meningioma,1,train,bfade808de6204d0475ab81469e45ad6c7c18498d4a36d26ce22f4581c107a8c,290f0f232b1b0f6d,
dataset/train/meningioma/Tr-me_0037.jpg,meningioma,meningioma,1,train,45e2003ab5fc0d91415e7c67300e1a5da63da257283ba0237f11679b478cc9f7,334d17132b1b0f49,
dataset/train/meningioma/Tr-me_0038.jpg,meningioma,meningioma,1,train,ebcca0c3a7dd3935f45dc34e343f032138cf90b8b1d0ea72f078e6689203d2dc,33290f1633170f61,
dataset/train/meningioma/Tr-me_0039.jpg,meningioma,meningioma,1,train,747a723e684cbc7e8ff1b928ae531c02abbec5f81e202e50a1a0c8ee6d16bb54,334d0f272b230f61,
dataset/train/meningioma/Tr-me_0040.jpg,meningioma,meningioma,1,train,6416747c972d1fd717c8f71d6c9a9aea927d7c9dccf0d9e3812e103bf635d8ee,4d0f131317270f4d,
dataset/train/meningioma/Tr-me_0041.jpg,meningioma,meningioma,1,train,212186698aeab8d96bf07a07ba3475feec7488ac931dd71a89c58d72a2139fb8,4d0f131337170f4d,
dataset/train/meningioma/Tr-me_0042.jpg,meningioma,meningioma,1,train,76e610505ae94201394a20edde8fd8103ebd057310acc926b7c206609d073278,4d0f131337130f4d,
dataset/train/meningioma/Tr-me_0043.jpg,meningioma,meningioma,1,train,1b5cc7e3ff4c1dd8d2478d96f3a56554b315bd6a812fd04d98b193de1e537ae5,4e17371727170f1f,
dataset/train/meningioma/Tr-me_0045.jpg,meningioma,meningioma,1,train,8ccd9367f62e7d71d91f6b8644d5ab359a9f8170aa7eb331b19e9d6190a537e5,210f170723330f49,
dataset/train/meningioma/Tr-me_0046.jpg,meningioma,meningioma,1,train,f98b2f512ee1e016de757073a071d852d22d604bc6cdd003569e0f2b6cf378b5,214d16172b130f61,
dataset/train/meningioma/Tr-me_0047.jpg,meningioma,meningioma,1,train,f0f7b56a543685815266b9e9e0dd7ac8d4a0e03ec8669d0040b1e1ae546d084b,0d2f234b4f130f4d,
dataset/train/meningioma/Tr-me_0048.jpg,meningioma,meningioma,1,train,8fa67cbef7bf110cc9803171124fa23d5b9c007c3bb6550d3f90f474e263956f,0d2f2f531b130f4d,
dataset/train/meningioma/Tr-me_0050.jpg,meningioma,meningioma,1,train,13d08e8ef10ff5a79c5b61032e2ddb77be86fe5c9e5c4466452c4b48a985f21d,214f07172b0b0f4d,
dataset/train/meningioma/Tr-me_0051.jpg,meningioma,meningioma,1,train,4392621e100ef2a98711920785c0304663317ff6d964a14c3a41b2b5f2d3318b,4e1727172d331717,
dataset/train/meningioma/Tr-me_0052.jpg,meningioma,meningioma,1,train,be95431b29f7d5e660ee54156770624215a1d3c24bd8b1f7744ae430efb1a775,334d06032b0b0f4d,
dataset/train/meningioma/Tr-me_0053.jpg,meningioma,meningioma,1,train,a6cbb32cff5d1e2742038432bc9e446dd706f4ef6ab84af887e7490991e514e8,130d0e172b0b0f4d,
dataset/train/meningioma/Tr-me_0054.jpg,meningioma,meningioma,1,train,57fd9be2c69c0710c7b0cfdb02d703a9fea1a98818c75c9e69df665abe3e6d89,2d4e17170f330f4d,
dataset/train/meningioma/Tr-me_0055.jpg,meningioma,meningioma,1,train,e821593cfd23f5b6731e5eb36774a402524c852aec6434d845e61fa09428ec57,214e07172f330f4d,
dataset/train/meningioma/Tr-me_0056.jpg,meningioma,meningioma,1,train,2aece17eaf2dfe73882e024fe2000ec2af20a69882e2edd78b88a56226133200,214f07072f330f4d,
dataset/train/meningioma/Tr-me_0057.jpg,meningioma,meningioma,1,train,e749a299223436b26ca4f15cbbedff3aa9959d678e8f58f57474ef1e5e4569ea,0e33335b4f2b0f0d,
dataset/train/meningioma/Tr-me_0058.jpg,meningioma,meningioma,1,train,0208fb1ef4e28eb7e80fa12fb16f0b5842c183bc23b9f28b4743cb47453f9199,0f17330b0f2b0f0d,
dataset/train/meningioma/Tr-me_0059.jpg,meningioma,meningioma,1,train,ab3ff5117ba55f255f9dac3795e42eafe2c1101d1f142fd8e052bbf3ba85ed0a,0f0f130b0f330f0d,
dataset/train/meningioma/Tr-me_0060.jpg,meningioma,meningioma,1,train,408f622c227c58a3b4ad15a52a556db57b5f170b0e533cd64bc56304f8dbe2eb,8e17171733333337,
dataset/train/meningioma/Tr-me_0061.jpg,meningioma,meningioma,1,train,cfa98c049502099f278c79c8281bf58fa5b6e7dd8da75f6d80308e34d3fdd266,0f17331b1f2b0f0d,
dataset/train/meningioma/Tr-me_0062.jpg,meningioma,meningioma,1,train,0c3c91fe2c4031765c4362e3e352c52f0c764d9b13c0bfd875178fbe80595d12,4d0f171727230f4d,
dataset/train/meningioma/Tr-me_0063.jpg,meningioma,meningioma,1,train,92d4f4663661fdee2af01b2fea32bdad27e7270d1470fb3327bbe189636bf232,4d0e173727230f4d,
dataset/train/meningioma/Tr-me_0064.jpg,meningioma,meningioma,1,train,8bc7333cac19eae9e29c7b5ba6a8aa21e1cb565ba8b2f621d4f1164a716342ab,490f172727330f4d,
dataset/train/meningioma/Tr-me_0065.jpg,meningioma,meningioma,1,train,264dfa63119669509c7764feec8234b7067c042c0e41cf0978e4977216efa99b,210f171717130e49,
dataset/train/meningioma/Tr-me_0066.jpg,meningioma,meningioma,1,train,e429c8ca3ba9e3f29065624a47b7e36cd644b910a92347a7519fa0588c52239d,234d16373b170f41,
dataset/train/meningioma/Tr-me_0067.jpg,meningioma,meningioma,1,train,4e4c88a11b026e6d417be242df7936dde4c09991e980c89f7f68adc5ef26209e,230d1f1f2b1f0f69,
dataset/train/meningioma/Tr-me_0068.jpg,meningioma,meningioma,1,train,20ed864b4c9620f044eb92e965bb44418cc0e34fc0514b6887407570fa32d3e8,8e1317170f333337,
dataset/train/meningioma/Tr-me_0069.jpg,meningioma,meningioma,1,train,8022351aa7b8bc1c8bd100673393eb650b98d74c5a0a3c9f24fb7da31487680c,314d0f172b1f0f21,
dataset/train/meningioma/Tr-me_0070.jpg,meningioma,meningioma,1,train,fd168fc8156c563ec1d83516c40f12c9d207cd0b669b6bc4f708e31f8eafbd24,290f0f072f0b0f61,
dataset/train/meningioma/Tr-me_0071.jpg,meningioma,meningioma,1,train,960155b05ea8f0ddcbcd3a5e29905c2a4b55832f03e5b7d6491c73955960d278,314f0f0b2b0b0e21,
dataset/train/meningioma/Tr-me_0072.jpg,meningioma,meningioma,1,train,9793890c7897afc841b9d8866128850ab507aaeaa0e2eaf4d40d2e38b617cc7e,314d060b0b0f4f31,
dataset/train/meningioma/Tr-me_0075.jpg,meningioma,meningioma,1,train,c681f02e453d7a75acdea8a94e1dd39134c12b1a0ed3d6487481037a5e7b31e1,4d0717334f1f0e4d,
dataset/train/meningioma/Tr-me_0076.jpg,meningioma,meningioma,1,train,699fe696f159e80b8a97ae7c3b9d30af58141b7f1f02f3fea9c4fc3f4195a674,4d17172b4f1f0f4d,
dataset/train/meningioma/Tr-me_0077.jpg,meningioma,meningioma,1,train,929a26a491d40ed3c57ae9ace8a7c01c146ccc6c0a6ca54763315c5e02ddc800,8e1317174d2b3337,
dataset/train/meningioma/Tr-me_0080.jpg,meningioma,meningioma,1,train,b98f6fc45f20c25ab8bebfe22c4ef59ed89a3d3cb67153e43b80b547ec10aa58,4d0f170717170f4d,
dataset/train/meningioma/Tr-me_0081.jpg,meningioma,meningioma,1,train,58ab18c04f773649f0f02ab7885cb80e9ec87b927c8381646394d68fe2a80edf,0d0f07171f1b0f4d,
dataset/train/meningioma/Tr-me_0082.jpg,meningioma,meningioma,1,train,32df625f3b8d8d090426fdfdcfa6449a38208df2a032672b92470a0501e30d09,290f17131b1b0f4d,
dataset/train/meningioma/Tr-me_0083.jpg,meningioma,meningioma,1,train,f29d536cc69c876e7b5fa825cd2abe326d10952034d83a6b4056e053de3cc2fc,214f161b1b1b0f69,
dataset/train/meningioma/Tr-me_0084.jpg,meningioma,meningioma,1,train,1c511b4ca76617fbc415cc5bb57f341473e16f2042ac2aaa5db8bfb44f20d2d0,0d0733290d33174f,
dataset/train/meningioma/Tr-me_0085.jpg,meningioma,meningioma,1,train,dee8d2ed75a4edc6315dcdeba7f327ecb080dd9bb914f86b28db2c52f891d90f,334d0f0f2b130f21,
dataset/train/meningioma/Tr-me_0087.jpg,meningioma,meningioma,1,train,9913d4d00bfc19f18d7aba882f7e1002ae62251258ed2b4db286b46faa9a1f10,171713290d27174f,
dataset/train/meningioma/Tr-me_0089.jpg,meningioma,meningioma,1,train,e4e2add8d0a06c38e9676ad2ad12b2dac92fc861613d771fbcb4c5d245662597,490f2f0f1b2b232f,
dataset/train/meningioma/Tr-me_0090.jpg,meningioma,meningioma,1,train,a74d73973d63cf6ca39ffcb44f2913976350630d23c112e48e6c9e9c3ffddd09,490f2f0f3f0f3736,
dataset/train/meningioma/Tr-me_0091.jpg,meningioma,meningioma,1,train,aee7025a0efb6ee7c1dbabdfae17a79288e745b66ba19e840368bdd0464bf68c,490f2f0f370f1616,
dataset/train/meningioma/Tr-me_0092.jpg,meningioma,meningioma,1,train,fb0e60974cdc3a8eb5efdb8e404a3d8aa5194f1af00adcf2b97bdcef8ce1ca98,490f2f0f170f168e,
dataset/train/meningioma/Tr-me_0093.jpg,meningioma,meningioma,1,train,46e04eaced55a237c1c1f2288e247b2cf461f9efdfbfc6b401611549744db94c,410f2f0f170f0696,
dataset/train/meningioma/Tr-me_0094.jpg,meningioma,meningioma,1,train,b0923d71e92b686218aad9b0f8b1082eae5829420c54f3e97ba0f38a43f165cf,0e172b0f2f371716,
dataset/train/meningioma/Tr-me_0095.jpg,meningioma,meningioma,1,train,ce87b9ebfc318ca3d56c557ff4960b2cc8eb3d8af6b0f7bc5b41fcf75f7d3fe1,0e172b2f0f2b3f16,
dataset/train/meningioma/Tr-me_0096.jpg,meningioma,meningioma,1,train,548760b3b911ae3bb44dbea176820f7eeb39fbb19fa7b77b9509851368bcdc6c,0e172f2f0f3f2f06,
dataset/train/meningioma/Tr-me_0097.jpg,meningioma,meningioma,1,train,2afd271811dadb18683730ef88043d8545ed3c324359a2189b9c04bf32d61b89,0e172f0f0f171706,
dataset/train/meningioma/Tr-me_0099.jpg,meningioma,meningioma,1,train,22a5341c7b075e0c833c6e231692aee8b01cf00f7152248fa1016f250c39aa6f,0e172f2f17171716,
dataset/train/meningioma/Tr-me_0100.jpg,meningioma,meningioma,1,train,0967a79829d28ae415f9fae4350e8c69ff076c92b53929233562c80f2b346db0,6906331727072b33,
dataset/train/meningioma/Tr-me_0101.jpg,meningioma,meningioma,1,train,bbba75f879197828cb45d31a22535a5cbb158279fd1c72854f47ce485945cb6a,690f331727273333,
dataset/train/meningioma/Tr-me_0102.jpg,meningioma,meningioma,1,train,14bc3a50174e535cbd343f1e1fb9c2880b8dd8314553b8ec320601259c7ef365,690f33150707332b,
dataset/train/meningioma/Tr-me_0103.jpg,meningioma,meningioma,1,train,897080afedeadae3593feabf988656047b563aa8b2e79a825cb1959e4bd9250f,4c96330f170f230e,
dataset/train/meningioma/Tr-me_0104.jpg,meningioma,meningioma,1,train,447b63c09c4451ad33fc3ef867202554c18a4e4a3d6bd50de342da387ac2e94e,214f1713132b1b4e,
dataset/train/meningioma/Tr-me_0105.jpg,meningioma,meningioma,1,train,f0ee529e0d3a95364753bcad7055701b71317a84a7b81025f6bce96c0bfe1e24,610f1713133b130e,
dataset/train/meningioma/Tr-me_0106.jpg,meningioma,meningioma,1,train,3c1e3c352dfccc970ba5cb39fc65e10638d23f63bc2730dc2c2e4bec7f7ecdc5,690e17271317170f,
dataset/train/meningioma/Tr-me_0107.jpg,meningioma,meningioma,1,train,312d86a802afa3cfd5f642f94c0aaf183e77fc05db7ef85ecd41e481f4a889f5,4d0e17071317130f,
dataset/train/meningioma/Tr-me_0108.jpg,meningioma,meningioma,1,train,1784512b96bba05a45609d96a7d5ec7a51b6d32f375bc2d7b6e3fe506e091d47,4d0f17171337330f,
dataset/train/meningioma/Tr-me_0109.jpg,meningioma,meningioma,1,train,b32fc4a59c2d74862b979fa16c968dc58c80ad17c46b8eccdd5828a5f8c61845,290f170717230f49,
dataset/train/meningioma/Tr-me_0110.jpg,meningioma,meningioma,1,train,6ace5bf2c3efba9511f6eb4ac07419ecc0497ecb4c564dcb5070707d06a8eca9,4d0f131713331717,
dataset/train/meningioma/Tr-me_0111.jpg,meningioma,meningioma,1,train,fdba6080bfdf2cc6f417d755d985bb99664856426a4b310cb88daa0ed74bf39f,8e17171551331303,
dataset/train/meningioma/Tr-me_0112.jpg,meningioma,meningioma,1,train,a455e6ed13d1f013b2231329589f5843cb680cbb1d420cab1cfb2c54c6b67215,8e2b17155113331f,
dataset/train/meningioma/Tr-me_0114.jpg,meningioma,meningioma,1,train,9b7fabd8ec0caed3c3849a29ab2925d22d1271dcdec3d6ed0917b481baeaf7b2,8e2b55155d333717,
dataset/train/meningioma/Tr-me_0115.jpg,meningioma,meningioma,1,train,99118c9fa6e6f8b9d5d8a1136fcb3bddf0d3b0211118f343c30e2c3571f2fad3,8e2b55175d2b1313,
dataset/train/meningioma/Tr-me_0117.jpg,meningioma,meningioma,1,train,c6c67e65e0be3103f363392a036e6edb7601f6b8a9b238e49eec27d6c50dca64,4d16131713133b13,
dataset/train/meningioma/Tr-me_0118.jpg,meningioma,meningioma,1,train,a24f1fd6d2a4118b8e3f292fa3938ed2e433250511258938559788568dc0292c,4e173b2f2f0b1b96,
dataset/train/meningioma/Tr-me_0121.jpg,meningioma,meningioma,1,train,a929675c622015e826cb0c266cffeb57444a714bb6a44389ba2259673a25fc9b,8e13176d53371717,
dataset/train/meningioma/Tr-me_0122.jpg,meningioma,meningioma,1,train,a1ed9509b447dd290e548448b6090a46376846d2a3344b30ce539bf13e9f2c42,8f13174951373736,
dataset/train/meningioma/Tr-me_0123.jpg,meningioma,meningioma,1,train,49f350ac9f72537df374801a58a4c5dec3af188734669dc0055809b7e0e14122,0713134949173737,
dataset/train/meningioma/Tr-me_0124.jpg,meningioma,meningioma,1,train,f9a8aea13b45799e9b45c313f40ccb8e2330ca7c3d1cc6f2f3287839f8602ba7,1713174b49373737,
dataset/train/meningioma/Tr-me_0125.jpg,meningioma,meningioma,1,train,8e477b22a432230513900b6c20e47ece13faada26bd13988e20cfd405a523e7d,1713172b4d233b33,
dataset/train/meningioma/Tr-me_0127.jpg,meningioma,meningioma,1,train,39b8a59903e645f2983db74d338a0b113309778ccdf53e0d8060a8e766bb1a3a,4e0b1933456d6363,
dataset/train/meningioma/Tr-me_0128.jpg,meningioma,meningioma,1,train,a5eeedbc6c1ea1cec516762dccea9792e7271c94159779adaaece11064e0cecd,4e1b1319456d6363,
dataset/train/meningioma/Tr-me_0129.jpg,meningioma,meningioma,1,train,4c73319a40f1cc34736c2fbccd776fdd225cdadbf03084f23c3b8597e3efd75e,0e17131725253333,
dataset/train/meningioma/Tr-me_0130.jpg,meningioma,meningioma,1,train,1c48914ff9e011781b26b6321e9d44ea8e0e742a5827687886e4c4a076cd33ac,0e13331325353333,
dataset/train/meningioma/Tr-me_0132.jpg,meningioma,meningioma,1,train,a9c70f38c43054c6d103449690310eacfc41dfe7ed7d1409528066a6655e797f,0e1b331107153333,
dataset/train/meningioma/Tr-me_0133.jpg,meningioma,meningioma,1,train,a145c71ca2a78cb67a4e8a7436f66390afb80263775466eb8d63a3c45aa9096d,0e13311115153333,
dataset/train/meningioma/Tr-me_0134.jpg,meningioma,meningioma,1,train,c611a4518e080d798bcff459388bf9dbd2b554996d9cb2bcae4d08f7d433c6be,4e1b33190d656727,
dataset/train/meningioma/Tr-me_0135.jpg,meningioma,meningioma,1,train,fbe12b2a7a2bf03ba453b3c681ecd1667a1434b1caf6b2dea35b62406cc2b914,4e1b311107752727,
dataset/train/meningioma/Tr-me_0136.jpg,meningioma,meningioma,1,train,236eab57f7e2f69bdb3f67595ebb634e1853295d7145ddfb699822fd8bef2784,490f172b33372f16,
dataset/train/meningioma/Tr-me_0137.jpg,meningioma,meningioma,1,train,1efbf2b99f460069de703b43b10453ed11f2e701b7c9e2e115dde6ab31d4eea4,4d0e172b33372f16,
dataset/train/meningioma/Tr-me_0138.jpg,meningioma,meningioma,1,train,bfff10e50c1d25274305abb1881ab249ffcd3958650ddba67ea2047a20cae978,4d0e17332b173737,
dataset/train/meningioma/Tr-me_0140.jpg,meningioma,meningioma,1,train,9a98cbd31643a3bcc1193ca2f79008f3c2b2e72df7d737857c1a399f90fe5316,4c0f330f5b6b2b2b,
dataset/train/meningioma/Tr-me_0141.jpg,meningioma,meningioma,1,train,3820fdb94631702a3f846e31a5b86a438890e5c5673143668cf26e1ffb7abd67,4d1f33170b333b0f,
dataset/train/meningioma/Tr-me_0142.jpg,meningioma,meningioma,1,train,73df0a6e39d659e89029e7ed9c0e8d590b2998d5930868ce64ee73e2133fa15e,230f171b37230f49,
dataset/train/meningioma/Tr-me_0143.jpg,meningioma,meningioma,1,train,070abb32e9f7e45230a5b181bc4d7e731bfd8572c7bc0146f949fcde1549a0b6,4d063b132f0f3717,
dataset/train/meningioma/Tr-me_0144.jpg,meningioma,meningioma,1,train,ad03d689068abc7b44d7e402763043b5989791e0ca8bbb8c2f72f521e0f4e15a,4d1733130f072313,
dataset/train/meningioma/Tr-me_0145.jpg,meningioma,meningioma,1,train,ff7dfd036e3e8661030f4d65736a070f79054404c07b0a2a90a7074f5f0dc20c,4d1733131f0f032b,
dataset/train/meningioma/Tr-me_0146.jpg,meningioma,meningioma,1,train,90051de7a28f3ef3d0908142973fda7eede030e0a69e1f7faef8fd7bef07158c,4d16333317171303,
dataset/train/meningioma/Tr-me_0147.jpg,meningioma,meningioma,1,train,29758f64ba84a4f20147ad114f2376b1cc38b0891a06e508a9d402acf226c9b8,4d16331337171313,
dataset/train/meningioma/Tr-me_0148.jpg,meningioma,meningioma,1,train,1a29f9ed0321aeec696043b7c67021a38f9f5760cf6d3a7c93176da3eb18f9cc,490e331337279393,
dataset/train/meningioma/Tr-me_0149.jpg,meningioma,meningioma,1,train,7314db25d807e38689394539f8cc5d79d01b0270b1ba7790399c809e3c7f5e16,690e33171717332b,
dataset/train/meningioma/Tr-me_0150.jpg,meningioma,meningioma,1,train,9e225e3e95fe7fb892c50f6e55ea794b2f0b64fca4ab70378c67bfd89ff9c633,680f33171717332f,
dataset/train/meningioma/Tr-me_0151.jpg,meningioma,meningioma,1,train,7b77b7b9d5c576202a52bfa93ec6fdbd0135b2a9bec444351668aabaf3f281b4,8e1717370b2b1796,
dataset/train/meningioma/Tr-me_0153.jpg,meningioma,meningioma,1,train,2f39481bf3eb18e7c6a388b5de12622613a4c173bca95e2c904c7b3022ad33a0,234d161b23230f49,
dataset/train/meningioma/Tr-me_0154.jpg,meningioma,meningioma,1,train,9aa83dff4a422878908b096eb9ea6840541ba5521f97060aab775de0fe694f9f,8e132b131f171706,
dataset/train/meningioma/Tr-me_0155.jpg,meningioma,meningioma,1,train,e2baedfc735fbc7ffd8e04723e77585e3209c267b506d756908ddea0a615716b,8c0f2b172f37373b,
dataset/train/meningioma/Tr-me_0156.jpg,meningioma,meningioma,1,train,a7e18b28461707d3e8d7682958fbb9b669ebd645e4b0702cdcc856677319c271,8e2f2b1f0f233313,
dataset/train/meningioma/Tr-me_0157.jpg,meningioma,meningioma,1,train,a8fea0dd3e90727628dcf6d71f08112fa682fbea0eace20a306cc470d2b8360f,8e2f27170d2b3b1b,
dataset/train/meningioma/Tr-me_0158.jpg,meningioma,meningioma,1,train,a7e402c87068173bc87a9383f3f7e1db4d2b1fb1cc1cbe99b68444e8f1b17fcc,8e2f2b170d073b3b,
dataset/train/meningioma/Tr-me_0159.jpg,meningioma,meningioma,1,train,92ec70d0238cc0615ce2ba79fce534c44022e5f1ecc5ea5708628b25e0a22fab,290f0713130d2d13,
dataset/train/meningioma/Tr-me_0160.jpg,meningioma,meningioma,1,train,7e5e242af266f8307726c66e48fc50d6d2d5090963a3fd9901971fe44fd462de,4d07273315550d13,
dataset/train/meningioma/Tr-me_0162.jpg,meningioma,meningioma,1,train,a933bcf64cf11f1f6d7fb72dbb9e9ef31a7ef9361841c31c7f685a73476aa0e0,230f1f1b1b2b0f41,
dataset/train/meningioma/Tr-me_0163.jpg,meningioma,meningioma,1,train,ceed84105c284112a2cf2079fe7325d1b741251227cf119de7f9114e2b76b3f3,214d1f3b1b370f41,
dataset/train/meningioma/Tr-me_0164.jpg,meningioma,meningioma,1,train,ff3f14bb91784fd7068c728cd8eb6debd8ecb891fd4392a5c22465a5d79a3f11,334d0e1323170f61,
dataset/train/meningioma/Tr-me_0165.jpg,meningioma,meningioma,1,train,56c15ecccd01ef1b028ee16f2ad81f66b7a300072266cb60c8d4ea2af4bb42c2,134d1f3b2b370f61,
dataset/train/meningioma/Tr-me_0166.jpg,meningioma,meningioma,1,train,622644677145b5202656ca1d281cc6680c12f440a077e4af7f5e85493a1b890f,4d1f172b0f2f0f4d,
dataset/train/meningioma/Tr-me_0170.jpg,meningioma,meningioma,1,train,bc8b26c6d0fde2bf13efd69f6fda7ac1a104c4eea4925ebb171ae732e0cc5b41,334f171737174d33,
dataset/train/meningioma/Tr-me_0171.jpg,meningioma,meningioma,1,train,4ce9a3a42d463c0dcfd3261df9ead9b69aa7b81a61cdbf78fe4202f87943beac,2f2b134d1f330f4d,
dataset/train/meningioma/Tr-me_0172.jpg,meningioma,meningioma,1,train,22ecfaf808e45d64b08fd640bbdca95004018d6ee5c7433fa53f26faf39a8039,2f2b2b4f1f0b0f4d,
dataset/train/meningioma/Tr-me_0173.jpg,meningioma,meningioma,1,train,855ae8d829cd4d8f9de087dd3e9b0e923b5e44d350006dd43ba10bd174f796ea,0f33330f1f030f4d,
dataset/train/meningioma/Tr-me_0175.jpg,meningioma,meningioma,1,train,4951f7ba2e002020c835b3f50136c3249f3ae004624b35a262e65dd431d70e56,256a3a3a3bed4c2d,
dataset/train/meningioma/Tr-me_0177.jpg,meningioma,meningioma,1,train,11873a8683abe28361c6bade8af7887b5b84ff0d3e73971b9ea38f8acfea9008,075586a62a438343,
dataset/train/meningioma/Tr-me_0178.jpg,meningioma,meningioma,1,train,9caa6d599f0ac5f111c5d81e3ac9c67be237310a05cad476d63e111b31725152,175785812323250b,
dataset/train/meningioma/Tr-me_0179.jpg,meningioma,meningioma,1,train,ae8aa3c5ee2590c27b3ce8b795ee1d76d399da54bb4682fe01ea50f8fd15aac7,8f0b33171d3f3737,
dataset/train/meningioma/Tr-me_0180.jpg,meningioma,meningioma,1,train,2aa8a4fe434572ac49e227350a72c6b1bb148b4f41fe6226399b36239e01283f,070743436b2d372b,
dataset/train/meningioma/Tr-me_0181.jpg,meningioma,meningioma,1,train,2c8be230a33c267864fdce27d56db309cd612981d9bb68b2b3ce9b8f18e57c31,160f3b33734d371f,
dataset/train/meningioma/Tr-me_0182.jpg,meningioma,meningioma,1,train,6ad9d32cdae2045bb1b09e49987220483033847ecd38c2a369a63bf4fab0194c,1f63595dd171330f,
dataset/train/meningioma/Tr-me_0183.jpg,meningioma,meningioma,1,train,7e93bc227b48e72c38365bbc077e3ac58b5be977cce4a752e09df9f1402c22fb,0e1f313b4d557531,
dataset/train/meningioma/Tr-me_0184.jpg,meningioma,meningioma,1,train,c4d0ad53156cd1b77ce696394ebcf92492e1b19990e350438eac561f282a7405,0e1f2303030b1b0e,
dataset/train/meningioma/Tr-me_0187.jpg,meningioma,meningioma,1,train,1db9c81ca21c0ec3f145865ef84c439d9e3fd951b8478cef6a3a2d31a6e7c5d1,86070f0f1f173303,
dataset/train/meningioma/Tr-me_0188.jpg,meningioma,meningioma,1,train,102ec1a84a997171c48cea71d746215bea0fc31cbf51d3a6ba13bea5194b0bf3,0e16272b0b0b270e,
dataset/train/meningioma/Tr-me_0189.jpg,meningioma,meningioma,1,train,d3dc17e9beb57b30ad2dee3323cb2a7a7e893bcc0666b7938600f71decf5fb39,0e17514d4c1e2717,
dataset/train/meningioma/Tr-me_0190.jpg,meningioma,meningioma,1,train,eca47283498dca90a78adbac146a0c95a7352e944d7364f3d3f46adf4c60357d,071317575333070e,
dataset/train/meningioma/Tr-me_0191.jpg,meningioma,meningioma,1,train,820dbfd9b7449559802740a08ded8d506dbbad2abdda7293d3595bd9dcf4e746,4949b69696360669,
dataset/train/meningioma/Tr-me_0192.jpg,meningioma,meningioma,1,train,e4fcd381c28ede0f3199c3968f487571669726be146fe0ff4daa2a6716858a8a,962b178e8c8ad631,
dataset/train/meningioma/Tr-me_0193.jpg,meningioma,meningioma,1,train,37f56b108bf51b46843a02ee76d310daebdf2d9fcbbd0d8554514689203b7d90,0e1775890b23030f,
dataset/train/meningioma/Tr-me_0197.jpg,meningioma,meningioma,1,train,dcdedbce322da66be987e07d9595a8ed0f27df8ab9c06e450299c87caf20ead7,0b41aaa292d45513,
dataset/train/meningioma/Tr-me_0198.jpg,meningioma,meningioma,1,train,96c69ebadfc6c5a736937c6bdf11983ebf111d0cd9f738b1c1aafa96dc61f551,0e2b717274792f8f,
dataset/train/meningioma/Tr-me_0199.jpg,meningioma,meningioma,1,train,faf979dc936e8bdda191a2af8b4790136ff54f4e9a3319ffaa9f06a3c8216b17,cc0e2b4d4d0f3786,
dataset/train/meningioma/Tr-me_0200.jpg,meningioma,meningioma,1,train,80dc72314701e8e722242e0e012c4c67f3a6d38b61138a9a01e251ae779190a4,0f373333131f1d2b,
dataset/train/meningioma/Tr-me_0201.jpg,meningioma,meningioma,1,train,9c8572b3fb29d4a2467cdd2a8ef06efadb3430358234296b9e3e9fd6d8b31a0f,8e331f1f55b0b69e,
dataset/train/meningioma/Tr-me_0202.jpg,meningioma,meningioma,1,train,8014da7bd1038ca29824ab595a45f36d1bf1316872250c8c3110a05c74ac0d3b,3b59ba3eb694aaf0,
dataset/train/meningioma/Tr-me_0203.jpg,meningioma,meningioma,1,train,704920b952a5b39458c8878301a01e0a109fbdd81f06c502346f6c03913de5ca,8e3355963236d439,
dataset/train/meningioma/Tr-me_0204.jpg,meningioma,meningioma,1,train,a70f40c8cfc4a3811c80f6f00cc80d890c602ccdd5cb610c4e77db115e2195c1,070705152531371d,
dataset/train/meningioma/Tr-me_0205.jpg,meningioma,meningioma,1,train,8fa0f1b0bad36d5bd71216ede76d56161464a390dd2600b0b1cbb81038188c39,256a3a3a3bed4c2d,
dataset/train/meningioma/Tr-me_0206.jpg,meningioma,meningioma,1,train,d91ae0e0d1f99015ce544e9428ed73985c5aaa9fa4a189039c114b41e83ae67b,8711272713190b0b,
dataset/train/meningioma/Tr-me_0207.jpg,meningioma,meningioma,1,train,bdcb36433384ba17ee22c69a3e4f9149b20b69ecd85dd272a80dda704aff0aa8,0e0f0f173333330e,
dataset/train/meningioma/Tr-me_0208.jpg,meningioma,meningioma,1,train,32e43c129cf6fef5fecb82419213685e652d4dbc524f7c7f9d11c42b91c28fa9,0f0f0f4d7969292d,
dataset/train/meningioma/Tr-me_0209.jpg,meningioma,meningioma,1,train,556f561ec1c7743e7a8dfec5de7d34c0ab28e60352c21c677b2bb7354baeff1f,161b1d310f8d0f0e,
dataset/train/meningioma/Tr-me_0212.jpg,meningioma,meningioma,1,train,f260fc621e5ae555a5eaaab2dcb29d491386a3849191b0ff9556bdf18a5ada76,080e163333330e0c,
dataset/train/meningioma/Tr-me_0213.jpg,meningioma,meningioma,1,train,b27ac167c8160d312a57ec533957914bb1a29c2ebd1b6670449cd8ddbe987e2e,0e0e1f3707070f0c,
dataset/train/meningioma/Tr-me_0214.jpg,meningioma,meningioma,1,train,7ae82ad05ee2fd7dc4d6ee5f4793ac4fc8c416bba68b698a2df7d59d76b1cd2b,0c3333533171070e,
dataset/train/meningioma/Tr-me_0216.jpg,meningioma,meningioma,1,train,df42fa96f4e750ec67b95889f912770e0408328899912b9497691c99e3fb63c3,061f1d1d1d492716,
dataset/train/meningioma/Tr-me_0217.jpg,meningioma,meningioma,1,train,7cfaba22355b770b309b9e019fb8a86ad4e3f22f16c00b6c003940435bb8a913,1f0f4dd6964d690f,
dataset/train/meningioma/Tr-me_0218.jpg,meningioma,meningioma,1,train,4dee52eb749d6ef80648eb84b951b084a60543ad6e60e878bfb8c5d5dcfab4bd,1f7d27a7676f1b1b,
dataset/train/meningioma/Tr-me_0219.jpg,meningioma,meningioma,1,train,c4eae93e7fb065a8f96e0c916bced76f23e218331d5c540451200114f1dc4084,0e1f2313030b1b0e,
dataset/train/meningioma/Tr-me_0220.jpg,meningioma,meningioma,1,train,eb9fb089c64c264e1b69fa99df94d15eaeea7fe1e1abf02067a54bb2c7831900,0e1f313b4d557533,
dataset/train/meningioma/Tr-me_0221.jpg,meningioma,meningioma,1,train,45938b1b529e1075b171d940aabb0388b4f863984ab96af7879025f0b31a668c,0e2707170fcc5771,
dataset/train/meningioma/Tr-me_0224.jpg,meningioma,meningioma,1,train,fad1650afc5dc5512c9215f9f48dc1008498bba45510289e6df9922b120dcae7,0f2151542d69bb31,
dataset/train/meningioma/Tr-me_0225.jpg,meningioma,meningioma,1,train,c22c1029b1f5d3b96679b64527073e0b5f575d492094578a9eff022649af84ec,0e134d4d75705d31,
dataset/train/meningioma/Tr-me_0227.jpg,meningioma,meningioma,1,train,09b9031e30e757eb6e648686f0ca412357e86895ebbc52d300d2d0a9305fd417,4c1f2327172b074d,
dataset/train/meningioma/Tr-me_0228.jpg,meningioma,meningioma,1,train,7efcd87636c28a674f2abf3bc6255eb1e786c12f40e794e4a3292c7381be4f66,1e1b173333154b2b,
dataset/train/meningioma/Tr-me_0229.jpg,meningioma,meningioma,1,train,589c2d7cc54da48a6870686143589d963f0c4d9da3d44c884ae61969f4239780,0f0f07370f471717,
dataset/train/meningioma/Tr-me_0230.jpg,meningioma,meningioma,1,train,7aed0c5305f66cb3c67a0d617ef6e73e3f965cff91bedcc3bc074fba768d152e,0f4d59f0f48c8eb2,
dataset/train/meningioma/Tr-me_0231.jpg,meningioma,meningioma,1,train,e43e01934b68943651419d25cae4ccea04db2678db91b0e6a257c54732f920f8,8e073733234d5517,
dataset/train/meningioma/Tr-me_0232.jpg,meningioma,meningioma,1,train,edaff90338db46c64d17412392dc68cd9493db0ebc3211c51a93021baa25ef09,d087071901435d3d,
dataset/train/meningioma/Tr-me_0233.jpg,meningioma,meningioma,1,train,ad80fb721b5d5ee5b77ff2e29e3473a54db92a5004c7de810fe1353e89a65d33,0e2707170fcc5771,
dataset/train/meningioma/Tr-me_0234.jpg,meningioma,meningioma,1,train,b6004e9d2015cbe1793941034ee633464ae0b57b9d91f01fdd1581640330a86d,0f0f0b333b991527,
dataset/train/meningioma/Tr-me_0237.jpg,meningioma,meningioma,1,train,f17a463d83cc7fa4f2608f3791009e6bc87d73118755ed6043adaa054d94b695,071b1537151b4326,
dataset/train/meningioma/Tr-me_0238.jpg,meningioma,meningioma,1,train,09b9031e30e757eb6e648686f0ca412357e86895ebbc52d300d2d0a9305fd417,4c1f2327172b074d,
dataset/train/meningioma/Tr-me_0239.jpg,meningioma,meningioma,1,train,e06cbd846ceb5fc12ef5b7407d421fe2ed2641de68cdfc6ba64ea4bfa85d8fcc,83151a1a22691b33,
dataset/train/meningioma/Tr-me_0240.jpg,meningioma,meningioma,1,train,ad57597d0f3bc65e1fded17bfb078bce687e28339b5d779105645145816908c0,8e1f37370f4f1717,
dataset/train/meningioma/Tr-me_0241.jpg,meningioma,meningioma,1,train,8ae6b462e807908c4ee9ed56dfedef1c5e0151e543d820be29803cd56e4c38ba,8f1f173737351b0f,
dataset/train/meningioma/Tr-me_0242.jpg,meningioma,meningioma,1,train,3dda830ebaa3389847012b51952891707f147df53645461c849dda635a9bb3dc,0e1f1d4d70342c39,
dataset/train/meningioma/Tr-me_0243.jpg,meningioma,meningioma,1,train,51354c7bdca6dd0d7a03ed215d768df8ab0db7f7831226e3b90af30e5863bc8d,0e1713174d0d3333,
dataset/train/meningioma/Tr-me_0244.jpg,meningioma,meningioma,1,train,0fb56074c33854864a2e00a4ffff662efcff4cbdd2970cbcb29963d05a1c1ad7,8e1b4f4d454d5537,
dataset/train/meningioma/Tr-me_0245.jpg,meningioma,meningioma,1,train,0c7d71051f276819c1811d2cd311f32cf8c4618939f1f31bc7f64fb417950dbf,1f1b532733174b2e,
dataset/train/meningioma/Tr-me_0246.jpg,meningioma,meningioma,1,train,ce8b974baddb2dc8bac4115b3f5c9c3006cd7a0134c3722906ef5c08d3294150,86070f0f1f173303,
dataset/train/meningioma/Tr-me_0247.jpg,meningioma,meningioma,1,train,fcfe7634ac373c6839916f9cce74ce6369249bd96bd55aa3ae3d0050d2119410,5d1753537773b2b2,
dataset/train/meningioma/Tr-me_0248.jpg,meningioma,meningioma,1,train,1f8de2ac3bde04fbeeafe1d774b248297d76d5e9721408c96e9892d5a3acc218,4d0f3727170b0f4d,
dataset/train/meningioma/Tr-me_0250.jpg,meningioma,meningioma,1,train,62de21ad35edc274140c0f364d02f6e9117af8dc98e56e344bce8b219657197b,1f33312d4d7b3b0e,
dataset/train/meningioma/Tr-me_0253.jpg,meningioma,meningioma,1,train,5cf790ecbaf61047d2be14e69a561ed21192a69336555ddd0180096f75feb074,870f0f172b0f0f07,
dataset/train/meningioma/Tr-me_0254.jpg,meningioma,meningioma,1,train,0393684019b077c8ca1612bffafae672b08a84ed5e66d5290eb93d541a9face9,0f0f0f4d7969292d,
dataset/train/meningioma/Tr-me_0255.jpg,meningioma,meningioma,1,train,6dd5943d1831c3b133d5e8cbe5a3f87087256db4ac6af3e8878df2a0255efc87,0e0f0f1717333307,
dataset/train/meningioma/Tr-me_0256.jpg,meningioma,meningioma,1,train,ac3b5057b4ed5d49532b1a442243bdb6cc9e5ccf417421c0a0fbf7478a50c504,1e3373e763392f0e,
dataset/train/meningioma/Tr-me_0257.jpg,meningioma,meningioma,1,train,4c3af3bbaa0e4fef239bd973509aeda877af2ba720a3d469a1d5438a9e55a910,8f971f3b23062d8f,
dataset/train/meningioma/Tr-me_0258.jpg,meningioma,meningioma,1,train,18f69cb88362d858b70ef6e119ad2676bb82a0e5e4103352949fc6ee8a2d9b8d,0f2759514d455555,
dataset/train/meningioma/Tr-me_0259.jpg,meningioma,meningioma,1,train,2675eef8145df6693b593880acefd680b77d1fdb3d719ed36fc478f54baea924,0c0f07070307078e,
dataset/train/meningioma/Tr-me_0260.jpg,meningioma,meningioma,1,train,c8f4e6c756ce13736de8efe827079034e0265bd4dc9379f194c819c90dee49e1,4603230b05657111,
dataset/train/meningioma/Tr-me_0261.jpg,meningioma,meningioma,1,train,699fa8d35abf23b9730f03bf92107d3414ce08bd874546a16825a3d5c4724f0c,4949b69696b64d2b,
dataset/train/meningioma/Tr-me_0262.jpg,meningioma,meningioma,1,train,2f8546e485b635df17caf0595ffc29c1db3d87aaddc2681b8d6b6caa85ffd515,335db6ce8d9b9d71,
dataset/train/meningioma/Tr-me_0265.jpg,meningioma,meningioma,1,train,49e13da805572838ee86f2e79b5bd620bf5d1284c62b70cc96599aeb01f115ff,5533319486a3036d,
dataset/train/meningioma/Tr-me_0266.jpg,meningioma,meningioma,1,train,301c9f4242d3f7208d7099e307f6de9865b31d6b9d6d71a76e52344e9b84e90e,17330d0f8624690f,
dataset/train/meningioma/Tr-me_0267.jpg,meningioma,meningioma,1,train,5186f1029b7a4afa09dd8160cc196617d6950e8230e164e73598263736be95b2,361717173f3f1f1e,
dataset/train/meningioma/Tr-me_0269.jpg,meningioma,meningioma,1,train,dee85e5dfd7054c5ddfc6f1128456d43043f6ddf422324f115819401a8ae92cd,0f3733250f2b0f4d,
dataset/train/meningioma/Tr-me_0272.jpg,meningioma,meningioma,1,train,e6ca19cc14a4c5dfaee656165c5b8c93608ab5adb96c354b15fec32fd3249857,86070f0f1f173303,
dataset/train/meningioma/Tr-me_0273.jpg,meningioma,meningioma,1,train,f9d94f5dbe03a80e7725fbfd4927ef965bf852983da2497e40addfab16c94a3e,8f0b33571d3f3737,
dataset/train/meningioma/Tr-me_0274.jpg,meningioma,meningioma,1,train,9ef07d315f8bb789b47f544050569f2b3403ccfe603daf97f037b46f691a28d1,33154dccb232410f,
dataset/train/meningioma/Tr-me_0275.jpg,meningioma,meningioma,1,train,e29bcad3a9669e308de687b578cb0b414b4fd17020fc63b1f350b06026337139,1357d5912331050b,
dataset/train/meningioma/Tr-me_0276.jpg,meningioma,meningioma,1,train,f1871bee9eb8abe560678ed1f1242f4b1e92dc78b99b183e9ac69ad7f147f8f4,172b3f373707071e,
dataset/train/meningioma/Tr-me_0278.jpg,meningioma,meningioma,1,train,20b8d58afcccf5666c37e7daed3ebbbcd71665ee7f87b4d3ca502705beb7e1e4,16333f3b3b0b171e,
dataset/train/meningioma/Tr-me_0279.jpg,meningioma,meningioma,1,train,8a78218d3ea57c7e537c14609d48154a1cee9748243fff43f287db8c1957d11f,000c162e2f261600,
dataset/train/meningioma/Tr-me_0280.jpg,meningioma,meningioma,1,train,e0a8bcae6fd316882e5ef3545fa8445cb9c60c6c038668b0821e9e50d3de307a,0f1733270f2b0f4d,
dataset/train/meningioma/Tr-me_0281.jpg,meningioma,meningioma,1,train,4951f7ba2e002020c835b3f50136c3249f3ae004624b35a262e65dd431d70e56,256a3a3a3bed4c2d,
dataset/train/meningioma/Tr-me_0283.jpg,meningioma,meningioma,1,train,f3d00bbb942117c2fb62466414d3c466ca283b678200fe87424e4128b80b2dba,0e1f171333171f8e,
dataset/train/meningioma/Tr-me_0284.jpg,meningioma,meningioma,1,train,319187cdcce4bab2a76e9ac211fb3d8405bc2e5ecf675a0efea1f7246f25a3ab,0f17332f17330f4d,
dataset/train/meningioma/Tr-me_0285.jpg,meningioma,meningioma,1,train,c05fcc3657c8950f588e6e56d34a278b3e03e283225f08217c21ec4f12063a64,230d1f0f0f2b0f0d,
dataset/train/meningioma/Tr-me_0286.jpg,meningioma,meningioma,1,train,5f3a684964a423e4d2456ef3311383bdf0ea4018609307ca3fe3be67d42a2156,230f1f0f0f2b0f4d,
dataset/train/meningioma/Tr-me_0288.jpg,meningioma,meningioma,1,train,5c86839bae4a210ce594ffab1fe86a077ef24fc878fa4ec174665532de8d3444,030b1f2f2f270f49,
dataset/train/meningioma/Tr-me_0289.jpg,meningioma,meningioma,1,train,6fd6103f52741a38cc0d1b00fd62ffeca449078cc870b5044f4221bf26f0738f,032b0d172e160f61,
dataset/train/meningioma/Tr-me_0290.jpg,meningioma,meningioma,1,train,b71b6f94366c4488fd626abcd87e2786084157b4a99cffdc90aadf01b7e93414,1f172b0f17270f4d,
dataset/train/meningioma/Tr-me_0291.jpg,meningioma,meningioma,1,train,f4a9139e93bf925cfde66d30a5da4b6e709e95c97fe3938080f2bf0942b2aec2,07172b0f17170f4d,
dataset/train/meningioma/Tr-me_0293.jpg,meningioma,meningioma,1,train,345457dd048fcd7ff0ad0feb1acf999e5d02c686f5dd0c22ba82052a95043c5d,07172b0f17230f4d,
dataset/train/meningioma/Tr-me_0294.jpg,meningioma,meningioma,1,train,8dc3370399c3acbda2cd0997ca79b1f63bc2e3712de382a536d6c377ea024ac4,290f17170f0b074f,
dataset/train/meningioma/Tr-me_0295.jpg,meningioma,meningioma,1,train,afd3f09fbc49f3cef7c7647498d43c5ebcd993fade62be7ffd90f182d5ae95b8,490f17170f2f074f,
dataset/train/meningioma/Tr-me_0296.jpg,meningioma,meningioma,1,train,afb11d657c31cd964d904585a6b1d00e4a5a6c24f60c762b16f5f0ef3448bf74,290f1f132f2b074f,
dataset/train/meningioma/Tr-me_0298.jpg,meningioma,meningioma,1,train,1a37e4a415c3d56fdf0106ede96962c86ae14e94aa3e51e65bd09c00d4e53c1c,510f1327273b0f0e,
dataset/train/meningioma/Tr-me_0299.jpg,meningioma,meningioma,1,train,8ebbba2d110a4c306f4c227964bf3688db27c052fb9191171854921a859ba8a6,2d0f0f07171b174d,
dataset/train/meningioma/Tr-me_0300.jpg,meningioma,meningioma,1,train,0718d8733a1d4a280c22be534e741fdf9bff698368d019366bfa64dc75ed3b99,210f17270f2b0f4d,
dataset/train/meningioma/Tr-me_0301.jpg,meningioma,meningioma,1,train,0157ee63732747449bb5170ef1445aa91919c887ee01c866bc24655d464dfd81,0e1f13172d07174f,
dataset/train/meningioma/Tr-me_0302.jpg,meningioma,meningioma,1,train,53a9c295c5089d539a4de4b26d0b52da431dbe6c6b040e63a905bdfb1f5f2a58,0e17131b0f0b0f0f,
dataset/train/meningioma/Tr-me_0303.jpg,meningioma,meningioma,1,train,141138c436ee1cfc6ca00fbef0a6bebb18fd9fa799992f6ddd1b99d315c107df,2b0b4d55776b2b0f,
dataset/train/meningioma/Tr-me_0304.jpg,meningioma,meningioma,1,train,cb8684939f89f31e88e071115567018ab57a5f0451ef95569a6d34ed22e7c576,0e1713132717070e,
dataset/train/meningioma/Tr-me_0305.jpg,meningioma,meningioma,1,train,17fa7362e2aac6d61219bac2f1ad9c082f12f1e50de77f08a64cd8093920aa25,0e1713132717070e,
dataset/train/meningioma/Tr-me_0306.jpg,meningioma,meningioma,1,train,df1a100dadf09a290f7a99447250b450ace656c7a36f20f9d7fe34e140f84850,4d1f131b0b2b074d,
dataset/train/meningioma/Tr-me_0307.jpg,meningioma,meningioma,1,train,19615a62739441a672a977831f8882d6a661287e3fc0e1a267941b9986b921c7,4d16332b0f2b174d,
dataset/train/meningioma/Tr-me_0308.jpg,meningioma,meningioma,1,train,d5cc54cc9f32b0114516b55a5d62e3900f586cd71bd17912a82be745092b71cd,0e17376933172b0f,
dataset/train/meningioma/Tr-me_0310.jpg,meningioma,meningioma,1,train,afd2334a13bce212dd22ac3ab2bb662a2e334d470ecf02152b09b3862aa3c791,0e17176b3115270f,
dataset/train/meningioma/Tr-me_0312.jpg,meningioma,meningioma,1,train,a6069f1603466549c1e6e80a46bd6c632b97a9f5064cfd6ee0e5f6f81f32a01d,0e1727493331230f,
dataset/train/meningioma/Tr-me_0313.jpg,meningioma,meningioma,1,train,01338ffff1ed97698465eef56832b6f1b0c5dee1ca29c5bdee6170e0407ae3de,06372b4d1731370f,
dataset/train/meningioma/Tr-me_0314.jpg,meningioma,meningioma,1,train,3e4fe94fcd8a70b5c029f7ea855604275ce818be383392b41ed37fb578678598,0f0f0f0f17170f4d,
dataset/train/meningioma/Tr-me_0315.jpg,meningioma,meningioma,1,train,880e240e5625961a1ad9aaf92b625df6038c6a67a9a09827aa8a7e8a5a4d1ea1,0e23230d052f1307,
dataset/train/meningioma/Tr-me_0316.jpg,meningioma,meningioma,1,train,70d1c1d6f78c7b6d4762de51abafcbfdedc0f35876d35af87f91076ba4d7aba0,0e133125052f2b0f,
dataset/train/meningioma/Tr-me_0318.jpg,meningioma,meningioma,1,train,0e1e504b3f86b954964d8614f13b726a96fe12a9b7a1a9712c0424f96d2e9b03,4d0f173713330f4d,
dataset/train/meningioma/Tr-me_0319.jpg,meningioma,meningioma,1,train,79d2e277c89e5f5bf0d41472b717767a86f69fd4b0c55181d5f1b4e603e61068,4d0f17372f3b0f49,
dataset/train/meningioma/Tr-me_0320.jpg,meningioma,meningioma,1,train,35e6c8e8a6a1e6b6d8691175c8ec091f759045fd73bbb9543a4fe29fe1794c1a,4d0f17172b3b0f41,
dataset/train/meningioma/Tr-me_0321.jpg,meningioma,meningioma,1,train,47211a9c0be7bd6a476d47ca82664ad929feaf5455b22701529c3d3761f8fa95,690f171b2b130f41,
dataset/train/meningioma/Tr-me_0322.jpg,meningioma,meningioma,1,train,614429ebc577e596bd9c70edfbf30670ffd407cb8522e9f7f1a974343f057ab2,4d0f0b1717330f0d,
dataset/train/meningioma/Tr-me_0323.jpg,meningioma,meningioma,1,train,0908d1a91ab0006895738ce3c18bf0ff0bfc8308cb9fd13fbd4b8e1766dbe0ea,4d0f1b1733330f0d,
dataset/train/meningioma/Tr-me_0325.jpg,meningioma,meningioma,1,train,e28edeb147e6e9347814198c4d3d87a4db27fbb3e6288829cea52effab51b445,6d0f131f13230f0d,
dataset/train/meningioma/Tr-me_0326.jpg,meningioma,meningioma,1,train,632b2be4fb34f336291dd7603e43ab5cffb2bb53de702938fda180bc6a250601,2d0f130f17230f4d,
dataset/train/meningioma/Tr-me_0327.jpg,meningioma,meningioma,1,train,88b67024fdefbff05467055188402a9036dede7e9443da9dc8474df35e4016f7,214f172f37230f4d,
dataset/train/meningioma/Tr-me_0329.jpg,meningioma,meningioma,1,train,f4a6393314cc326c2f266540389521884728c6cffbd1715d3210870e6750dbd5,210f17330f270f4d,
dataset/train/meningioma/Tr-me_0330.jpg,meningioma,meningioma,1,train,2c0d18a0a97e4908777c6cf5654d16b87da95d98e2d78eba1776c1c7d4576119,2d1f132b0f170f4d,
dataset/train/meningioma/Tr-me_0331.jpg,meningioma,meningioma,1,train,062b24144862cbad5348c5ba7afe57498134617b568ca061bdbe1b77805f1a28,334d071b2b3b0f61,
dataset/train/meningioma/Tr-me_0332.jpg,meningioma,meningioma,1,train,9f08021e07ea5ac142fb7d2383531e1a50159835d24fa5077a10516eee0865c9,230d162b2b330f49,
dataset/train/meningioma/Tr-me_0334.jpg,meningioma,meningioma,1,train,6164089941ea497137647fa51082b4d8ea3cc2f7a12566d9c3efa34d5ddb95a1,231f172f33172b0f,
dataset/train/meningioma/Tr-me_0335.jpg,meningioma,meningioma,1,train,c70dc85daacdc0227c689b1945a83b0e026425721769070db8eb664bb274b569,160f0f2b2b170b8e,
dataset/train/meningioma/Tr-me_0336.jpg,meningioma,meningioma,1,train,e060cc6d2598883149005708851865495ae39de6ba2140724a03e36da6d12573,231f0f2f5b57230f,
dataset/train/meningioma/Tr-me_0338.jpg,meningioma,meningioma,1,train,ad1b1c66b5a812fd00a091ff98966351824c49222910e91148fdee2ce35f8b1b,130f0f2f1b2b330f,
dataset/train/meningioma/Tr-me_0340.jpg,meningioma,meningioma,1,train,16976234ca11c0363dcb59caa3427e0539e418201627cef2860cef690a206c9d,4d0f17170f2b0f4d,
dataset/train/meningioma/Tr-me_0341.jpg,meningioma,meningioma,1,train,1c357c970bb419335870b61b84363ecb155cd431444058ba4895674ed76866be,4d0f17171f1b1f4d,
dataset/train/meningioma/Tr-me_0342.jpg,meningioma,meningioma,1,train,43eb7e9a031777a058078a28b13ef57e9e56c784921ea9bc6e55ae321c8fc97d,4d0f17172f1b0f4d,
dataset/train/meningioma/Tr-me_0343.jpg,meningioma,meningioma,1,train,2ed1bf065c80b3ebb1cdf12990d17b9678ed95a1d481af05d5fe16218ee2314b,4d0f171f2f230f4d,
dataset/train/meningioma/Tr-me_0344.jpg,meningioma,meningioma,1,train,aa82daf28ee1beb42beea6edd2282d9d24016efc871fd89e6fe18d1258aca874,214f172f0f2b0f4d,
dataset/train/meningioma/Tr-me_0345.jpg,meningioma,meningioma,1,train,6609b05fcb96d96be79fd4ac42e71b9b7f9dde51d75806ba5c738010bfe7a51c,234d162b2b2b0f4d,
dataset/train/meningioma/Tr-me_0347.jpg,meningioma,meningioma,1,train,ffde8c9d95515daa525cce3d7076fb9394b986feaeebe13dbef961194b276eab,0d0f170f2f3b0f0f,
dataset/train/meningioma/Tr-me_0348.jpg,meningioma,meningioma,1,train,8e265544429e2a8680e6678e4bbc97f66cbd761b24876ebcfac197e896aff74b,2d0f0f0f0b1b0f0f,
dataset/train/meningioma/Tr-me_0349.jpg,meningioma,meningioma,1,train,0ba03ab9cf461f32249891827265221c8f15b16d2fe29998f5734ba9e02f9051,290f0f0f0b1b0f4f,
dataset/train/meningioma/Tr-me_0350.jpg,meningioma,meningioma,1,train,9cddc38f5a2f142978a0dc686fa1df7431f958f3b46be5e8b905d16c7c4cd8e6,210f0f0f0f13074d,
dataset/train/meningioma/Tr-me_0351.jpg,meningioma,meningioma,1,train,1ee940507fcdf032b6b48202c8d64f0830ab5c52f78f8e88bbcc7c8d981fcac1,334d0f0f0f23074d,
dataset/train/meningioma/Tr-me_0352.jpg,meningioma,meningioma,1,train,89b8f1d3133f69388cb79c6ba2e0304cce6c0e64e86e501c6ae506b89c1f661b,334d0f0f2f2b0f4d,
dataset/train/meningioma/Tr-me_0353.jpg,meningioma,meningioma,1,train,41076a12054d0fadc265da977a34bf1e31b0dad4f2dd926237edebf0352b878d,110d0f1f2b130f6d,
dataset/train/meningioma/Tr-me_0354.jpg,meningioma,meningioma,1,train,16e985c90f1f3b171aa91240c5c71ec8e3b1ca4f0108e850386d2a2df0d063c1,490f1f1b1b3b0f4d,
dataset/train/meningioma/Tr-me_0355.jpg,meningioma,meningioma,1,train,5fe53f576bbe8a5d3fb4ee950e5c3f944e6bd0dae6c3a0276286d8e39777fb22,090f1f1b0b3b0f49,
dataset/train/meningioma/Tr-me_0357.jpg,meningioma,meningioma,1,train,c6c7b3131d20b2ffad95ed0821665cbb7ef9595b0f5c21478647a4bff22a7d15,8c0e1e1707078e8c,
dataset/train/meningioma/Tr-me_0358.jpg,meningioma,meningioma,1,train,29f768db76550147701feec1b895611e5bf285b3d7908187ce65e1c7d1609ddc,083773d3b371070e,
dataset/train/meningioma/Tr-me_0359.jpg,meningioma,meningioma,1,train,ed8a4acdf797b274e59a042572b213245546466541e6ea6ec1c024ef7673f3e4,971737173933178f,
dataset/train/meningioma/Tr-me_0360.jpg,meningioma,meningioma,1,train,995eefcf311b352e0f1e8855db68f9c40e8aa033f422663b715860c76aa4b1db,172b2b29474f3b0f,
dataset/train/meningioma/Tr-me_0361.jpg,meningioma,meningioma,1,train,83735858f1eab8d6c30043b9920133305bb4f6e2899c172f346f4cae98c878e7,8e0b3331270b031f,
dataset/train/meningioma/Tr-me_0362.jpg,meningioma,meningioma,1,train,7d39842353a737627f4d47ba9e14c3b18438eb271209597cb48ba493640243b5,1f792727456fbbb3,
dataset/train/meningioma/Tr-me_0363.jpg,meningioma,meningioma,1,train,a47bcad5ac91f50b2fb3590b03fd0e575cc10f3a0c06c1d35a61f397b6efaf39,1f0b4dd4944d2b0f,
dataset/train/meningioma/Tr-me_0364.jpg,meningioma,meningioma,1,train,b7e81c22bf6e933905cee1abef434f59f4f597b36e290ed1952c8adf3e23652b,8e376161696d291b,
dataset/train/meningioma/Tr-me_0365.jpg,meningioma,meningioma,1,train,457fb9e8f89362f5ac7a4e6a869d55ca53e1cf3a40ca9a37e830d6475ebac5b7,0c0e1e3707070e0c,
dataset/train/meningioma/Tr-me_0367.jpg,meningioma,meningioma,1,train,23f28ae3e7fa2f1560f4d1a399198490c4516ca9e5c9e8e54cc54494adc26b22,1b5794112331854b,
dataset/train/meningioma/Tr-me_0368.jpg,meningioma,meningioma,1,train,d38c8660982ec2f35b1f83a9c71684e8e10b20d0ab78863b1e9704252cad1a90,610e171f2b2b9306,
dataset/train/meningioma/Tr-me_0369.jpg,meningioma,meningioma,1,train,37b1edb1ea5c53ff3ce43fa446c0f98002680ad48039675714f22bdd87f7dcef,4d0f37173b37172e,
dataset/train/meningioma/Tr-me_0370.jpg,meningioma,meningioma,1,train,f55d3ff4051884490d6706a546adf897e5a8292031768aeb22a1c35d6ec28401,480f170b3323160f,
dataset/train/meningioma/Tr-me_0371.jpg,meningioma,meningioma,1,train,86c9a8bb0fcdb1bb09bed65acf42001fb7e1cada3b70dd2fe1403e0d7c744615,0c1733171f5f3737,
dataset/train/meningioma/Tr-me_0372.jpg,meningioma,meningioma,1,train,8feb59bec50cc92d714f81222f6ab98f645ddf560e65e2fa74f9e998f2ea8572,0c1733171f5f3726,
dataset/train/meningioma/Tr-me_0373.jpg,meningioma,meningioma,1,train,b224ed7be94644e12c33893d9be14efac4d5fa9c6b478e87fd914a7c3a92aa4a,4c17333737170f0e,
dataset/train/meningioma/Tr-me_0374.jpg,meningioma,meningioma,1,train,12b61dd024345a4bcee5e33ecb45aa48c41a4ce8b348deb0da8cff97fba5e61e,4c173327071f0b0e,
dataset/train/meningioma/Tr-me_0376.jpg,meningioma,meningioma,1,train,8e0875123f43eca1fe354256ce7b2715fd4f82c182c293446e04bbe30d0e96c6,490f171b33171f37,
dataset/train/meningioma/Tr-me_0377.jpg,meningioma,meningioma,1,train,82a9fe8cc14bea6a6c4984f557d6800c1727d5d074e0b22cd76315d08627623e,4c0e171b13331f37,
dataset/train/meningioma/Tr-me_0378.jpg,meningioma,meningioma,1,train,fab1c6e30985e4b80257a14fca1ac8dbea8d66fc24e86e986dd9a5ce32865b9c,4d0f171713131717,
dataset/train/meningioma/Tr-me_0379.jpg,meningioma,meningioma,1,train,5389b72dc6fc0a43d7d2d607621cdfc4a24b1f776918bd7f98c9043fa1646d96,4c0f13171b13171f,
dataset/train/meningioma/Tr-me_0380.jpg,meningioma,meningioma,1,train,93a479b740226571b3742dd30fb19a76a1c5f8df4f4bacd2a178b3858a84ff5f,4d0f37372b37270e,
dataset/train/meningioma/Tr-me_0381.jpg,meningioma,meningioma,1,train,ddb90b3226855dd3dcc8f76ad2882b7943d9f28c1e9db0218ec77c5f9a50ae1f,4c1f131717373337,
dataset/train/meningioma/Tr-me_0382.jpg,meningioma,meningioma,1,train,aaa700054b435ee1aff1a66905048eef7d2c50d03a809097ddde09af4a0daab1,4d073b0b0f0b1396,
dataset/train/meningioma/Tr-me_0384.jpg,meningioma,meningioma,1,train,678fad2e057952769a28d244b79d80a4fb0c7304c0729f20119ac56977335eff,4d07331b07171716,
dataset/train/meningioma/Tr-me_0386.jpg,meningioma,meningioma,1,train,abcc14e8036ddacc88c09e967431135c0fc36e0ff1f9a77c2b31f4c088756b24,4d06333b0f161696,
dataset/train/meningioma/Tr-me_0387.jpg,meningioma,meningioma,1,train,9245b1f26519e3644e028e9e1b0841ffdb2352037d7fc64750cb9746f6a78b3b,4d0f372f2b160697,
dataset/train/meningioma/Tr-me_0390.jpg,meningioma,meningioma,1,train,714dcba1b29d9fd488bf49b83e7c60af8400c2d6209269d5af9fda14cb5f20e9,610d0f173333172b,
dataset/train/meningioma/Tr-me_0391.jpg,meningioma,meningioma,1,train,e24e3035ac225092a30a9fd0e9c3a2445db45a4fef4cfd709e92886f9c80dba9,4d0f37372b33170e,
dataset/train/meningioma/Tr-me_0392.jpg,meningioma,meningioma,1,train,02bcfe2db34e22a055a6a8f81b40b2ba1f96870b34afa91799e76ad7fee33d07,610f0f171b13132b,
dataset/train/meningioma/Tr-me_0393.jpg,meningioma,meningioma,1,train,fccafde850490fe103983f0f1fdb9dd1c1a2b14af837c1c6b4380b59db277d8a,490f0f0b33170f16,
dataset/train/meningioma/Tr-me_0394.jpg,meningioma,meningioma,1,train,27b8c4f81133de62508947c2aaeab75060c3f2eb706619879a1f6ddb76f8af1a,4d0f0f0f33171717,
dataset/train/meningioma/Tr-me_0395.jpg,meningioma,meningioma,1,train,3389e0f8a2a8baeaa4d709d8e0ada30c18b6b7975505b4cd8156776aeb8d291e,4d0e0f1733131716,
dataset/train/meningioma/Tr-me_0396.jpg,meningioma,meningioma,1,train,c1d4e7f3d446c8c4bbd02a5c4c848431aa42e9a7cc81ab1bff0ba99a45fa209a,4d0f2f171b1b3716,
dataset/train/meningioma/Tr-me_0397.jpg,meningioma,meningioma,1,train,7b845476e04cf31b3bcd9e37f9a842b05c641b282616b61d045cba505838cecd,4d173717134b1337,
dataset/train/meningioma/Tr-me_0398.jpg,meningioma,meningioma,1,train,9f3ef4c881abb5359713cf190cfd94eb9479acf863bc5331c6c7d7dda53dea5f,4c1733170f173317,
dataset/train/meningioma/Tr-me_0402.jpg,meningioma,meningioma,1,train,b59d01fe0c847a7647f905d8a7e4efca2cba06d0bca161540334ee600f400723,4d060b330f131317,
dataset/train/meningioma/Tr-me_0403.jpg,meningioma,meningioma,1,train,c5d685209c7bcf9ae04c9aabe88c23c1c455f94682b48fdd24c61f72eb7eb10e,8c0f0f154d51554d,
dataset/train/meningioma/Tr-me_0405.jpg,meningioma,meningioma,1,train,ae56d608be7db53a8289c0e66f78fb978572c71d54255c266337d086a46204da,8e3717155d5d554d,
dataset/train/meningioma/Tr-me_0406.jpg,meningioma,meningioma,1,train,a3acd2c91b58b3838d09b1a86aeaeaad1ee82f1b7f6b50b630dafc18082d27cb,8e335717554d5555,
dataset/train/meningioma/Tr-me_0408.jpg,meningioma,meningioma,1,train,5159420406428d43ccccc0a951c2673dec88e7b6ebb629dc427214066d5decac,0e1313174d173333,
dataset/train/meningioma/Tr-me_0409.jpg,meningioma,meningioma,1,train,1bc3bfd538c294c77249266cd81c2d02f496dc0926762d8857d5229719962f7a,0e330b134f172b2b,
dataset/train/meningioma/Tr-me_0410.jpg,meningioma,meningioma,1,train,ece5885a02c4d35c2e4034f57689e1c1086c080760f01d566efbf7fa6c2c2206,8e330b130f172b2b,
dataset/train/meningioma/Tr-me_0412.jpg,meningioma,meningioma,1,train,95ce3ff4f8aa2904399f9a289455987541f7a02082565a807db04494fde56ab5,0d171f3333171b16,
dataset/train/meningioma/Tr-me_0413.jpg,meningioma,meningioma,1,train,ad6994aed62e0573264c2bea298236f03dc33defffcfbc146e461fead73aeaf5,4c0e0b330f13130f,
dataset/train/meningioma/Tr-me_0415.jpg,meningioma,meningioma,1,train,22fb98f697d09c353349e62d35ea9b8ae94b62252818d709024540eaf1d3e098,8e17173717370f0e,
dataset/train/meningioma/Tr-me_0416.jpg,meningioma,meningioma,1,train,73a0e5d8b81640305ec22876b3f18a60ff60332fd2d9099c516307a834835ad1,690e0f1733371736,
dataset/train/meningioma/Tr-me_0418.jpg,meningioma,meningioma,1,train,e0d358db25462ed2907061e77a1215ab5ef2b9d490552173ab5fbd89a5fa6fcd,4d0f0b173313170f,
dataset/train/meningioma/Tr-me_0419.jpg,meningioma,meningioma,1,train,1434e15d6bb08099f3610f5a96f92ba8a0627576f6f683c4d7090b3b20ed3542,4d0f0b172b2b170f,
dataset/train/meningioma/Tr-me_0421.jpg,meningioma,meningioma,1,train,def15a98c2cb158bc9be2bc12ad87de1a7d0b29863ca9351ec76c96171a93f5b,4d0f17172b2b2b8e,
dataset/train/meningioma/Tr-me_0422.jpg,meningioma,meningioma,1,train,f4ff6281db0938d3beb5a0ac4da533923b8dc1fe67345ad21ac7de050befd3a5,4d0e1f373b3b2b86,
dataset/train/meningioma/Tr-me_0423.jpg,meningioma,meningioma,1,train,a51333fd02577a4381cf1d0fd80c3f32139f26bcae1cbbdb920a44ae1d5dd9cf,4d1e373313170b16,
dataset/train/meningioma/Tr-me_0424.jpg,meningioma,meningioma,1,train,73faf0b94ede11fe0f99646e0d014e54ac1b079a1ba82f8f4cfc2ca1642e8a0c,480e0b2b2b2b8b1b,
dataset/train/meningioma/Tr-me_0425.jpg,meningioma,meningioma,1,train,03fe6e13a5a4204af20290f52deb08009caf10679b24bca5d2035e60576676a9,0d1f233333371f16,
dataset/train/meningioma/Tr-me_0426.jpg,meningioma,meningioma,1,train,0317674510cace344324c4c809728972c43f76a9502c52e21788672e20c96377,490f3b2b2b130e8e,
dataset/train/meningioma/Tr-me_0427.jpg,meningioma,meningioma,1,train,35d3593b28f8378364770246fbf6ae57f9a57e9e0290bbf7e5b2c4602bf74b40,490f1b3b3b330e15,
dataset/train/meningioma/Tr-me_0430.jpg,meningioma,meningioma,1,train,a81372f90978c01b91193c90c28b8a856a36a54863716b8296f4cba5d736df0c,4d0f3b17330b172f,
dataset/train/meningioma/Tr-me_0431.jpg,meningioma,meningioma,1,train,a21ff77f35b0dc253b49a4663d76e42402f1003e541840eddc4c4fad0fc1b0eb,4c0f2b170b3b173f,
dataset/train/meningioma/Tr-me_0432.jpg,meningioma,meningioma,1,train,140156b5c851a9db46667f608ab1d182b2f4eb9182db56665366392d42f7334d,690f171b33072b23,
dataset/train/meningioma/Tr-me_0433.jpg,meningioma,meningioma,1,train,b484abf8aa6bd8d60ef5c13fe6e3d5a122fbd02107cafb821eda9f9f50a5a8ad,490e173333172b2b,
dataset/train/meningioma/Tr-me_0434.jpg,meningioma,meningioma,1,train,f8dcc0d99971ea44a352c1deba9aa4d39836ca77b61924b7a79c5a87adb5364a,4d0e17132b13072f,
dataset/train/meningioma/Tr-me_0436.jpg,meningioma,meningioma,1,train,d96f3f8465bc64c8e0d0450a32ebc5247ff1b55013ddd8f8af254fd9f26a8353,4d0f17133b171717,
dataset/train/meningioma/Tr-me_0438.jpg,meningioma,meningioma,1,train,f5905c9492f81b7728f69be3050ee4413600bb35fd534b0437b47f02b6f56866,4c172717291f1313,
dataset/train/meningioma/Tr-me_0439.jpg,meningioma,meningioma,1,train,1dfa4f364bf0005f4e2862dedf4508763cd434da2a05e4c90b165eb2fa2f7387,4c1737174f2f2b33,
dataset/train/meningioma/Tr-me_0441.jpg,meningioma,meningioma,1,train,36e7d220064252459908969663d63fc3d98b298d73b9ed521b8e8081fbd57671,400f331f17171717,
dataset/train/meningioma/Tr-me_0442.jpg,meningioma,meningioma,1,train,9feae5095fdfc732d28df5646b630a750ec7e846db237766220e9347b22332ff,400e330f33371786,
dataset/train/meningioma/Tr-me_0443.jpg,meningioma,meningioma,1,train,312317fd7c7a57f56837abd4704e67bf1d0d724114f62586e63928937a165582,4d0f0b17131f1313,
dataset/train/meningioma/Tr-me_0444.jpg,meningioma,meningioma,1,train,ddc2c278a2e132cbf159233a072920b89df7d85060571bc6168e9a50cdc20e93,4d0f0b2f2b0f3313,
dataset/train/meningioma/Tr-me_0445.jpg,meningioma,meningioma,1,train,78732e60ecb0309d30e9f404926ad9f6fc7351f003a8bcc40780463d43f9bb5c,4d0f0b2f270d332b,
dataset/train/meningioma/Tr-me_0446.jpg,meningioma,meningioma,1,train,fe9a521194f1dc36568a0a448069a0b8f37e6ed6a1fd29d06bbbed8b38c5e68a,0e1f0b1337373637,
dataset/train/meningioma/Tr-me_0447.jpg,meningioma,meningioma,1,train,316cd046e6ebd064b7d32ef81d163c961698840fa9cd4b92e290100a8a406264,4d0f0b2b13073337,
dataset/train/meningioma/Tr-me_0448.jpg,meningioma,meningioma,1,train,43f07d4414852c8f4dcfef0493bb7784824969ee3c7c4dde176c8f1db2b3b990,4d0f0b2b13171313,
dataset/train/meningioma/Tr-me_0449.jpg,meningioma,meningioma,1,train,c8f09ea8e565a6eb31aae270c9d143a0a4763abd94d279622aa4a0d918552fa2,4d0f0b2b1713170f,
dataset/train/meningioma/Tr-me_0450.jpg,meningioma,meningioma,1,train,a372d8c6924c24613af73093d77cd978330f6eac3efc17af86aa9442f941c2d0,490f0b0b1713170f,
dataset/train/meningioma/Tr-me_0451.jpg,meningioma,meningioma,1,train,be21c9e4837e8a82fffec5f29002cfb5e89b3ea5cbb87ae71132e7e3f08ca076,610f0f2b17330b8b,
dataset/train/meningioma/Tr-me_0453.jpg,meningioma,meningioma,1,train,7addc273f231f7513ae9891af275a162d32950e7df5b67ad5cff31bfabeaf8e3,6106132f132f1317,
dataset/train/meningioma/Tr-me_0454.jpg,meningioma,meningioma,1,train,c5555017b153cbd288736508e17ba410ef53bd353f35558a79651e8e7011d319,6106332f1317138b,
dataset/train/meningioma/Tr-me_0455.jpg,meningioma,meningioma,1,train,158cbb72d584bba7f017fa8ff8a636ec9779f3c96ced6a3bd80ea3e99b04e453,0e1f0b132b37262f,
dataset/train/meningioma/Tr-me_0456.jpg,meningioma,meningioma,1,train,45cc9bb8843908d6463a9748c95932ff7992bb66e946100e9f94d15cc1ae5d7d,0e1f0b072b272627,
dataset/train/meningioma/Tr-me_0457.jpg,meningioma,meningioma,1,train,94a828587922f6dc144e5afad56ea5976205805fb08b84cf66fc109180ca597b,690f131733339317,
dataset/train/meningioma/Tr-me_0458.jpg,meningioma,meningioma,1,train,c652cd9bd74119148f9e879903c653e0742a3f6c4bede5d97374b187679913dc,4d1f0b072b2e2e27,
dataset/train/meningioma/Tr-me_0459.jpg,meningioma,meningioma,1,train,dfe171570b54e9ed6268a8d8bd6878081e24b91b0c053b325e0083e72ddd5c82,4d1e1b2b2b0e9637,
dataset/train/meningioma/Tr-me_0461.jpg,meningioma,meningioma,1,train,fdc40b15da68623b83aecc6f9d1d1f085e1c6fbdb80c0d3119d6482dd70b6df7,4d0717330b330f17,
dataset/train/meningioma/Tr-me_0462.jpg,meningioma,meningioma,1,train,12ca77d5afe3b97deed68094ce4459a0aced7edc13b8f01fa5f12c1cc60de64c,4d0f17370b130f17,
dataset/train/meningioma/Tr-me_0464.jpg,meningioma,meningioma,1,train,8cb77e10bcce1bc4f45b84adc01dfa6bc28862ddaac38d6e87e37b95aab09c3e,4c162b2b1b373727,
dataset/train/meningioma/Tr-me_0466.jpg,meningioma,meningioma,1,train,7175b47dfa055e75fdc07d1a044b3f05c3112581652d11f742901a7688f33d9d,610f170b1b2e0e27,
dataset/train/meningioma/Tr-me_0467.jpg,meningioma,meningioma,1,train,86f3b8603fdb63339bfd2df603a7758017247f4c1e4855d353e8fe8632b86057,614d160e1e169617,
dataset/train/meningioma/Tr-me_0468.jpg,meningioma,meningioma,1,train,076fafe5a730191beaf7897b099de3e6376e315582c542a9b598ce8741e9c757,4c0f13514d4d3131,
dataset/train/meningioma/Tr-me_0469.jpg,meningioma,meningioma,1,train,cb82ddeb018a8f23f8859891f60ddcd15b86b2bba43ae6fd5656770eeaa2536b,8e1b13370b333737,
dataset/train/meningioma/Tr-me_0470.jpg,meningioma,meningioma,1,train,d26f37de4f6139ac174fa680e0d2e60d3afa4b1cdd5fa5d6aeb569a191db5efa,8e1f13170b2b2b27,
dataset/train/meningioma/Tr-me_0471.jpg,meningioma,meningioma,1,train,dfeb24e98e991ea78dcd424e224faaf44cfa3101809526fd996880753a97a9b9,8e1b13134f1f330f,
dataset/train/meningioma/Tr-me_0473.jpg,meningioma,meningioma,1,train,3e7091ccb68932b0a6238f3c20dc0d50c1b78a3a9458efb5cb5ba9b935fa4d25,8e1b17331f373727,
dataset/train/meningioma/Tr-me_0474.jpg,meningioma,meningioma,1,train,9205a3771d212c8d26b09159b4a8c976836e0d62ed215bdbeb8add67d070e3c7,8e1b17170f37370e,
dataset/train/meningioma/Tr-me_0475.jpg,meningioma,meningioma,1,train,6945d0818591c230af3fe1342ded9ff9e18ffd9823a084faf7eb57661a2d1bf8,8e1f17171f37160e,
dataset/train/meningioma/Tr-me_0476.jpg,meningioma,meningioma,1,train,5bc1e62f0fa5e5a017b9911749c779b37a635c244bc7ca1dff80494e01ff77dd,0e17271725331b19,
dataset/train/meningioma/Tr-me_0477.jpg,meningioma,meningioma,1,train,c674eb35607b0105546653d09514a639ac1c2b2b51fb246b1b536358c1ea5c72,4c17231707131b99,
dataset/train/meningioma/Tr-me_0478.jpg,meningioma,meningioma,1,train,a6a747bb5f6af02f154c793f8a2955176e42ab692aa6c410648cb41204fcd371,0d07171733170f0e,
dataset/train/meningioma/Tr-me_0479.jpg,meningioma,meningioma,1,train,ddcf3a6432687f262538374d8a4dfb53d167f75c14901036188d957a393566ae,4c0f13134d4d2921,
dataset/train/meningioma/Tr-me_0480.jpg,meningioma,meningioma,1,train,2cbd798454b606861b3e8bb58950be34866e68978d6fdc4253380ff703626855,0f07171733370f0f,
dataset/train/meningioma/Tr-me_0481.jpg,meningioma,meningioma,1,train,e2da667ddee25bb3f2701b8a270b06a4c01c3398350e8d9133f1d7cb42712b27,0f07173737370f0f,
dataset/train/meningioma/Tr-me_0482.jpg,meningioma,meningioma,1,train,5cbe0fabc9bfbab0317874156fa57bd6797c49871f6fd601be5abef1899b4377,0f0f17171717171e,
dataset/train/meningioma/Tr-me_0483.jpg,meningioma,meningioma,1,train,feaa4232463eb10f953924cba96966b1bb9fc82509b64bbb661f75475ebec186,0f0f171717171716,
dataset/train/meningioma/Tr-me_0484.jpg,meningioma,meningioma,1,train,b1ceda4c158540ad96c611b6fd51543ccd6998a75854f168344ef05d338c15d7,4d162b2b2b2e2e26,
dataset/train/meningioma/Tr-me_0486.jpg,meningioma,meningioma,1,train,750a74f05f1d1894077678933f5c0a191b3068153844c91131dd936fa48fe444,8e2707372b171636,
dataset/train/meningioma/Tr-me_0488.jpg,meningioma,meningioma,1,train,e8494979800b90e7046ac8933b067e8e181f2719abe7efa667c61946534b8eb0,0e272717230e0e2e,
dataset/train/meningioma/Tr-me_0489.jpg,meningioma,meningioma,1,train,dcdc758c32afed43163adc0185a4274ea09caf1a7cc5606e7fe38f522bc07296,64860b171b231343,
dataset/train/meningioma/Tr-me_0491.jpg,meningioma,meningioma,1,train,51133c845662b60de42eea0e0d5aafbc4f70a8c645755f8400eb4df3773591a4,668303171b03178f,
dataset/train/meningioma/Tr-me_0492.jpg,meningioma,meningioma,1,train,d72d10761864d0db4c9d18b312f0cb08ee026d99d15ba6aebf750b3214a37051,468b270f190b078d,
dataset/train/meningioma/Tr-me_0493.jpg,meningioma,meningioma,1,train,9ea44414ffff40ebd9ef6313a0faa443f015ed7d14a5aea3187a6cf708ae1524,468b270f292b2b0d,
dataset/train/meningioma/Tr-me_0494.jpg,meningioma,meningioma,1,train,7f96b45e9a1f02f10945ff381f69e82c6dfa004bb1c15babd6e32d3c592626ae,468b071b0d2b0305,
dataset/train/meningioma/Tr-me_0495.jpg,meningioma,meningioma,1,train,859c55997bfb3a4e82e06ca5a5ef8842998a950ad69db70ff944dc9d25676d2c,468b071f0d2b0b05,
dataset/train/meningioma/Tr-me_0496.jpg,meningioma,meningioma,1,train,0911dac27f8c64bebede559ae3c41cc91c245d50afbe8c0e090b7f7b8ae1eb4b,0713374d4d732323,
dataset/train/meningioma/Tr-me_0497.jpg,meningioma,meningioma,1,train,fc7ecf8e50efc626b32cdca4269ac034b2124627f312e36f03d217d3c46fdccd,c71731213b1f1f3b,
dataset/train/meningioma/Tr-me_0498.jpg,meningioma,meningioma,1,train,51a3d200ffc686c218920be8714ced3854858bf9e8f4a0849d3367ff16b20a0c,c7173511313b1773,
dataset/train/meningioma/Tr-me_0499.jpg,meningioma,meningioma,1,train,8218ce15df7acc708b13b74a3f97a2aeb49b7274e520d2789f822672e586a91e,468705133155571e,
dataset/train/meningioma/Tr-me_0500.jpg,meningioma,meningioma,1,train,2cd9b7605a9c3821765a7225e94a6d2ffcac5087044a6e63b442db9294ba839a,c687051b3155173f,
dataset/train/meningioma/Tr-me_0502.jpg,meningioma,meningioma,1,train,aaba744274441323ef45a98f7663b4cf5d33a925942e018745e56009efe3a2de,c607091b615d373f,
dataset/train/meningioma/Tr-me_0504.jpg,meningioma,meningioma,1,train,1957e555c80d35490e6d86481c8850fe4cd113947e7ea46b97cdd4afba6990e9,60860f0d093b3336,
dataset/train/meningioma/Tr-me_0505.jpg,meningioma,meningioma,1,train,f3dea2b9dca650c21e73ec616f66a6ea251c5417c6f34c133e165c2e3f231803,60860f0d1b1b3336,
dataset/train/meningioma/Tr-me_0507.jpg,meningioma,meningioma,1,train,5c9c2d19a5a4b1944d8b4d357a8525b7b290fcd137f10a034fb7958038f8f000,46873b05311b171e,
dataset/train/meningioma/Tr-me_0508.jpg,meningioma,meningioma,1,train,7153f853e0b122e0aca51abdcfbf19044b8f113a554d6d41d85fc6177ef5567a,46873b05192b2b36,
dataset/train/meningioma/Tr-me_0509.jpg,meningioma,meningioma,1,train,9f86713f1d57b1a3a94f480e53f5184f46f5891e0844ac804b1730b586508095,871305192d2b1317,
dataset/train/meningioma/Tr-me_0510.jpg,meningioma,meningioma,1,train,142058ff7c9b643eb1cee4f012de981db0883f44308e5863b9821975d96529cf,87130515292b1313,
dataset/train/meningioma/Tr-me_0511.jpg,meningioma,meningioma,1,train,055e3d6a3fc9cabbf9ae22b9f9fd2fc669dc22161962a22256bf41a37d35102d,871305192d2b1313,
dataset/train/meningioma/Tr-me_0512.jpg,meningioma,meningioma,1,train,9939205cb6581f00cd7bb1eb62c8646f55af90ffc209b98fc12a8cbd541d03be,610f1717372b2b16,
dataset/train/meningioma/Tr-me_0513.jpg,meningioma,meningioma,1,train,e9bf8b4a2ba692fb679624b620db7aeba28c04c30d22e049c00773985fb4b982,86030519253b1317,
dataset/train/meningioma/Tr-me_0514.jpg,meningioma,meningioma,1,train,8fe41f7d5c06de536979dc0d092f6f74f9ebdea2cce9ac43c20043e41abb6c42,871b3525211b0307,
dataset/train/meningioma/Tr-me_0515.jpg,meningioma,meningioma,1,train,c2d05ab1e5004bb89eeb504142bde7ed21daaa386c9dac17f8f9a21d91f2ec89,871b252525231b13,
dataset/train/meningioma/Tr-me_0516.jpg,meningioma,meningioma,1,train,f8aa9e771916ef7e435563be132a6197be6f4b58e13c685a8a61d13486dcf4b1,871b253535331b13,
dataset/train/meningioma/Tr-me_0517.jpg,meningioma,meningioma,1,train,0471a53479c15eb66eddcebf9bc3100c13334f532215415b6807c59fc53e4bf0,871b252521330303,
dataset/train/meningioma/Tr-me_0518.jpg,meningioma,meningioma,1,train,f663b45de8dd793feb19cf515856095040acb9b8c8b41e6d476cd30d9addbf00,871b35272b2b0303,
dataset/train/meningioma/Tr-me_0519.jpg,meningioma,meningioma,1,train,6194e69ac58b6bce67b598060d45c1e2751a2c58cea9638aa805564665395973,870b17372b0b2383,
dataset/train/meningioma/Tr-me_0520.jpg,meningioma,meningioma,1,train,0b93531d3de9e20fa6bdb68b151fed641bceb05e84d12987dbbaf03fea6d6337,4d0727311555450b,
dataset/train/meningioma/Tr-me_0521.jpg,meningioma,meningioma,1,train,656c43c4574fbc773aaf4d3a967b651ab6f79b984b90c0142d727ab27935d8a6,4c0727292555151b,
dataset/train/meningioma/Tr-me_0522.jpg,meningioma,meningioma,1,train,89762254892fa04abc2aeb12578313f4df2a6b7e5f448c2a36b017b4087bc50d,480e331b2b070e06,
dataset/train/meningioma/Tr-me_0523.jpg,meningioma,meningioma,1,train,feba4f8874b34ead81a57f2abbb212bf0498c726450b3b83199a18d049c5bd13,610f1717373b2b06,
dataset/train/meningioma/Tr-me_0524.jpg,meningioma,meningioma,1,train,c2e8df69466a2fc47d3b25c4d3edc67e3ddbc87fc932d5157af94bc92dc03fc0,410f171b2b0e1646,
dataset/train/meningioma/Tr-me_0525.jpg,meningioma,meningioma,1,train,5e462a3d28966dfeca9b7a9a28e47e2131eed89e2f7cec4b7cee1c7ebb68a114,4d0f161e2f370e16,
dataset/train/meningioma/Tr-me_0526.jpg,meningioma,meningioma,1,train,9968ef63ad5b6d4f9eedf235d7add29bec13119d38246ddd7b6943c5c9dc19fe,4d162b2b2b0b1f30,
dataset/train/meningioma/Tr-me_0528.jpg,meningioma,meningioma,1,train,fd76032311340bda98cd554ccbbdc50a9ca682910b9d3cb263a5260554b279fa,490f0f2f33170f2b,
dataset/train/meningioma/Tr-me_0529.jpg,meningioma,meningioma,1,train,53ba53d9c8bc97e8cd55a16c809479cd825f1bc9185d4c418eca2b1a8a2f8495,4d0f0f0f33272f0f,
dataset/train/meningioma/Tr-me_0530.jpg,meningioma,meningioma,1,train,1d3fd6e11183526544ae0a39a12fe9cb49ad7b5711b3f39c23c21410b8495234,4c0f0f0f33272f0f,
dataset/train/meningioma/Tr-me_0531.jpg,meningioma,meningioma,1,train,93e4549d3ce4240af7a0fa262baa65cf26cc9160ee3d17f56898b33f20f05197,4d0f0b0f3b25170f,
dataset/train/meningioma/Tr-me_0532.jpg,meningioma,meningioma,1,train,b9eb2b76be65ce2bafa21998fd8125ae6989adf59ea06d043afb3009b70b056b,4c0f0b0f2f2d371f,
dataset/train/meningioma/Tr-me_0533.jpg,meningioma,meningioma,1,train,caea528c54089877b494d19b33bd17f8af44ad0ca64809e63d232d797c06aa95,480f1b1b37330f0f,
dataset/train/meningioma/Tr-me_0534.jpg,meningioma,meningioma,1,train,e7122b56481ce897da7eeb18bd8ba7ee7429ec4d12abfcb9d8cd6e01f0280a46,490f171733131726,
dataset/train/meningioma/Tr-me_0535.jpg,meningioma,meningioma,1,train,b911d54c647d44bebba41becba54cc82bfac26f72b3906297e71bb5107e82f79,4c0f1b1b37170f1f,
dataset/train/meningioma/Tr-me_0536.jpg,meningioma,meningioma,1,train,ab9908377c5e112e38624628e3989d9daa3a8a4b8134d6f8a760341ebf7d76cb,4c0f3b1b3f37172f,
dataset/train/meningioma/Tr-me_0537.jpg,meningioma,meningioma,1,train,e3894e0b24e50cd82d1088835b3b88a212111e97c36df451090d08339f0a36d1,4c0f1b1b0f0f3737,
dataset/train/meningioma/Tr-me_0538.jpg,meningioma,meningioma,1,train,04a160bcbcc9c401ab07f39f2df0447d3a9c59c2b57b4a969316b46417046a55,4c0f3b1b0f0f2337,
dataset/train/meningioma/Tr-me_0539.jpg,meningioma,meningioma,1,train,72772e75720098b0b3fa1ab4f4c5811f6531c1dbc1ce99bb09be6b8d01fd388d,4c0f3b1b17171707,
dataset/train/meningioma/Tr-me_0540.jpg,meningioma,meningioma,1,train,8d0cc12a7236bc4168a4d0c59a711f64f25278388ec18c7e031af482e9b14e9b,4d0f3b1b17171717,
dataset/train/meningioma/Tr-me_0541.jpg,meningioma,meningioma,1,train,9879d1a47ab7c12bf21c9b22a87c47089181f23e9952c505dbf242e95c9f1ff2,4c072b2b27271393,
dataset/train/meningioma/Tr-me_0542.jpg,meningioma,meningioma,1,train,3e76e9db0fb5ff0ebbd2b460410779d305e1bdfde485687e022294b2f507b5bc,4c0f332b27278b8b,
dataset/train/meningioma/Tr-me_0543.jpg,meningioma,meningioma,1,train,f0f2859129eee460a64e66b3a41b3b4dcd582ea6584404e929a63715e28e997b,480e332b272b8b93,
dataset/train/meningioma/Tr-me_0544.jpg,meningioma,meningioma,1,train,a92efec4ee9d9dba2affa8be203559f7e39c8013fd8655d2376a54c16d21151a,400e332b2f2b9646,
dataset/train/meningioma/Tr-me_0546.jpg,meningioma,meningioma,1,train,f51e71cc28b0c000a4e2e25fe03a4aa2eec7b47e52be5bbcf2557b50c0119a73,648717273b2b2e83,
dataset/train/meningioma/Tr-me_0547.jpg,meningioma,meningioma,1,train,2ade965b2c38d5b18e09a2f94897de928b807fe3baecb55168bfea97fdeb9007,8607276333333b03,
dataset/train/meningioma/Tr-me_0548.jpg,meningioma,meningioma,1,train,efeba53ac52dc6e29ea8d1fe3efece182516a433a168d61fe95fb780e452fac6,8627276b33530705,
dataset/train/meningioma/Tr-me_0549.jpg,meningioma,meningioma,1,train,c3a689cd5810ef8bd9470030d0642c691c22afbcfbc7561d7ddba196d78c81a7,8627276b275b0f07,
dataset/train/meningioma/Tr-me_0550.jpg,meningioma,meningioma,1,train,5b9cf595842206d941aef38d87fa6f10027a206f73949e9689add2738ac7a12f,8727072b571b1b1b,
dataset/train/meningioma/Tr-me_0552.jpg,meningioma,meningioma,1,train,26c3f2d84d7fe79a5d0b207b17497b36e23d4141149fb52dbc254a53d2b9a303,c603274725312325,
dataset/train/meningioma/Tr-me_0553.jpg,meningioma,meningioma,1,train,d3ee708ae264f067394217bca4567c36de8b1b971c86af06ab4d6477d1636c82,c613050b25514b2b,
dataset/train/meningioma/Tr-me_0554.jpg,meningioma,meningioma,1,train,baad3c6a0718717b2a1e710ce02b3a3d42b3d893de0e456a4ab7564d6bc14ed8,c617130b27230b1b,
dataset/train/meningioma/Tr-me_0555.jpg,meningioma,meningioma,1,train,7d39b4c082d70d2c1188015ee17b39ff21b4792c811a971cb08406c500fcc279,c61717032f23131b,
dataset/train/meningioma/Tr-me_0556.jpg,meningioma,meningioma,1,train,4f3fec6c53f4448ccf8a0e35089053fa98cb8c58079dea70fe67d1ca3e474cfe,c617171b2f231313,
dataset/train/meningioma/Tr-me_0557.jpg,meningioma,meningioma,1,train,6b4352a2b59ed0e709306de3f3542290e4438d19eeff57fa7d9de0f194383547,8307131b2b278387,
dataset/train/meningioma/Tr-me_0558.jpg,meningioma,meningioma,1,train,1f926b86a7758019153d254e10af471c5c70ae45e5a2a429cd23fef1bcf5156e,4617172b372f0703,
dataset/train/meningioma/Tr-me_0559.jpg,meningioma,meningioma,1,train,82ec8758774083bbbd92e5bf66e88ca04187a48ecc91a5b9f826640648da6d5f,4617172b332f2787,
dataset/train/meningioma/Tr-me_0560.jpg,meningioma,meningioma,1,train,dd40302378de8dd65bcf5238c31033ce00392ffce19e435beccec44062d7ed49,cc073b172b5b5f1e,
dataset/train/meningioma/Tr-me_0562.jpg,meningioma,meningioma,1,train,97bd1763a8a50e4e69aeacc9a211bfb15e5d73cae7e3b297166f2adf5b363030,ce073b27236b333a,
dataset/train/meningioma/Tr-me_0563.jpg,meningioma,meningioma,1,train,75fc351c55b57bc64e027f3a9e516fc6b37b818b02d290d39e40944ebc219915,860b176f6b2b1b0b,
dataset/train/meningioma/Tr-me_0564.jpg,meningioma,meningioma,1,train,767464369d23a22110a4361dcd56d7b465cf5e07ab6e1647ce597d5bba929f17,86131761352b3b23,
dataset/train/meningioma/Tr-me_0566.jpg,meningioma,meningioma,1,train,2465e7577be66939eed91621915e3674ba9f05fe9368a6540b0b0e2b8d291531,86071323390f3311,
dataset/train/meningioma/Tr-me_0568.jpg,meningioma,meningioma,1,train,f0f4ad1a954f8af9f7fd1f7dd1bdff5d16c352d191a50d320e10373b0f33a389,8707131b0b0b9347,
dataset/train/meningioma/Tr-me_0569.jpg,meningioma,meningioma,1,train,fb7d8f9503884bdca8eb62abf7ac48a2f56c6ac6d93cd930ab7535df0fe5b0dd,c6070b27393b168b,
dataset/train/meningioma/Tr-me_0570.jpg,meningioma,meningioma,1,train,9411e557bff47a37d5dde602f1969cb5819ea9aa754c11dc7f946d6335a2ba04,46871b27333b0e8f,
dataset/train/meningioma/Tr-me_0571.jpg,meningioma,meningioma,1,train,dec38f39f9d5fb3f9de8366ad4fd6eaa003a19df6c4af80c0d532f2ec58f4c03,668f132210490f3d,
dataset/train/meningioma/Tr-me_0572.jpg,meningioma,meningioma,1,train,a97e2b6ada84e226d7546ddf8706c52e8fb18c504446c0a8329aec8274aa5210,304f9332110d2f3d,
dataset/train/meningioma/Tr-me_0574.jpg,meningioma,meningioma,1,train,34dfbc0eadedfd11b8455a22723f53edd45de438208b03c25e54030a9d2bb8e5,3043831339292d1f,
dataset/train/meningioma/Tr-me_0575.jpg,meningioma,meningioma,1,train,f66da3f36e67589ec865f439cf26218191ddff2675d049f21daef8ef5ba776b2,9c63039735292b0e,
dataset/train/meningioma/Tr-me_0576.jpg,meningioma,meningioma,1,train,535a2baf2db7beb8640c031591f764e33e66f48ed86dedb8f75792ef297a49c0,8e0b33436b377663,
dataset/train/meningioma/Tr-me_0578.jpg,meningioma,meningioma,1,train,d3be7076c0faeb393c3bc918541bca770a63eb537c2d161081753c8c4b280f11,690f0f2b33170b93,
dataset/train/meningioma/Tr-me_0579.jpg,meningioma,meningioma,1,train,132d840b097ef5972c277f427df55ec7f0f7cbc607c299db525869c624946269,870f171b1b079646,
dataset/train/meningioma/Tr-me_0580.jpg,meningioma,meningioma,1,train,d2e22fc6c997bbd6cc6317118f8fed20ef3597936e027c2974d14d77701a062e,870f171b3f170f0f,
dataset/train/meningioma/Tr-me_0581.jpg,meningioma,meningioma,1,train,d43433c6b5f1ea7da7d97f80b79d6f39b86bd3683f6b5febfd8f92fd18276cab,9e0f1f3b3b2f178e,
dataset/train/meningioma/Tr-me_0582.jpg,meningioma,meningioma,1,train,2fb8fe8d8f3e34130dfbabd5f85740b47ff64f4c9f6f3ea5d5184c95ece1e65b,0f173733331d1b17,
dataset/train/meningioma/Tr-me_0583.jpg,meningioma,meningioma,1,train,b3db88f30705da36fd29b174973394ade3aa64536098623b02bd853698689d3c,8f8e0f1f0f0f978e,
dataset/train/meningioma/Tr-me_0584.jpg,meningioma,meningioma,1,train,456d7f86290c1e806e5c0fcdf4e5b6d605aa7c20a18ca8a83e1fb1f56d4b06e6,861347061213138f,
dataset/train/meningioma/Tr-me_0585.jpg,meningioma,meningioma,1,train,b935ceda3efda21b190162c79c7c447ffd76626dc57e4e5433265eedb70d6c0e,8f3357539d452b0f,
dataset/train/meningioma/Tr-me_0586.jpg,meningioma,meningioma,1,train,ba7fa131ffa2c60ecc62014d7b1f7f4deccd1fe5a16abcb0862d73cf171857ce,160707073371171e,
dataset/train/meningioma/Tr-me_0587.jpg,meningioma,meningioma,1,train,4ed8a3836b0f4f7f8b8064bd63f5d53759a758b8b9092886bcdf42047ff50470,0f07070717173397,
dataset/train/meningioma/Tr-me_0588.jpg,meningioma,meningioma,1,train,53c1a87149210350bc11c4dec4112d04d50a7630e74062bfe33299a606167565,8f13559123310707,
dataset/train/meningioma/Tr-me_0590.jpg,meningioma,meningioma,1,train,8692754b32e7233d2a12f5a4c8ed53e197b3b317e8860e48f94a27ec8762028f,c70b171b1b168644,
dataset/train/meningioma/Tr-me_0591.jpg,meningioma,meningioma,1,train,c5ef2a26bed0ffc81784ae73c9e520e2585aaba87852ff9c169c4f2e221f31a1,0e0f0f373731330f,
dataset/train/meningioma/Tr-me_0593.jpg,meningioma,meningioma,1,train,7ffb5ee3a66935e01644653e8315b111d3d50f953acf742e43b2e640edb0f7b0,062735376f191f0f,
dataset/train/meningioma/Tr-me_0594.jpg,meningioma,meningioma,1,train,8460b8c0db628a2aea18362b9bd4a70f8c9bab290d0ee4fbe832619133596970,060f0f13070b0b0f,
dataset/train/meningioma/Tr-me_0596.jpg,meningioma,meningioma,1,train,fd96f61075f420f133b29b587e13aee2367858cf827052cafcc2e2bc93cc1725,1f1f5d7d31133b07,
dataset/train/meningioma/Tr-me_0597.jpg,meningioma,meningioma,1,train,0b6cf98522461c8a2c490a7bcd3a3c07ef39c8d1aacc40160dafe5dc0c396864,46931517632d3337,
dataset/train/meningioma/Tr-me_0599.jpg,meningioma,meningioma,1,train,819a354f8c8538809e92efc2923dbb84f4a1ab821dae7d6855737fc3173de114,46930d172339333b,
dataset/train/meningioma/Tr-me_0600.jpg,meningioma,meningioma,1,train,b121f6b569eba813f18d1f9c8f358147628c5314f5e80beae4b2df21fcf556be,c40f2b13372b0b0f,
dataset/train/meningioma/Tr-me_0601.jpg,meningioma,meningioma,1,train,3da29cf84b4d03c40b0277d8a1674f78a932d923ba33d43551c38595a22880ba,4c872319296d3107,
dataset/train/meningioma/Tr-me_0603.jpg,meningioma,meningioma,1,train,2a41ef3731d0a904611356c1d17113113d465d1eed82f1d9adb4ede743260146,c607170b330b2b0b,
dataset/train/meningioma/Tr-me_0604.jpg,meningioma,meningioma,1,train,2340d70c62a99e1d7580882378c5c4853b02338e213ea2d4dd2f19fc04c713ee,60c71b27373b278e,
dataset/train/meningioma/Tr-me_0605.jpg,meningioma,meningioma,1,train,a1c1e82f689c9231601efe91818f857c09ee1cc5e1de4ec5c43cb227809035b9,60831327371b231e,
dataset/train/meningioma/Tr-me_0606.jpg,meningioma,meningioma,1,train,fb0461b4d5076f16f31006577ff911a86044074ea7e2618977166d56c0de0d11,608e13273713532e,
dataset/train/meningioma/Tr-me_0608.jpg,meningioma,meningioma,1,train,af2b353a02af75a5522ac66ae6c5d5be003720b0d62c9eb01406ea0d4ea24678,608f130773171743,
dataset/train/meningioma/Tr-me_0609.jpg,meningioma,meningioma,1,train,f5220862294aeae8177d7fec3443eaad29649eae32044ca5216db2fdfb9f842e,c4072f473755973e,
dataset/train/meningioma/Tr-me_0610.jpg,meningioma,meningioma,1,train,f3dc74813c4e426cf64cca43a839087afa4a6f95c9ab5e3b525ce883d59580a9,c6072f475755373e,
dataset/train/meningioma/Tr-me_0611.jpg,meningioma,meningioma,1,train,efb15edf54e6376ffcf52d48d2c18fd1ff307371c995e6d685edeb48af9e71f3,c60f0b13672b0f0f,
dataset/train/meningioma/Tr-me_0612.jpg,meningioma,meningioma,1,train,fc31de3a35ac678fa05f5a70b3b3a4cccc29d65b9680c2c0a45e857f458442db,c6072d0551757337,
dataset/train/meningioma/Tr-me_0613.jpg,meningioma,meningioma,1,train,de229e5fb92211e2d5a2352fbe8239a4251c3f4ff5f3bf7bf3254ee0ff6b6046,c6071d1569693337,
dataset/train/meningioma/Tr-me_0616.jpg,meningioma,meningioma,1,train,451f339dbf4d33864e0dd8940f533bbeddda6492cf60bb15615342bd467cc721,870b0b3313575f1e,
dataset/train/meningioma/Tr-me_0617.jpg,meningioma,meningioma,1,train,451f339dbf4d33864e0dd8940f533bbeddda6492cf60bb15615342bd467cc721,870b0b3313575f1e,
dataset/train/meningioma/Tr-me_0618.jpg,meningioma,meningioma,1,train,8c1a5737466330c20f01adaa7979d51c52634dba850e0e7bd5bae4b2a9eb4b7e,871b2333571f1f1e,
dataset/train/meningioma/Tr-me_0619.jpg,meningioma,meningioma,1,train,e53deea92aa71ef68d1ea7c7de654b8d39fed961abb1a4f0cf961a67431ea2e4,871b37136b6b1f1e,
dataset/train/meningioma/Tr-me_0620.jpg,meningioma,meningioma,1,train,3c83b5f4ecfafb75d7e2cabaaf04662db7e8de0b6cc4b5b1c6670d1aa012ada7,871733216b6b171e,
dataset/train/meningioma/Tr-me_0621.jpg,meningioma,meningioma,1,train,212c2e0e5246ceb53293b9500627afb59214995371dcfacf82d5b99219bfb347,8e131523656b3323,
dataset/train/meningioma/Tr-me_0623.jpg,meningioma,meningioma,1,train,aaa9753989c9551c51184124cc3bbce4ed6b6b2a095779e1a2c3b1e6c2b67845,8302102869283917,
dataset/train/meningioma/Tr-me_0624.jpg,meningioma,meningioma,1,train,ac8d47111e545425c7424f626fad83cec94e7b505aacddd0f481ef4057c5b8e9,830210286828793b,
dataset/train/meningioma/Tr-me_0626.jpg,meningioma,meningioma,1,train,31abce6bc997d6d4217b4bede63e7fe7c9978c747cc1533caacf88c916dc4086,870412082820791b,
dataset/train/meningioma/Tr-me_0627.jpg,meningioma,meningioma,1,train,4e943b2e22317c511ac920f2697c873de4377e922aca41b1dd3473597320c696,830031082828393b,
dataset/train/meningioma/Tr-me_0628.jpg,meningioma,meningioma,1,train,5ae21ac77ebcf7e9eae9c95519d71eda21479af78ce80352d90a14e105e9526a,860325216d517767,
dataset/train/meningioma/Tr-me_0629.jpg,meningioma,meningioma,1,train,7221b29abe0cf90059797a25fcb7496a9ce77cdcbe097ded4ee1d7f9b5b2c0f0,8e1331694d35b727,
dataset/train/meningioma/Tr-me_0630.jpg,meningioma,meningioma,1,train,0c8158d4aadcd98178a6ae263609f2b17e6527ad635a387af4e185bcbe4ad64c,8e03034b6d1d9777,
dataset/train/meningioma/Tr-me_0631.jpg,meningioma,meningioma,1,train,fafff261038bcb5b595b1516655a65f1ada0dce52ed5742c2ac14e8d9b265da4,8e030d492d3d1727,
dataset/train/meningioma/Tr-me_0632.jpg,meningioma,meningioma,1,train,9c783c14c3998ae8158dab59cc37a4ed4fb6994958fea4503f836c01ab48c74b,e0861b5b73532616,
dataset/train/meningioma/Tr-me_0633.jpg,meningioma,meningioma,1,train,f64b8cc3ea3212942fca1b01c6ebd6b787fe4ce01dbf21bb499b481c2df03154,c703111129393b37,
dataset/train/meningioma/Tr-me_0635.jpg,meningioma,meningioma,1,train,d969a85825db5cbd00c71c523944cdc85f46cccfd335be6bb8bd2f888ea260a7,c0061b572b135717,
dataset/train/meningioma/Tr-me_0636.jpg,meningioma,meningioma,1,train,821154e7d280628d35330ae33f035370d0c7bfe2548f746c4afd3b1ee0aa5069,cc061b47671b3717,
dataset/train/meningioma/Tr-me_0637.jpg,meningioma,meningioma,1,train,cd82f731f0c8e32cb494803d374d583436b3dc3353e773dc246dd1995be757c7,3046872f2b3a2e8d,
dataset/train/meningioma/Tr-me_0638.jpg,meningioma,meningioma,1,train,41def159a45fc9d9e67a4e8c80e8c4c4462ca7767414be4ff982a9e3284f06f9,e086072f2b3b2686,
dataset/train/meningioma/Tr-me_0639.jpg,meningioma,meningioma,1,train,22846116022e035adb112f24a69c657eaebc029b487f0f88700e3da78a5be97e,60872767231b1313,
dataset/train/meningioma/Tr-me_0640.jpg,meningioma,meningioma,1,train,dfb7c58eb434c4511336714cd720e252fe202fd53ccc89b06eabac2bfa9aff35,c4872747254b0303,
dataset/train/meningioma/Tr-me_0641.jpg,meningioma,meningioma,1,train,fda991dc9f8b4f2d4f5de80a95d3fc9175065125d5d8b8ad3bd4b4120c1b78ff,c88f2727334b1317,
dataset/train/meningioma/Tr-me_0642.jpg,meningioma,meningioma,1,train,1a63bc6b031b8f9aea7decf821c5418de6120db0a945055d040656c1589eb8de,c88f27676b6b3313,
dataset/train/meningioma/Tr-me_0643.jpg,meningioma,meningioma,1,train,22ff202c8c1effc27362d7016064f225b192c4399265e042e6fdf6b4816e64e9,4c8727276b2b331b,
dataset/train/meningioma/Tr-me_0644.jpg,meningioma,meningioma,1,train,6924de476c0096dc47d54e0ffbe3489420f1a51a954691d9e8817b97dee3b71c,c6030f0b330f2f0f,
dataset/train/meningioma/Tr-me_0645.jpg,meningioma,meningioma,1,train,c19d7ae842ed32fd3e2057fe11651cb2e68810b830a8be97f420997bbe329263,20479b07371b0b8b,
dataset/train/meningioma/Tr-me_0646.jpg,meningioma,meningioma,1,train,e2eb13ce6a481e672122c895f9418f0426d9016530674b50c67b097033a75ae9,862b07231b070603,
dataset/train/meningioma/Tr-me_0647.jpg,meningioma,meningioma,1,train,4a81ab9771c9a66034c4a5c657354dde68d7bcfb7e166baf7e578c5619a6fa0f,862b5f273b1606c7,
dataset/train/meningioma/Tr-me_0649.jpg,meningioma,meningioma,1,train,3ad594cf65b88442c7764f0f011fd1cde59f92cf8c8c6c5c716119f85a7445db,c6072d411d292b11,
dataset/train/meningioma/Tr-me_0650.jpg,meningioma,meningioma,1,train,3b98d7475dce789e28566e1130ab037d0047df68495da5fdaab8a06e8089acc6,c60725190d291b01,
dataset/train/meningioma/Tr-me_0652.jpg,meningioma,meningioma,1,train,c4a25b274d286f6e57907083a061d5056c629fcb46bbd027091d4e6b396cd97f,87151a445b3d2567,
dataset/train/meningioma/Tr-me_0653.jpg,meningioma,meningioma,1,train,3bec478c11f932472e0b167afea4424907a940b4231f8968d65806daa07cf6d2,471912345b1da52b,
dataset/train/meningioma/Tr-me_0655.jpg,meningioma,meningioma,1,train,9d425dc88f5d2b5193ece042d9303d12c6ca9663cadd17b0d0c0749d7123e64c,30cc060b2b3a2e8c,
dataset/train/meningioma/Tr-me_0656.jpg,meningioma,meningioma,1,train,c211456d9725d7f5395715ca3a78cf982289a912c340b892e9712449ad58ae0b,c60b1703310b071f,
dataset/train/meningioma/Tr-me_0657.jpg,meningioma,meningioma,1,train,e0cbb5042d7129e49b00d5edb084084d8eda978b9c366ff10417f702016b5312,46872b09353b2f86,
dataset/train/meningioma/Tr-me_0659.jpg,meningioma,meningioma,1,train,052302e135d5193b0dc257615d4159155366c7691911cf494d881dde0b377bcf,c607394935150b0b,
dataset/train/meningioma/Tr-me_0660.jpg,meningioma,meningioma,1,train,3e5ff3a5d803565febd26825074bc73cd02cc9bf17c6280820ea5166b1d6874f,ce1709252d2b0b0b,
dataset/train/meningioma/Tr-me_0661.jpg,meningioma,meningioma,1,train,c3757397a21f7fc81b5bb0043b38614338413c0b53ebd3e8894d1ca52ffe64c0,64871b27332b3e93,
dataset/train/meningioma/Tr-me_0662.jpg,meningioma,meningioma,1,train,de72e62e60b906fad89cf8a790e35ba97ee180a6d1057b7c2a7709c961ac6bbc,64871b17373b278f,
dataset/train/meningioma/Tr-me_0663.jpg,meningioma,meningioma,1,train,78272d36f7b4a18a9e078ab389797a2f9efa19148e2f6574254ae86cc1558ce3,46871f1b23332f13,
dataset/train/meningioma/Tr-me_0664.jpg,meningioma,meningioma,1,train,b20f71c8d2e9875674b2f3e3758e92b1339e5cbc5e4d02e768181c33f35159a9,c6031b1b233b0f2d,
dataset/train/meningioma/Tr-me_0665.jpg,meningioma,meningioma,1,train,368618e5e7f2b7642121ee147b8b195b06cae842f4ba8477916588d6a10eddcb,460b0b1b23090f0f,
dataset/train/meningioma/Tr-me_0666.jpg,meningioma,meningioma,1,train,e9ee20f9456d8b399e58a9aa89c7bbbc5ac973feb9ee052f0ee8f1797f980f90,c6030f0b23290b0f,
dataset/train/meningioma/Tr-me_0667.jpg,meningioma,meningioma,1,train,4e4f837e61f1ebe5b52e92d478433caa7c05752ccfe7e460ec2724c5a2753ae1,8e232d2d55551b0b,
dataset/train/meningioma/Tr-me_0668.jpg,meningioma,meningioma,1,train,141d77f45f51c96c419ddbf0ddcbae97d0d8ccf23051026ee9fccb5669eddc68,c6030b092529090d,
dataset/train/meningioma/Tr-me_0669.jpg,meningioma,meningioma,1,train,b50e248ad41a292ae530634f8b3316033e95e0051f0425e023ff6a4117ddc585,c6031b1b2729090d,
dataset/train/meningioma/Tr-me_0670.jpg,meningioma,meningioma,1,train,40349e9541f6b95649e175df366fc44535746ddc91fce441f9c76bd97cde9cce,304e8f272b2b0787,
dataset/train/meningioma/Tr-me_0672.jpg,meningioma,meningioma,1,train,618449a75bed18b7ebdd593ebfece6faa4cb38080fc679da358bd87ee807187d,ce8735212b2b330f,
dataset/train/meningioma/Tr-me_0673.jpg,meningioma,meningioma,1,train,f3b9af5fec814d40bd619137190aabaeef40766fdd4cb732aa8589f39e622d59,4e8733212b2b3b1b,
dataset/train/meningioma/Tr-me_0675.jpg,meningioma,meningioma,1,train,35af97390b0b7068d2c141f5029bdaa3dd941e81edc95faa2b2ed6a83060d934,ce873b19331b2b0b,
dataset/train/meningioma/Tr-me_0676.jpg,meningioma,meningioma,1,train,f4b4799ce18b64c1d2614b53774f6025b6428bf469d3414bcb6c6e97a997f8db,64873b0b331f2f07,
dataset/train/meningioma/Tr-me_0677.jpg,meningioma,meningioma,1,train,224a16b1e63255ad013b3cab6b37de9585d257a329dc1a055f00e8118ba89cd7,e487132b333b2387,
dataset/train/meningioma/Tr-me_0678.jpg,meningioma,meningioma,1,train,67f1a077a737645858b407a21a36edbdd42c8a51c2023306938f3fb18edfdf05,8e23292d15292327,
dataset/train/meningioma/Tr-me_0679.jpg,meningioma,meningioma,1,train,3f94a7a16162e6c14933e05d5224b4c76e7d24d2b2470174d5a064efa44fb469,64871b2733333387,
dataset/train/meningioma/Tr-me_0680.jpg,meningioma,meningioma,1,train,488a8888e86721f95b384ba911d76fd92a2afec9e59510110e55b6c8dccf3169,cc1f1b034333172e,
dataset/train/meningioma/Tr-me_0681.jpg,meningioma,meningioma,1,train,4bb5593dc1a0d3b97b7cca1d4bf2cc0e3ae4f520bc77d92bae9972f825a9e921,8e030f6b2f9f3326,
dataset/train/meningioma/Tr-me_0682.jpg,meningioma,meningioma,1,train,621c8c73b5e533eeb17f4c5b8f0beca2eab6fec981c24f604c0c3865bec23d7e,8e03132b4f2f2b96,
dataset/train/meningioma/Tr-me_0683.jpg,meningioma,meningioma,1,train,fb6548cf187cb2bf841bbbe15513148da44e811d6fa699d5725f237536db2080,8e1315234d6f232e,
dataset/train/meningioma/Tr-me_0684.jpg,meningioma,meningioma,1,train,acea26f922d9c345ad29956759a0d02d4b3a0a8922f7a2c2197d4ebb3967f4eb,86030b67279b8b2e,
dataset/train/meningioma/Tr-me_0685.jpg,meningioma,meningioma,1,train,1c625422287b2054502134a3a6a1241ddfb030bed8addd6a9eda18435ec2fbc4,8e030f0727bb4b16,
dataset/train/meningioma/Tr-me_0686.jpg,meningioma,meningioma,1,train,a8e3c760f844424e2e3c5b1937271dbc9433d03573636c59d1d73fce33b2bdd4,608703033b595317,
dataset/train/meningioma/Tr-me_0687.jpg,meningioma,meningioma,1,train,4eb262e7bf011e53e7eb13f391f37a28a564b5bbcb45537157621344e0f50d70,408703031b69151b,
dataset/train/meningioma/Tr-me_0688.jpg,meningioma,meningioma,1,train,edc53dceee3977c2baf32fe6de980f9b266ad7d92b0f39d30b9641acb975dd94,4487070b1b2b3515,
dataset/train/meningioma/Tr-me_0689.jpg,meningioma,meningioma,1,train,557153fae86d7159c1fcf7839214153a112c7f26a628461ce1a0aea565f4ad4a,8733394b6d692337,
dataset/train/meningioma/Tr-me_0690.jpg,meningioma,meningioma,1,train,e2d9c7006c022f577c59c7fd6232783449b98f8c72aee8e51c7a622538a95ecb,4487071313656953,
dataset/train/meningioma/Tr-me_0692.jpg,meningioma,meningioma,1,train,7b6390a166b9c1f5d08da81ae14eea326c298cfcf582fa7307ca57be621a9b4e,24c78f2b375b2f8e,
dataset/train/meningioma/Tr-me_0693.jpg,meningioma,meningioma,1,train,7cee86ffcf1e56da073e79ce6c19e8bb90137ff5500960c646ada09c1c602a07,66830f2b331b2f0e,
dataset/train/meningioma/Tr-me_0695.jpg,meningioma,meningioma,1,train,cd62167cc5552ccb1b2cd0666e17c25ac11921ff8bbf0dc619c6c80308c568f6,20c607373b362c98,
dataset/train/meningioma/Tr-me_0696.jpg,meningioma,meningioma,1,train,d4761998c2e59cf7d9ecd58ff44b67a0944235ddaa4de3f7d5f256d13f6df9e1,608617373b332e9f,
dataset/train/meningioma/Tr-me_0697.jpg,meningioma,meningioma,1,train,41f8139d61a0e79d7b9e0a1bd2846acdc77d0624f6a72a8048aa64110ea70e00,64871737333b2e27,
dataset/train/meningioma/Tr-me_0698.jpg,meningioma,meningioma,1,train,a2a1b400dfb968099b0635d36cbf5ad9b434fd1116287829cda4871501d0fe2b,c4873707273b1716,
dataset/train/meningioma/Tr-me_0700.jpg,meningioma,meningioma,1,train,39495bbab558a37209f0d3276fce37abffe594a4fd02b1772dcef2bb6bc5d93c,172331696d692323,
dataset/train/meningioma/Tr-me_0702.jpg,meningioma,meningioma,1,train,d8441008917a3198e67536253350c845de0fd7dda17b4c1669059152453a9186,c48717274b6d2b1b,
dataset/train/meningioma/Tr-me_0704.jpg,meningioma,meningioma,1,train,69345348a4a781f924b64f10ce4bb67810b9a57f40c9d43b8ef4127c7f06d14f,cc871307275b131f,
dataset/train/meningioma/Tr-me_0705.jpg,meningioma,meningioma,1,train,96ce5b2756df90d30963a0b3fe491274d477be2307253a4ac8c9cffb5f95c2f7,ce871b17275b1307,
dataset/train/meningioma/Tr-me_0706.jpg,meningioma,meningioma,1,train,5c706a6c586ce154bdc6fd3007107005b74469496982f7be068c71c6021cf08b,ce071919656b2b03,
dataset/train/meningioma/Tr-me_0707.jpg,meningioma,meningioma,1,train,8050a4ae532a98b4c110008f706ed5d2136c6bd9ffb51cd6e0f3c255b54cc280,ce071d0d65693b13,
dataset/train/meningioma/Tr-me_0708.jpg,meningioma,meningioma,1,train,0188e2a9b5e00ec418360252f5f6680497e439c232904950710eacebc6c19a61,46830d1933090b0f,
dataset/train/meningioma/Tr-me_0710.jpg,meningioma,meningioma,1,train,a275f5f3088a7f7021db108bb59404593f36e42cfd2687fbb4a6a219057879dd,448f13393119131e,
dataset/train/meningioma/Tr-me_0713.jpg,meningioma,meningioma,1,train,66dfc44c76701d065d01a779d054828c77712416e7a386932bdc318b3ac618b7,468b2d152529390b,
dataset/train/meningioma/Tr-me_0714.jpg,meningioma,meningioma,1,train,1d28a01cd96ef9af7075a1e6fe17f84cd3bd5bb549500a77c9dfb2a2f222e432,468b072b1713130f,
dataset/train/meningioma/Tr-me_0715.jpg,meningioma,meningioma,1,train,f05e30abc50d55228aa766573c16d5c185afef67197bec069b6345965a2accf7,86130f2f57131313,
dataset/train/meningioma/Tr-me_0718.jpg,meningioma,meningioma,1,train,37bb33ffee18b9c5a44dea8da10ed91d5332644d46424d1101a21fe20f45af3d,c60b1b47672b431b,
dataset/train/meningioma/Tr-me_0719.jpg,meningioma,meningioma,1,train,f527582fe31380759ab8132500846efa0522ab416ae854796f8d726d261e98aa,c4071b57735b6b0b,
dataset/train/meningioma/Tr-me_0720.jpg,meningioma,meningioma,1,train,3cc9e95ff309e1864d8ae698afff2c81a539022fedcd272dc0b46e98e1c368fc,64871b17734b2e96,
dataset/train/meningioma/Tr-me_0721.jpg,meningioma,meningioma,1,train,59bfe068eea8a2f68d8aeb779f2fea76df9c0ae03fd4d3991312aa4d0f69d7f3,60861b2f2b520e8e,
dataset/train/meningioma/Tr-me_0722.jpg,meningioma,meningioma,1,train,04519791dc2d4a84e7ea188f1fbe164a21f47b94b63fd9e6f8e398017bb0fd55,60861b0b63330b2f,
dataset/train/meningioma/Tr-me_0723.jpg,meningioma,meningioma,1,train,24246ccaeba07f6239922a81833d6483128eb053b05e812b36534361bda8219e,c0863b1f67331b33,
dataset/train/meningioma/Tr-me_0724.jpg,meningioma,meningioma,1,train,7a43c34278b4e1e3c323f60ae784707e0bea986ff6ec9b935600feb3cc0e9c17,40872b1f2727131b,
dataset/train/meningioma/Tr-me_0726.jpg,meningioma,meningioma,1,train,ec6dc8542bc1ad4652edc98d27f83b410025222fdfc17d53b4289b1a36afe8c8,60861333136b2e3c,
dataset/train/meningioma/Tr-me_0727.jpg,meningioma,meningioma,1,train,a044bab6766b669fbd72fd2c502f793882f9cdd3d210b3891878737bb95e29a0,6487133333532e1c,
dataset/train/meningioma/Tr-me_0728.jpg,meningioma,meningioma,1,train,68173cf0a5a424623190c36663795407478b387ea17c5a0d55dd271d10ea8985,ce1f3159497b5b37,
dataset/train/meningioma/Tr-me_0730.jpg,meningioma,meningioma,1,train,a8a5c8da2047ed2cdd0c97963311752e131124417ab3ae5b2ffe1f00a361febe,4c8f254d1d5d577f,
dataset/train/meningioma/Tr-me_0731.jpg,meningioma,meningioma,1,train,f3d9a4b8a5e1f5cba8b79aa21ec1a6d4ec5a6ad100bdf3206e7fb90a6a9f4cc6,488f25451951773b,
dataset/train/meningioma/Tr-me_0733.jpg,meningioma,meningioma,1,train,2653a788fd589d6213381d5f93b253f38dbc8a25d0b52cb009342aebe7bc0f42,4487231327194f4f,
dataset/train/meningioma/Tr-me_0734.jpg,meningioma,meningioma,1,train,f6e7d095f7bab27e10854c4d8d4ed1f1b8a00267e959ded7deb8d89796672ac9,4c87271725351317,
dataset/train/meningioma/Tr-me_0735.jpg,meningioma,meningioma,1,train,1f914910e8c447654228d87ec852386437ad3f59a6b6ee3682e864dc895fbc84,c48727276d252b13,
dataset/train/meningioma/Tr-me_0737.jpg,meningioma,meningioma,1,train,ca7ecd71a27c8809f42bc399852aa7a804752e04916036264ac15622ac23ed44,c48727276d252b1b,
dataset/train/meningioma/Tr-me_0738.jpg,meningioma,meningioma,1,train,0aec1b58cb864c8b0ce402cbaccbc4ab749ee36bd4f4316602eb049af903e784,cc870725696d1b13,
dataset/train/meningioma/Tr-me_0739.jpg,meningioma,meningioma,1,train,fd18a06dcb2bca0a13d5ffe0378cc989a0584fa6a7c5cad5aa1643504548eaa8,468b2529150b2b0b,
dataset/train/meningioma/Tr-me_0740.jpg,meningioma,meningioma,1,train,616f29a681c559adac28228ba4e6018fa197290368407ccb1bf8e94505973044,c61325254d2b2b03,
dataset/train/meningioma/Tr-me_0741.jpg,meningioma,meningioma,1,train,f0321a6700ed7a9e6595a2d235465a312f4de5bbac07b2d0b13b6d2721bd403c,c61b25556d2b2b1b,
dataset/train/meningioma/Tr-me_0742.jpg,meningioma,meningioma,1,train,ecef4c52a3ee939d7eedf352dba45225cbcb989d76a85fbe2e1d756fef5ab107,c61325254d2b2b1b,
dataset/train/meningioma/Tr-me_0744.jpg,meningioma,meningioma,1,train,39c40da9e36c528b7a52fb990b5f9a91544cc1c7d05f5f303acff49473e1521a,60872325315b2e8c,
dataset/train/meningioma/Tr-me_0745.jpg,meningioma,meningioma,1,train,99c266ea256b5ead05d36b9b45302c617a2b1a5891a679219e7bf5ef640bd3ad,30c69b25333a0cc0,
dataset/train/meningioma/Tr-me_0746.jpg,meningioma,meningioma,1,train,032b9042ce369d8f4a72e6c7fef1b96253338b526d368b2bc2d88932c127eff1,66831d07390b238b,
dataset/train/meningioma/Tr-me_0747.jpg,meningioma,meningioma,1,train,4d8b01d5004b9e06d4c792c728d120714bf9f128da3134facbf49726cdb0f75d,870b150b273b0b09,
dataset/train/meningioma/Tr-me_0748.jpg,meningioma,meningioma,1,train,f859d38770a99ec9938e888ea992001a99f696d66d8085215fb84085399c4a81,8e0b132357531e36,
dataset/train/meningioma/Tr-me_0749.jpg,meningioma,meningioma,1,train,ad5ca1b4811baccb604dcd9fb8b10de625de8c06fce810c74ae69ff5437fe82a,860b172b4773363e,
dataset/train/meningioma/Tr-me_0750.jpg,meningioma,meningioma,1,train,3997165065a58bdf935c00e76679ce7146acda18d6727a3b7409940b9bb2c2f3,c603052929d94313,
dataset/train/meningioma/Tr-me_0752.jpg,meningioma,meningioma,1,train,38f1e738622591c918227a96e4068ff71fe3cd192e7adad20fcbfcd55b032f81,870309094d593123,
dataset/train/meningioma/Tr-me_0753.jpg,meningioma,meningioma,1,train,f26cb4f15d3f8718191cd21494b8898003fd73085ed56950e5d333c5f94f0593,870111094d293123,
dataset/train/meningioma/Tr-me_0755.jpg,meningioma,meningioma,1,train,1e6c11d040306da38659d6402bd59fafc690325fe5114fd65ddfefdc2e03eb17,871905616d6933b3,
dataset/train/meningioma/Tr-me_0756.jpg,meningioma,meningioma,1,train,3ed1ad1d4fb6ac46d24011d6b9eab6c43a7bd8a489b0ee27da847a3bce11dd89,30c4861b2b368c44,
dataset/train/meningioma/Tr-me_0758.jpg,meningioma,meningioma,1,train,9b071fdb3e6c5d1ce0ef24d2f98540618d5a5e6d79d7901adbe9401d3b3e6f27,60478b2f333f3c98,
dataset/train/meningioma/Tr-me_0759.jpg,meningioma,meningioma,1,train,5485d81400e8424662b8dd3c597fd85450eb58103c1dab73b3af54690c8647a6,60861b1f2f3b2387,
dataset/train/meningioma/Tr-me_0760.jpg,meningioma,meningioma,1,train,1d5709ad9190b07ffb337246963c18fdc355f6d4a964d51825aabf474cd7ec82,e4861b1f27330393,
dataset/train/meningioma/Tr-me_0761.jpg,meningioma,meningioma,1,train,a3a7037d0f74aaaa8f13ddefa0c3518594f0a3c690c4c356786cc37809416cb2,e4871b1b272b0b97,
dataset/train/meningioma/Tr-me_0762.jpg,meningioma,meningioma,1,train,762cac805dcba3d0e9aeca30743a8b8cf4a423204eac58e19c5b9be02a699a03,44871b1b332b0b07,
dataset/train/meningioma/Tr-me_0766.jpg,meningioma,meningioma,1,train,3c1468d8eb2ecd984f69261de8445de72e7a448ec2d095ec5a0865bd49d77019,cc1f1317459b371e,
dataset/train/meningioma/Tr-me_0767.jpg,meningioma,meningioma,1,train,901a6245ed8379ccea37a3a0ebd5c93d95b0555d790ed2ddf0c1c8d77e37d7f1,cc1f131dc9d97766,
dataset/train/meningioma/Tr-me_0768.jpg,meningioma,meningioma,1,train,296f0ac03b09e428c8a10d7b2b8ccc9601ddcdfbfc458dd308d88ecce9c4b644,8c1f233563633336,
dataset/train/meningioma/Tr-me_0770.jpg,meningioma,meningioma,1,train,732b052c052fea699ab9c3deff5b18eb84affd95ffaf0975c719f5d259ceb0a7,8c17232123233336,
dataset/train/meningioma/Tr-me_0771.jpg,meningioma,meningioma,1,train,874f642dc295c0129a28e0e22f96fa27b26aca727276660feb998d75a343c6b4,8c0733234373171e,
dataset/train/meningioma/Tr-me_0772.jpg,meningioma,meningioma,1,train,9767af3136fb5e92779d0bbbe8df1e35aee28f953a8b945d480a67e8b2124c64,cc07337b23535f1e,
dataset/train/meningioma/Tr-me_0773.jpg,meningioma,meningioma,1,train,30e70e0996b0d154f96e68e1d6c068563293916d9090a20b8a9c02b0a29b31e3,4c071b0b2353171e,
dataset/train/meningioma/Tr-me_0774.jpg,meningioma,meningioma,1,train,1fc820365052f94497ae7eb13a797f471bc073478c22a677c4945990458a9e49,4486130f372b0b0b,
dataset/train/meningioma/Tr-me_0775.jpg,meningioma,meningioma,1,train,1f5706359e9a144c54827de844450d69b9505b638e61c85275161475306fab04,4c87130b372b0b0f,
dataset/train/meningioma/Tr-me_0776.jpg,meningioma,meningioma,1,train,2e13f9247214a6b8f959ff1815f2e3215eb9c3e23e2c80224187799f46c45a0f,4c87370b672b1b0f,
dataset/train/meningioma/Tr-me_0778.jpg,meningioma,meningioma,1,train,537c5f0119b516c3a6ed7ffe1b6c8a187c7b8eaebbc3bc5d4734c652bf87b8c6,8e17172713531b0f,
dataset/train/meningioma/Tr-me_0779.jpg,meningioma,meningioma,1,train,a3f973d9ab09a67d7ed41492106050720a09f241d676e23f2372237409e5c397,8e1717274b1b131b,
dataset/train/meningioma/Tr-me_0780.jpg,meningioma,meningioma,1,train,f03d0465810e7d14ba92d1c44c91facbaa5bbfea6bbbcf7bd6ecd92e0adc0a53,468b07253b2b2783,
dataset/train/meningioma/Tr-me_0782.jpg,meningioma,meningioma,1,train,3d4e9bc9632f737a1ebe8683b299b274cde62f79a8bcf0191cbebc54e90136c0,8e17176b2b2b1b0b,
dataset/train/meningioma/Tr-me_0783.jpg,meningioma,meningioma,1,train,7cfcb935523acb08279b5265eea273788fc0a8edb7e4ed314d3f6be723457680,0e172b6b6b2b1b0b,
dataset/train/meningioma/Tr-me_0784.jpg,meningioma,meningioma,1,train,715cde86dd846c59b35cc6ac8af2ba782e88c8c7c4819ea28ba30679f67d9cfa,68860b172b331706,
dataset/train/meningioma/Tr-me_0785.jpg,meningioma,meningioma,1,train,ee99d11de670f14d3c387e337315b8336608466f54734a429d0079e59c312559,64860b0b330b3707,
dataset/train/meningioma/Tr-me_0786.jpg,meningioma,meningioma,1,train,b8c191b32f6186c59497bb579b5cda241bdce3db3ec638f637f6f2a4d438298e,46870b0b330b2b0f,
dataset/train/meningioma/Tr-me_0787.jpg,meningioma,meningioma,1,train,fbae500cfa59adbd667e1b9f3d1671b0df14723f73ada8815166188dac7bfbce,4607171b330b0b0f,
dataset/train/meningioma/Tr-me_0788.jpg,meningioma,meningioma,1,train,b05c97c5d1134ffbce1dccd01d66d1be3a79a722b101b8e5e1708c8fcd9faf67,c607372b4b0b0b0f,
dataset/train/meningioma/Tr-me_0791.jpg,meningioma,meningioma,1,train,2a77306307ddc68c8d3cea672cd431d19d669a449427b511e01fbe14771f7252,0d0637134f2f0e4d,
dataset/train/meningioma/Tr-me_0793.jpg,meningioma,meningioma,1,train,0ef2aae6efa29943937f234d199fbad54a8e41e9a0efec5e86edf5ef3ec3aaed,4d0e07130b270e4d,
dataset/train/meningioma/Tr-me_0794.jpg,meningioma,meningioma,1,train,0f673459b5dba7f9dab9a6a32309e2c89ddf4bb9b799d3350f56c33e8cc8b2d3,214d1f0b23130f69,
dataset/train/meningioma/Tr-me_0795.jpg,meningioma,meningioma,1,train,4576726a8c3507c1a63ee206e2dcec0e88122ec87da72284636bca5e3ddba4e7,0d0f171717170f4d,
dataset/train/meningioma/Tr-me_0796.jpg,meningioma,meningioma,1,train,e50960c499e99a17df350e4f261d140bb10d74d9a3d81d91c4878542e2b32538,4d0f171717170f4d,
dataset/train/meningioma/Tr-me_0797.jpg,meningioma,meningioma,1,train,5c32bc4af148302670ffb8a5aa58fc239cea60fbbfc08ba34a65230a0de6f6f4,4d0f171707070f4d,
dataset/train/meningioma/Tr-me_0799.jpg,meningioma,meningioma,1,train,259b7a3c20b39434168eab2302fb29504c6c5cc52e51ac394620e73bbf132d24,314d1fa727170f61,
dataset/train/meningioma/Tr-me_0800.jpg,meningioma,meningioma,1,train,45bb714cdc91a739ae2757a2614c1b07638215283ee339ea6674d17910fd07d1,0d1f336b4f33160d,
dataset/train/meningioma/Tr-me_0801.jpg,meningioma,meningioma,1,train,704796e2a1aa65f12fb37a99db00d521ae7d2aa9f710f920495f5dca6c3274c5,0d063b1b072b0e4d,
dataset/train/meningioma/Tr-me_0803.jpg,meningioma,meningioma,1,train,8c52e46713c3f81674ca2dd61485e0e047945d14a5922d070affb14e1a7043af,330d0f0f0b270f69,
dataset/train/meningioma/Tr-me_0804.jpg,meningioma,meningioma,1,train,29049e5049a59f3ab4b6696ea876ab29bcf1f003d42d771f971d2b1974144660,230f070f0f0b0f4d,
dataset/train/meningioma/Tr-me_0805.jpg,meningioma,meningioma,1,train,f6bdcfa3072c334eb9828a2401a380c508a14807687d0bdd792f7cf5416960c0,134d0f1e2b170d31,
dataset/train/meningioma/Tr-me_0806.jpg,meningioma,meningioma,1,train,bb60c72dc452e84e16b8802a96b297790521463171f353dde1c9fec0d383a3c2,314d1f172b130f61,
dataset/train/meningioma/Tr-me_0807.jpg,meningioma,meningioma,1,train,615dc277cd39682fd6b9aed0fdd9484a35b56de700508abfa7220fa035a9d874,690f1617172b0f49,
dataset/train/meningioma/Tr-me_0808.jpg,meningioma,meningioma,1,train,20a6c3852b5abc6ac580b5524ff21e74da26d2032509907436856d31cbc702d0,490f171753130f4d,
dataset/train/meningioma/Tr-me_0809.jpg,meningioma,meningioma,1,train,e33347d98ab3002ce6f6aad62fa85ea0463bf3f9f6a3b73b245858565482bbf6,210f1623131b0f4d,
dataset/train/meningioma/Tr-me_0810.jpg,meningioma,meningioma,1,train,27f255bfaf0d368a4150beaee637ad4c70a68d8b6eaf9f7cf704129aff6ab28d,234d16233b3b0f49,
dataset/train/meningioma/Tr-me_0812.jpg,meningioma,meningioma,1,train,d14e0f4558f8912c9388dfae455e2e86a2a804cfc50013d9e170761150fb00d4,418f171b332b278e,
dataset/train/meningioma/Tr-me_0814.jpg,meningioma,meningioma,1,train,f9340a7bfc5d7bc50a5798eaf2c84528d6b6d86f05260de40e8693e7c05d481c,0f17330b0f2b0e4d,
dataset/train/meningioma/Tr-me_0816.jpg,meningioma,meningioma,1,train,3314bf89e995b6def5a2376a064d07931eb6a8bb9021a9484fa93e50c8cdc329,8c17031713170f06,
dataset/train/meningioma/Tr-me_0818.jpg,meningioma,meningioma,1,train,179aeb3c74f5b57952862044621173cd6b7a9676d019e81f3c6375aab21d7c0d,8c1713174b131716,
dataset/train/meningioma/Tr-me_0819.jpg,meningioma,meningioma,1,train,df312253cccf8f666f2135d5d468a7391531eb089677459990d63d8a9082d939,8e1717130f333313,
dataset/train/meningioma/Tr-me_0820.jpg,meningioma,meningioma,1,train,ba26d02f1509302942f95c700fe0d657c70c029888020dd1aab74385a75087be,210f07370b2b1f0d,
dataset/train/meningioma/Tr-me_0821.jpg,meningioma,meningioma,1,train,133675ad6af181973e33b7fd101a0977356ffb5c45b589016a9a59f74c683f23,8e3317134d2b3313,
dataset/train/meningioma/Tr-me_0823.jpg,meningioma,meningioma,1,train,14c6f82af8b8dd0a9906a6cb20c6589cb72b97a500fe0bccabfa4ec6402e301a,0f17330b072b0e4d,
dataset/train/meningioma/Tr-me_0824.jpg,meningioma,meningioma,1,train,8b95b62c967a66ec64d06b1320c7766ddbd01011705ba9ee0674b990cc1cccae,690e0b0f030f1393,
dataset/train/meningioma/Tr-me_0825.jpg,meningioma,meningioma,1,train,fd1c4bd4f2b2245563eeee8e781d22af886c8a95c83537a5240930526b0bcee4,610e0b0f130f1797,
dataset/train/meningioma/Tr-me_0826.jpg,meningioma,meningioma,1,train,6208ee67ba4e3869f992db46db75e6f61ba37d5f5f47eb7c9f85c32ac2a29b99,0e173327172f0e0f,
dataset/train/meningioma/Tr-me_0827.jpg,meningioma,meningioma,1,train,35205a7f1142329aef7f4a4c44b07713ae1046b29957ed26ef84a0daf5ae058c,410e0b0f170f9796,
dataset/train/meningioma/Tr-me_0828.jpg,meningioma,meningioma,1,train,1b9b19e30d91c4e82e9b8a17828d6727a8cfac714698dfd16aa17e12799c90c5,4d0f0f2b33272b97,
dataset/train/meningioma/Tr-me_0829.jpg,meningioma,meningioma,1,train,745f56acaad021ac82211f9751b9e284f95256955f41332ab3a3f0d76ce7caef,4d17032b33332f97,
dataset/train/meningioma/Tr-me_0831.jpg,meningioma,meningioma,1,train,de5bce271a239f2c819e0ec333e3f750fb64e291346b6597f1566474f279ddee,0f17172b2b333313,
dataset/train/meningioma/Tr-me_0832.jpg,meningioma,meningioma,1,train,381a51bd15efd64d175e08081c7c269eed317b27542e43c678fc874179170b7c,0e172b0b0b131796,
dataset/train/meningioma/Tr-me_0833.jpg,meningioma,meningioma,1,train,6d6de2a59042f57f112ee192d4975247a8cb4e67664ac51e2d25a1c5281374ac,234f0e2b2b230f49,
dataset/train/meningioma/Tr-me_0834.jpg,meningioma,meningioma,1,train,229bfa28f1ed38b67cc739942b95bb096d7c608d3b7d4ce78fac59768aa7186e,8e170b0b0f030b1f,
dataset/train/meningioma/Tr-me_0835.jpg,meningioma,meningioma,1,train,f099fa2834527647bc13ccccf4b1e3f6251c64b396c19b891a8e15b36c5b1f29,8e170b0b0f17139f,
dataset/train/meningioma/Tr-me_0836.jpg,meningioma,meningioma,1,train,fb4a9d084631e9e82eb561ebf36a1b86b84cd87e63c2ecff0faaaa547e7fd8d8,8e170b0b17171796,
dataset/train/meningioma/Tr-me_0837.jpg,meningioma,meningioma,1,train,43966d2315ad00f8034fcef6c93f2838a17df8d46e7a7a8e9374665d787a2e83,490e33131b1b3333,
dataset/train/meningioma/Tr-me_0839.jpg,meningioma,meningioma,1,train,028223a7646098304286d6306082f93ce4c1611de933f52fff8c9f45e4f15b19,4e170f070f0e1617,
dataset/train/meningioma/Tr-me_0840.jpg,meningioma,meningioma,1,train,933710b072f91429550e58495f34fd1f93c449c89adf8ac9ea82cff0e70551c3,610d17373723278d,
dataset/train/meningioma/Tr-me_0841.jpg,meningioma,meningioma,1,train,790b260186b992681c567e18b8a73742e5fd657558bd2853122c435a5a473cc5,610f17373723378e,
dataset/train/meningioma/Tr-me_0842.jpg,meningioma,meningioma,1,train,d5a3a20bf04be963c87d0cf1be90dbf9f5fd80de13408793d6175fd18cbb09fa,490e170b3717170f,
dataset/train/meningioma/Tr-me_0843.jpg,meningioma,meningioma,1,train,9835abdc51d5f420e47ed1c00c5f020224f1651446ea092c57f7fb67663a23f4,334d0f0b2b370f61,
dataset/train/meningioma/Tr-me_0844.jpg,meningioma,meningioma,1,train,171d1d4c3991c36885c576883d5ebf72f2782d9f5844ee35d2b97de84b285171,4d0e17173713330f,
dataset/train/meningioma/Tr-me_0845.jpg,meningioma,meningioma,1,train,1f95ac6affaf86af219e79383b279c8d66ce7c35e2951cf7ce3c19085710ee30,4c0e371727231717,
dataset/train/meningioma/Tr-me_0849.jpg,meningioma,meningioma,1,train,d9ddc18041215d16f105e4d45a39edd077a37101d5b7a024688d6ffe2be5579e,050e171b1b230f0e,
dataset/train/meningioma/Tr-me_0850.jpg,meningioma,meningioma,1,train,e432dbdddb99a2db75dc8afdf7c55798ff04da75278c51b92d35c179d75407fe,8e2355174d0f3337,
dataset/train/meningioma/Tr-me_0851.jpg,meningioma,meningioma,1,train,3cdb002f853f95ec9f631a4276bfd9bbe9423a8fda4f543a8972c3a4c5402c94,490f1b0f1b170f0d,
dataset/train/meningioma/Tr-me_0854.jpg,meningioma,meningioma,1,train,f15c64016033c5b6d9aa05efd5e467f0d597fed0dee931d59a752010b6c5d9e0,0e27174935131717,
dataset/train/meningioma/Tr-me_0855.jpg,meningioma,meningioma,1,train,5214cdfa47cec95c858bf2baf4c778e43bf0c182bf614cd821da282b5ff55e9a,0e27172d35131313,
dataset/train/meningioma/Tr-me_0858.jpg,meningioma,meningioma,1,train,1201151a49c26ab3829c823345d241be167d6de6a9db2f1a0ca0a04493992b98,090f0e0f1727174d,
dataset/train/meningioma/Tr-me_0859.jpg,meningioma,meningioma,1,train,8f9c305ee1ad7c0f9e616d2f95e5536f5858b575e81d7a56e98b574bb8a20666,1717172b552b2b2b,
dataset/train/meningioma/Tr-me_0861.jpg,meningioma,meningioma,1,train,193a67c6940542684a72ac8d2353cf27d3702dd9cf5c16ae79f23bfcf24b4287,8d2737275d491119,
dataset/train/meningioma/Tr-me_0863.jpg,meningioma,meningioma,1,train,7474dd944ede572c2025577fbf35232710809423f70125834623fe0ccbeaff96,8f3733175b533333,
dataset/train/meningioma/Tr-me_0864.jpg,meningioma,meningioma,1,train,eb94dccbfc0c49e461d880259411c5dc62cbf2b0b779d5636a607061d694eddf,8d17733757573333,
dataset/train/meningioma/Tr-me_0865.jpg,meningioma,meningioma,1,train,b3d3bbcc6e706fd486974a879874158c9584d9d11b102b3c43144f03e5551af8,8d2733670f59191b,
dataset/train/meningioma/Tr-me_0866.jpg,meningioma,meningioma,1,train,4dda96119006088eabab66211b1cdd0f9f3f3448366ec8e08f07fc630c857466,8d27737717511b1b,
dataset/train/meningioma/Tr-me_0867.jpg,meningioma,meningioma,1,train,0e3718ea040f5836250df218b2c806dd2f7115316b98895193114a05ab35c915,630f171b07230e4d,
dataset/train/meningioma/Tr-me_0868.jpg,meningioma,meningioma,1,train,c99100c3c43b0394d68e6535b9e3832d5a06d02f077b3ff218f0e84266d29f24,4d0e172323130b17,
dataset/train/meningioma/Tr-me_0869.jpg,meningioma,meningioma,1,train,da5da424e765704b2cb9978665dfdbee5c1bbdc50a75de3de55732ba6e95ab54,4d0713332b131313,
dataset/train/meningioma/Tr-me_0872.jpg,meningioma,meningioma,1,train,b8a72a6ed1229b7b33dc11c8641ebf15e55e9db20fd933e6372234013b8707b8,4c0733172d13230f,
dataset/train/meningioma/Tr-me_0873.jpg,meningioma,meningioma,1,train,0732cf62e96a0ac20c1a03c751cfbc557d3977edbeecb631007d9f8e9ca364f6,4d0623370b0f1317,
dataset/train/meningioma/Tr-me_0874.jpg,meningioma,meningioma,1,train,5f2e5157244d403351232fcfaeef874e7a065576b768a28c42b6bee1dab03301,4d063333070f372b,
dataset/train/meningioma/Tr-me_0875.jpg,meningioma,meningioma,1,train,46f9052c034db957c95bd30de2bc63a2da16044dc2f698d62aa66b2f4973d4c7,4c0633331717372f,
dataset/train/meningioma/Tr-me_0876.jpg,meningioma,meningioma,1,train,0be7085b104fb22b95d95780cc5ba4de0c443f6ca86b9e4263843c6ffdbfc61f,4c86333703173636,
dataset/train/meningioma/Tr-me_0877.jpg,meningioma,meningioma,1,train,cf6c6452629f82caf858493dc4fd1b7f8750e80c6734f8c24534234a12a2d788,230f070f0f0b0f4f,
dataset/train/meningioma/Tr-me_0878.jpg,meningioma,meningioma,1,train,2ac5ec24d5501be6c5b23d23ee86df06cb86a95fc52920eb8e657581edc45e0a,490e333713133616,
dataset/train/meningioma/Tr-me_0879.jpg,meningioma,meningioma,1,train,0d4d561fc6d794c4c6eca2f198f746afe51a361b6fbc90c193abf84221fc60a4,490f23131717332b,
dataset/train/meningioma/Tr-me_0880.jpg,meningioma,meningioma,1,train,6e108bd2a8d2f90d7b7d7d9b2a647c6a9c04afe3eff3a17a27824e0375d5cc53,214f1f0f0b2b0f4d,
dataset/train/meningioma/Tr-me_0881.jpg,meningioma,meningioma,1,train,6d9fb8240f0d35b16a5c82dac3308d13dcfe6c19e060b40bec0e513ee8281985,490e23131717330b,
dataset/train/meningioma/Tr-me_0882.jpg,meningioma,meningioma,1,train,8a58fce28d57c212232783221157ebbb36039d6ddb8de607add5d52e990c2abc,8e1713172f230f96,
dataset/train/meningioma/Tr-me_0884.jpg,meningioma,meningioma,1,train,26ae8d4fdb29db2cd71d56dd92008993473ab04daab4efbb92a4af06706f7d19,0e0f2b170b131323,
dataset/train/meningioma/Tr-me_0885.jpg,meningioma,meningioma,1,train,e6ea24487fb4f7c12da673f4d2115e454937ed52b81e094d1271d2b797a56695,8e0b13174f2b2327,
dataset/train/meningioma/Tr-me_0886.jpg,meningioma,meningioma,1,train,74e34982b2c42313f933c21c4644531610c227e6e5ffdc920a1e7a6cf3a7c295,8e0b2b174f172323,
dataset/train/meningioma/Tr-me_0887.jpg,meningioma,meningioma,1,train,299c81643275bf300c7fb3eddddfc40c287309f015db6caef7c7f4514ae43808,0d1737270b2f0e0d,
dataset/train/meningioma/Tr-me_0888.jpg,meningioma,meningioma,1,train,b57a76a9d3617f97323f664ebf06c63765770d44a131a40340fd0c215c6423d8,4d1f1b3357554f37,
dataset/train/meningioma/Tr-me_0890.jpg,meningioma,meningioma,1,train,6b517de27a4e4a73ec7ab95b2d316151f8078e2d6d9cc1a2ddd22e4ffbe929ca,4d1f1b7357555d2f,
dataset/train/meningioma/Tr-me_0893.jpg,meningioma,meningioma,1,train,bd03822a12050320ef712ef0b6e12146dc41b50e68dd6555a2721669546909c8,210f17070b170d4d,
dataset/train/meningioma/Tr-me_0894.jpg,meningioma,meningioma,1,train,8d2ea2baff3f9ffce0f4b774ab6b523c4833c06ced446485119aec4916a9652e,4d172b2b2b2b06f3,
dataset/train/meningioma/Tr-me_0896.jpg,meningioma,meningioma,1,train,083a956e37459fd225cec6467ba136502bfe79bad88eb7dd5b4f4e761074de03,0d0e131b172f0e4d,
dataset/train/meningioma/Tr-me_0897.jpg,meningioma,meningioma,1,train,db01a452cd2bc8950a03e6ea270b6b20e439fde923c9a2cd30b212f3443b698b,0d1737371b171f0f,
dataset/train/meningioma/Tr-me_0899.jpg,meningioma,meningioma,1,train,f23f2338a966cbf9798835bfbf72b3efa8b0073dc5b037a22368b24acd0c1395,130f070f0f0b0f4d,
dataset/train/meningioma/Tr-me_0900.jpg,meningioma,meningioma,1,train,a2cca123ea78706db2802de90980a32d97e84eeaf0a4b08b5af4e5d4f73519bd,4c0f2f0f235b170b,
dataset/train/meningioma/Tr-me_0901.jpg,meningioma,meningioma,1,train,1de23ff0812c85e138808ecc1b51f314c4b31666ec4be2e4ff8597d73e81d4b1,4d0f3b0f07130e4d,
dataset/train/meningioma/Tr-me_0903.jpg,meningioma,meningioma,1,train,f2eb393a8fb13bb66e2909c17b871fa9d18d74f38c9f7198b83160284ba6eeea,c90f272713330f07,
dataset/train/meningioma/Tr-me_0904.jpg,meningioma,meningioma,1,train,b34810d0804622c37395da5bdda94a935c636de31b45e267902bedbf8dbc2803,cc0e272713130707,
dataset/train/meningioma/Tr-me_0905.jpg,meningioma,meningioma,1,train,29a669056d1951becc040e7fbf475d0d0ad802cb80084f43f88da23e001da340,8d0f23270313170b,
dataset/train/meningioma/Tr-me_0906.jpg,meningioma,meningioma,1,train,b7dfa8de41871a3de811d28358f1845760b15f950e5a9b508bc3d27f5b4766d6,690f0f2b33172f36,
dataset/train/meningioma/Tr-me_0907.jpg,meningioma,meningioma,1,train,4632235f0b739980b35b1afb70a946ce6be8aebe284add9cfd8048973baf152e,cd0723270f0f1313,
dataset/train/meningioma/Tr-me_0908.jpg,meningioma,meningioma,1,train,e7da6788587df82c314c573c00743f9839f2698825612b2f4156e57cbdbe6102,4d0f23270f0f3b13,
dataset/train/meningioma/Tr-me_0909.jpg,meningioma,meningioma,1,train,a5c709f5add49de5fb3c826eab17bf990ac6557812aced0c84c75521a56617e4,0d1737271b171f0f,
dataset/train/meningioma/Tr-me_0910.jpg,meningioma,meningioma,1,train,115f57a68b82a81dddec88373e3a9a4cc98df3bfcc91234ff765393a631633bb,4d07232717171713,
dataset/train/meningioma/Tr-me_0911.jpg,meningioma,meningioma,1,train,c74ef830a9aa3d16a52a81ffdc451e7b20cfbd2cc9ffeec622f1620c00c93a3e,4d0e2b2b1b1b3726,
dataset/train/meningioma/Tr-me_0912.jpg,meningioma,meningioma,1,train,5b3f94611cdfa73ef3d0e5f4411ef66cccbdee60069e14712613bd59dcd4ad51,418e332b1b2b2e36,
dataset/train/meningioma/Tr-me_0913.jpg,meningioma,meningioma,1,train,4316e4fabe777e66d3e1f60e7daa9a54cb599381b7e7d3f1d218402bbc7f7450,418e332b0b2b969d,
dataset/train/meningioma/Tr-me_0915.jpg,meningioma,meningioma,1,train,3f12ecdae00cc994e441a58d5a0f2364d17521d0bcc7ccda9a9d60855ab6849f,4c1733170705139b,
dataset/train/meningioma/Tr-me_0916.jpg,meningioma,meningioma,1,train,c4f8020ec6ff0675faa718e796f58867102bd5a2d70e8bda7f9ad7af6da669df,4c1733131317078f,
dataset/train/meningioma/Tr-me_0917.jpg,meningioma,meningioma,1,train,2a4e4cb02b24f583eecd3ce4abd57653d4ac938e8a76e0d5422b574a5a39d103,4c17331b1f072f8f,
dataset/train/meningioma/Tr-me_0919.jpg,meningioma,meningioma,1,train,5e1e4798d4516b8b85323f1cb098f0f5f08349eb4f15b9415a4d6436e2282d7d,4d0e172733170713,
dataset/train/meningioma/Tr-me_0920.jpg,meningioma,meningioma,1,train,49015205f06081a262490c8de5234054d9abdfa0457a479b74760f671a0b1550,4d0e172737330713,
dataset/train/meningioma/Tr-me_0921.jpg,meningioma,meningioma,1,train,6985d221f3c7158e39a5a5d6fce2e2737ce91c7f9d6019344f1bdbb2266994f9,4d07171727371707,
dataset/train/meningioma/Tr-me_0922.jpg,meningioma,meningioma,1,train,77f83f3bd676163880f120369ca7745e7c12baefa7da6f93ad9448ec23e5d860,8c07171717133313,
dataset/train/meningioma/Tr-me_0923.jpg,meningioma,meningioma,1,train,be4b989ee39cdff5c93a2a5e5a3963215b03eb30bd16b1ad63f66a89e1802967,4c1f232f0f2f3796,
dataset/train/meningioma/Tr-me_0924.jpg,meningioma,meningioma,1,train,d4a14fd648e9bbc3bd50369e835f1cd372ce29d02d43de2a769031a7fef8ef6f,4c1f33270f171717,
dataset/train/meningioma/Tr-me_0925.jpg,meningioma,meningioma,1,train,1a9e6d9355f70b94ce68cf8f31245cb04f1a9e844634e0b5d59d5424e06b10ec,4c1f33230f179696,
dataset/train/meningioma/Tr-me_0927.jpg,meningioma,meningioma,1,train,1d6a6ced3db1997b2ab25ee8858868975ab022d9187a146ddb3f76329d32384b,4d0e130b2b179e16,
dataset/train/meningioma/Tr-me_0928.jpg,meningioma,meningioma,1,train,77f72dbcb9c4fd392bc1c93806e3bd0f2611fc455909412c6a2804a6faeb0aa2,690e17230b1b3317,
dataset/train/meningioma/Tr-me_0929.jpg,meningioma,meningioma,1,train,32324abd581102ec05f9ad699c5a4fc38e664d82ab6dd3e2fc93ddce75918a36,4c0e07170b2b3333,
dataset/train/meningioma/Tr-me_0930.jpg,meningioma,meningioma,1,train,77e7bffcd7905411751bf2f7e3fd8aa2d8eb915763793e2d08005ba0e46b9377,610e0f172337172b,
dataset/train/meningioma/Tr-me_0931.jpg,meningioma,meningioma,1,train,87ec0c44706a2d12a6b7210106bad4941b2b61067ef3a68491458fc54bd4661e,6d0e0f2f33170f17,
dataset/train/meningioma/Tr-me_0932.jpg,meningioma,meningioma,1,train,046b9b75be07703df500622fef3bd9c49a1386ea6f4325f730c91489856db016,4d0f0f0733171717,
dataset/train/meningioma/Tr-me_0935.jpg,meningioma,meningioma,1,train,05730c1b2603d901d540a8f923fa3db4ebaf6513e21fd385ae4a8aee0539682c,4c171317372d3713,
dataset/train/meningioma/Tr-me_0936.jpg,meningioma,meningioma,1,train,e74dddb4b95faba88f5fe9678d74ed4a2a5f52c126ddbc218f86c3bd1637bf0d,4c1723170717170f,
dataset/train/meningioma/Tr-me_0938.jpg,meningioma,meningioma,1,train,6b8329eccb52af1a216e7798f56d8e086aac0c6a6a3c31875f27fef4d5ae66fd,4c17232327278e8e,
dataset/train/meningioma/Tr-me_0939.jpg,meningioma,meningioma,1,train,2a42cc2372b9058882bead2cfa56ad9707a5d0b3986fdb1b55ab9ca895ab6652,8e1307554555554d,
dataset/train/meningioma/Tr-me_0942.jpg,meningioma,meningioma,1,train,8eba034711d5cd45561a26f8906feafa28e83f4cd5d056ccc69e5336b7ec18dd,4d060717172b0f4d,
dataset/train/meningioma/Tr-me_0943.jpg,meningioma,meningioma,1,train,f8eb367086ba5ba904bf0a04326fe85047e0be3e834a343833d888c9c9f7efeb,8e3337174d173333,
dataset/train/meningioma/Tr-me_0944.jpg,meningioma,meningioma,1,train,6bd98378ee56157c5dc62c5686588b33ed5c311779e37126a7f79b4afed37f83,8e3327370d172b2b,
dataset/train/meningioma/Tr-me_0946.jpg,meningioma,meningioma,1,train,628097b67ccb35732666ee2d47621fac4df38f0c5274f173f2d3d2f93656b5ce,0f17073333170706,
dataset/train/meningioma/Tr-me_0948.jpg,meningioma,meningioma,1,train,5e8e2946e2749673cd561721a7a0cd978a1f1c9eb38ce755c082190250acd1ce,690f0f1733131712,
dataset/train/meningioma/Tr-me_0949.jpg,meningioma,meningioma,1,train,a941f05c3aae124fc6496ae095c76b8a1361579eda0f873cd9f10aa7b1e20939,490f0f1733171733,
dataset/train/meningioma/Tr-me_0950.jpg,meningioma,meningioma,1,train,db743f0002b6b0e17906740df1df1a2e517c71a532ca761d56a3ae93d5df7a57,480f2f173337170f,
dataset/train/meningioma/Tr-me_0951.jpg,meningioma,meningioma,1,train,5efa81291c0219d42b27d3998a46985dc4ad68e5f233f92ad92570b6ca89db4f,4c0f2f17232b170f,
dataset/train/meningioma/Tr-me_0952.jpg,meningioma,meningioma,1,train,93da26ce4aa406d21c4b6eb9231de815f716e6219b1aa2ed1785586531ea8472,4d0f2f172b03170f,
dataset/train/meningioma/Tr-me_0953.jpg,meningioma,meningioma,1,train,09c1396bd32bd4199756c3dbe63adee47c7ca836bb06ec0520e9d89c33f36d4b,4d0f17172b2b2b8e,
dataset/train/meningioma/Tr-me_0954.jpg,meningioma,meningioma,1,train,178764959eb65355880a15df9902f92340dbed0be124606e7fcc49a6f9b10ebe,4d07133337172f17,
dataset/train/meningioma/Tr-me_0955.jpg,meningioma,meningioma,1,train,486947f22d45173876988e52bb4ea86e6b1dfbc541d9a4b6267403bc78a3b56d,4d0f333307070e4d,
dataset/train/meningioma/Tr-me_0956.jpg,meningioma,meningioma,1,train,7b8ece74a07af7b3c89e5fda0ca1d9ed6d6ded8bdee88d8489823058e4d2dc23,4f073b3333130797,
dataset/train/meningioma/Tr-me_0957.jpg,meningioma,meningioma,1,train,158653c1b018f163aeebd3b34bc67366a957984550e6db191552f4a1a37daedf,480e23232b370e8e,
dataset/train/meningioma/Tr-me_0958.jpg,meningioma,meningioma,1,train,6b81ce896eb33f6415ce178bc07b255864777970461f852268ad768027c13e53,410e2723233b964d,
dataset/train/meningioma/Tr-me_0959.jpg,meningioma,meningioma,1,train,4e3ee1ddab8517c71a10117b9ebd99f0b9f894cba1120454b19283e6ec91454a,610e072b2b97966d,
dataset/train/meningioma/Tr-me_0960.jpg,meningioma,meningioma,1,train,27c163186722b07c45fdd1807ea6763e139b230f2c7844d2bac1214666f07197,8e17132933170b0f,
dataset/train/meningioma/Tr-me_0961.jpg,meningioma,meningioma,1,train,a233dc29ae4b3f9b03465e94104d737d077bdc7a80cf49160800ab7d31be9cd2,4c0f2b172b231703,
dataset/train/meningioma/Tr-me_0962.jpg,meningioma,meningioma,1,train,4754cf8f401bf1e66b1c814206a925a59b4952896bd701ced7600851e543a967,690f1727331f2b2b,
dataset/train/meningioma/Tr-me_0963.jpg,meningioma,meningioma,1,train,5f5fe0c5da7692506609203787c3964b2a245664e09c3594f7e8be6a3fcf8d1d,6d0f173333172b2b,
dataset/train/meningioma/Tr-me_0964.jpg,meningioma,meningioma,1,train,f476fb7645b451016ebf3b60c92cbc48529c48beb0fe7a19b7c5ad577714c41f,4d0e173723171717,
dataset/train/meningioma/Tr-me_0965.jpg,meningioma,meningioma,1,train,11e5b5238be1fb31797470d1263162199fb0662a56170c9f7b79a1f70b12fe42,4c171b1733351517,
dataset/train/meningioma/Tr-me_0966.jpg,meningioma,meningioma,1,train,de50c28825365e33874a63c04d528dc0fd0eff3efa26da2f63477eb17373b5ab,4d1713174b073737,
dataset/train/meningioma/Tr-me_0967.jpg,meningioma,meningioma,1,train,b53ed9da4d37c9ff4b8e125f4367b962695063a08f19385b1995a91a2ff5b187,400f330717071713,
dataset/train/meningioma/Tr-me_0968.jpg,meningioma,meningioma,1,train,ec8051542e21d423900015c9906a51027c9e1cbf0e061bc8b6819b69cf8a83a0,8f1717293353030f,
dataset/train/meningioma/Tr-me_0969.jpg,meningioma,meningioma,1,train,a73b92b2a5899b0d8ae739c4c6f26131aafa432aaa88f5949524ad0e4c893461,410f330713171717,
dataset/train/meningioma/Tr-me_0970.jpg,meningioma,meningioma,1,train,1d1056830d82a247803d606cbfeceed9647cfb988a1c0d878b51f0b1d9270473,4d0f2f1303073737,
dataset/train/meningioma/Tr-me_0971.jpg,meningioma,meningioma,1,train,c8069e28f471d0c14ab470a7d7f121bb3b1ec3aa339288aac45710e8dc212476,4d0f2b0b230f3337,
dataset/train/meningioma/Tr-me_0973.jpg,meningioma,meningioma,1,train,49b2e82b60e3b7e3e0bb916263a924eccbbc67833eabef47a67d261c71f56e75,4c0f2f2b17171337,
dataset/train/meningioma/Tr-me_0974.jpg,meningioma,meningioma,1,train,c3362744c0994ebd0642a9355466c22916434e2c3924f282f4ae6068630b7ee7,4d0f2f0b1717170f,
dataset/train/meningioma/Tr-me_0975.jpg,meningioma,meningioma,1,train,d0179dc2484764f0e0eab0b57af706705d96985d0e2d09a003b39f18be90f205,490e2f0b1737170f,
dataset/train/meningioma/Tr-me_0976.jpg,meningioma,meningioma,1,train,fca372e5646fd82756b1e6c1e75e0aa44a2b2243e6beabb2a445468e3c2575bb,0f17172d3353030f,
dataset/train/meningioma/Tr-me_0977.jpg,meningioma,meningioma,1,train,7452b36e76df158f377c4ba25e0ae8ac0921c16ce2480fbeab398512097eddf2,419e370f17233716,
dataset/train/meningioma/Tr-me_0978.jpg,meningioma,meningioma,1,train,aa6942a9edaba84b70a661135622d5d3c2aa7c294222087c6437ce2bdb23c8a9,419e370b370b3716,
dataset/train/meningioma/Tr-me_0979.jpg,meningioma,meningioma,1,train,8095b6db7da097f6358d1982ab320a75f85903629f4be721528c290b14d2d295,410e17072b2b361f,
dataset/train/meningioma/Tr-me_0980.jpg,meningioma,meningioma,1,train,8f829ae54cfcf4273ed1a5f7c8d45fb7a915a10a3a29190c935619179a7d2d66,480e171733333617,
dataset/train/meningioma/Tr-me_0981.jpg,meningioma,meningioma,1,train,66e1e9385c5297082c51ed029e517e1e0f3d1654e8ce6697626a916fef7c49cf,4d0e37754d457373,
dataset/train/meningioma/Tr-me_0982.jpg,meningioma,meningioma,1,train,598c80d8fe24a647a8ceb68519db40cd4ea30bba0043cd7613047f3f9900e8f9,cc0f33556d4d4b7b,
dataset/train/meningioma/Tr-me_0984.jpg,meningioma,meningioma,1,train,d0d72e428a13c8a186e4712b143be02c57063dd985e02475d4028ded83fed025,610f1717132b2b16,
dataset/train/meningioma/Tr-me_0985.jpg,meningioma,meningioma,1,train,23a5c32e914eba2dcb9d116dfa56e433bbffe4378ced9629a13c72c35b6a5b87,0e171b6d3373130f,
dataset/train/meningioma/Tr-me_0986.jpg,meningioma,meningioma,1,train,b9aa698b99536815fdc8d4b0ff114a8da24c3249eaaac5dc1e89a3eeef33fb02,600f171713232b8f,
dataset/train/meningioma/Tr-me_0987.jpg,meningioma,meningioma,1,train,9c29b5b481465aa7bd177d6580d12788ae76266880f230e966d8461eb8acf1e7,690e17171337139b,
dataset/train/meningioma/Tr-me_0988.jpg,meningioma,meningioma,1,train,001e83da30735f4854ad3e2d7f7e55e4f36c1549e907132a8d89252f929182e1,4c0713132b13130f,
dataset/train/meningioma/Tr-me_0989.jpg,meningioma,meningioma,1,train,c04485ecf1009bdc1c677177a872d25837897e945a2f103067f037ca2e1c41a4,4d0713132b13170f,
dataset/train/meningioma/Tr-me_0990.jpg,meningioma,meningioma,1,train,a4f0ba51bebfa8934de543e1fab0a21ac537f6948f5b3be04c2282bfb32ea825,4d162f330f373706,
dataset/train/meningioma/Tr-me_0991.jpg,meningioma,meningioma,1,train,36c2d1b1cd0c31a861c37fb60fb042cccc8a533c97a8783b29aff3c5288c13df,490e2f2b2b2b2e27,
dataset/train/meningioma/Tr-me_0992.jpg,meningioma,meningioma,1,train,09b7ab00dbdca52f9f7f84bbe26813b53f8ff68e23340b39ec3ec8741df9d01b,0e072f1707131313,
dataset/train/meningioma/Tr-me_0993.jpg,meningioma,meningioma,1,train,50624e206dc8dd2f8b5f9b883ed4814a470e41e2ab940df06b1b222181703b6a,8e072f3713139313,
dataset/train/meningioma/Tr-me_0994.jpg,meningioma,meningioma,1,train,1c3f42440631d3c607073bb42aee34fc49d2095af54f025d77711749fae6160f,0e072f172b139b0b,
dataset/train/meningioma/Tr-me_0995.jpg,meningioma,meningioma,1,train,36235afcbf5fff787d5d68456b27e18a179b4165b75c59d8cc31f40579e96ab5,8f072f1f231b1b0b,
dataset/train/meningioma/Tr-me_0997.jpg,meningioma,meningioma,1,train,7b80ba23ce4918f3f239bbdcc75897745ad1592a0e1651a029dd4c05999d6ca7,4d1f17332f370f17,
dataset/train/meningioma/Tr-me_1000.jpg,meningioma,meningioma,1,train,790af09dbd29e0767f7dc4952ffc8386d386c205652bd6f504612c1bdeea103e,4d162b2b2713131b,
dataset/train/meningioma/Tr-me_1001.jpg,meningioma,meningioma,1,train,ecd7239367633454d44bbf208a10a7c606564d73deceb947698c432ab1065595,490e032b27130f1b,
dataset/train/meningioma/Tr-me_1003.jpg,meningioma,meningioma,1,train,cc643ea393c2dbf4200f6fb2707b4613d1312073ac5c9f1d32a7ce55723c79bd,214d170e06169616,
dataset/train/meningioma/Tr-me_1004.jpg,meningioma,meningioma,1,train,9cc7995cd7d4d945f4ee2bfcc32de48dc5d04fa43ee8369faca47a6727b35651,11690f1616174f0f,
dataset/train/meningioma/Tr-me_1005.jpg,meningioma,meningioma,1,train,ef0e11d139ea444dbd4e266a8ccd3f79d22d82c5b16189481ec4047b605fb9c8,8e0717132f331313,
dataset/train/meningioma/Tr-me_1006.jpg,meningioma,meningioma,1,train,c95863e647b475a893895158643ea492ef7feef445f97a0c03cf98b821c92487,8e2717330d07330f,
dataset/train/meningioma/Tr-me_1007.jpg,meningioma,meningioma,1,train,95a98907bf363a65182925038668cdaeb760e61713ea32c2b8c65457326d5316,8e27171317173313,
dataset/train/meningioma/Tr-me_1009.jpg,meningioma,meningioma,1,train,abca2b22229fea165162669f2f856566968ae17b61ffa60a43913fd97481e9bc,8e0717170713138f,
dataset/train/meningioma/Tr-me_1010.jpg,meningioma,meningioma,1,train,255a8722a287e7aa70bb0765415e21cb94470e096777c65ae23678a27bfadf21,0f37735b5f0b2b0f,
dataset/train/meningioma/Tr-me_1011.jpg,meningioma,meningioma,1,train,63c21bf53f5514e0aeee2cdb42439186f19849ce90b225ecaf673fa4790d70e3,0c1713175b332767,
dataset/train/meningioma/Tr-me_1012.jpg,meningioma,meningioma,1,train,a60799afb014eb9b4aede4e355e166f35f629e5c93b0012698f6019b39b7d9c8,0d1f171733170f0f,
dataset/train/meningioma/Tr-me_1015.jpg,meningioma,meningioma,1,train,ffaf15d5ad589179c09a3debcd86f195cfe53b7ae88f888d1c9a224b96068983,0e0f171717171717,
dataset/train/meningioma/Tr-me_1016.jpg,meningioma,meningioma,1,train,2ecb212c2b913faf36ccd2073676f4db48ed90adf9fc0608610c5e3eb31b8db1,4c172b2b2b0b8b9b,
dataset/train/meningioma/Tr-me_1017.jpg,meningioma,meningioma,1,train,fcafbf9c8eb652d8181ab368ca7c4dde56c6a13db0e7484e5d62b040382d1ae5,8e1b1b1337179693,
dataset/train/meningioma/Tr-me_1018.jpg,meningioma,meningioma,1,train,4a9c32b6d8edc02bb12c97ad55f1dbc43307a8b7912bfd7e15e3e2bbeea19ce3,0f17630b5f0b0b0f,
dataset/train/meningioma/Tr-me_1019.jpg,meningioma,meningioma,1,train,c391670b8548cae15dd1e59be7f7ba416334f2e20aba39a21b60a9a3c625e42c,8e1b1f132b0f0f8f,
dataset/train/meningioma/Tr-me_1020.jpg,meningioma,meningioma,1,train,c7de3bc9b62521d6a76feef121f77fc2fd41d854f8ac83fd4a6c9cdd6e7e9960,8e1b13172b0e8f8b,
dataset/train/meningioma/Tr-me_1021.jpg,meningioma,meningioma,1,train,fde8600f7c94ecfc996d792ea6b7acf46cbe395aa2b0e792ab5aa877d142aad3,983e3f17273f170e,
dataset/train/meningioma/Tr-me_1025.jpg,meningioma,meningioma,1,train,2ed31f3415e9cae859bf94ee0f6758eaa94d32a148e1353d6fae108527de61cf,1f33596f49293b33,
dataset/train/meningioma/Tr-me_1028.jpg,meningioma,meningioma,1,train,a3700c7bbe41e3f8231af20c9677c372faa3fab5e2fc718d40a5bd7493898f4d,1c17537773231731,
dataset/train/meningioma/Tr-me_1030.jpg,meningioma,meningioma,1,train,dff24e77000735d77a3c02cffbddcabfe591ed9ae5d9263e588441dc78cd03f9,9c0e672771411303,
dataset/train/meningioma/Tr-me_1031.jpg,meningioma,meningioma,1,train,8c67f97827c1f777db46d601c7042276c762b636844b0d1d2d3361c58884d743,40862f4f6b033397,
dataset/train/meningioma/Tr-me_1032.jpg,meningioma,meningioma,1,train,c59e752aa923884714155afcdfdd76f082e92f14de35e834d9a688821b0b9eff,409e0f4f6b233393,
dataset/train/meningioma/Tr-me_1033.jpg,meningioma,meningioma,1,train,67c4cb3fa5ff9572eab9c8275043ff331f5d1ed7b9cfd7343ca37ebf8b690823,409e0f0f3b372597,
dataset/train/meningioma/Tr-me_1034.jpg,meningioma,meningioma,1,train,7a150a1c581ccef225181a00f0b01518438bbcb6aee85c925746f2af3d8d0f63,9c1e235f53271787,
dataset/train/meningioma/Tr-me_1035.jpg,meningioma,meningioma,1,train,e2a955142f1b608205f3bc0ef078d801a644682d608e894950e2d1d85b543e75,4d0e17130b230e49,
dataset/train/meningioma/Tr-me_1036.jpg,meningioma,meningioma,1,train,35e81a1b763295a5acecb1f54478b2ce1583ab334ad71f7e368043ab5ef176e8,1e375f474b2b3717,
dataset/train/meningioma/Tr-me_1037.jpg,meningioma,meningioma,1,train,3b7d1314e0187929a5ef5813ee5b954e3ad4973e4045d0d08141a385d5e14ebc,1e375f576b2b3737,
dataset/train/meningioma/Tr-me_1038.jpg,meningioma,meningioma,1,train,16bd8d367b1784c7adeddcd309d48f8cd537f56803d7a9dca57fe1cff0a50d00,1e375f674b2b3737,
dataset/train/meningioma/Tr-me_1039.jpg,meningioma,meningioma,1,train,709b92f6da6aca8a5af8d5a7efb55d68bf595fb783b1d0559d558e04d1cd6bdf,4d0f333307270e4d,
dataset/train/meningioma/Tr-me_1040.jpg,meningioma,meningioma,1,train,b891dc32f03a2b15eed07c6dbdcff17bfb0f63a0bca6329b0c0273f482c01412,1e2753135b273f1f,
dataset/train/meningioma/Tr-me_1041.jpg,meningioma,meningioma,1,train,b5c411440c49e9f18a843b1314cc87c7bffed8f042e2cedad732c34e49d568d9,1e275b5b5b332737,
dataset/train/meningioma/Tr-me_1042.jpg,meningioma,meningioma,1,train,e73a94ef2f96e81a1311fce7b9407d4041be8020b8e77a649984e09ccabb082b,1e275b5353332737,
dataset/train/meningioma/Tr-me_1043.jpg,meningioma,meningioma,1,train,d3039cae81c2415c2de5e6217b19ecdad101db17547c4f8fd7e9e15b2d06f54c,1e2753132b2b2f3f,
dataset/train/meningioma/Tr-me_1044.jpg,meningioma,meningioma,1,train,905a727cd9023461278f49aea64e39987014ab2520a75c262d79239875528cb4,4d0f17172b230f41,
dataset/train/meningioma/Tr-me_1045.jpg,meningioma,meningioma,1,train,5ef4168c208d28d5d4c366ebda0143c9fc965f2d71ecd232318b59d743d64fc4,1e2f17132b2f0b3e,
dataset/train/meningioma/Tr-me_1047.jpg,meningioma,meningioma,1,train,cc2ad61b029bba91680bf86cd7f66da1e077236d98a79b281600c0e44beca5c1,9c364f173b632323,
dataset/train/meningioma/Tr-me_1048.jpg,meningioma,meningioma,1,train,22b05c094c082d02167f90b9e0a822baf64897ea6e892deec265261251ba747b,cc1e2b676b49631f,
dataset/train/meningioma/Tr-me_1049.jpg,meningioma,meningioma,1,train,aa8642ef51365dd122024aa54621be250a86d01b3ce82ac00caf4f492a381505,9c1f172f332f2b2f,
dataset/train/meningioma/Tr-me_1050.jpg,meningioma,meningioma,1,train,3fa88fd951892f2e7571ac384e7171b4ead274e1f368ca9d65a48548aca490f8,9c1f0f2b23272717,
dataset/train/meningioma/Tr-me_1051.jpg,meningioma,meningioma,1,train,2303dbe801fd071eeb78fc7afb150bdc22b7a2e840d88ebf7fc7d73b76f5b995,c01c271b13231b8e,
dataset/train/meningioma/Tr-me_1052.jpg,meningioma,meningioma,1,train,23c5117dcdb5ffabb6815b588b0f51b833e623e1d1cdf8e55d24676a9d7425aa,490f16272b370f41,
dataset/train/meningioma/Tr-me_1053.jpg,meningioma,meningioma,1,train,75b9ed238e190bb3cbf41ce364e04cd6598e0e5b1c83a45dd051954d8c35359d,608c2e1b1b33350b,
dataset/train/meningioma/Tr-me_1054.jpg,meningioma,meningioma,1,train,4a1f7e917c61390c2d697d3bee01f7155f175baa8534a1a3639d7ecbfa7b281a,408e371b1337350b,
dataset/train/meningioma/Tr-me_1055.jpg,meningioma,meningioma,1,train,b567a08b2de146d48c2c8ffde8c514007d9fdd0207450b5d3368f6ac9bb4ce5e,c00e371f3117173d,
dataset/train/meningioma/Tr-me_1057.jpg,meningioma,meningioma,1,train,83d3c0cf942cc37eed220dd62903487e5a27cf1757c864f5bde36c5c8d2a3c5d,8c1f0b1d13551683,
dataset/train/meningioma/Tr-me_1058.jpg,meningioma,meningioma,1,train,852380cbf796b368639a416071390697d13b77007816825cc750ad5f3218256a,8c1f431f25513113,
dataset/train/meningioma/Tr-me_1060.jpg,meningioma,meningioma,1,train,a07acc701cc6ec3c5e94e9eefa3f4cd9f362d85f2be2e1bf09dcadaedb5f8baf,8c365b0b5b6b2f2f,
dataset/train/meningioma/Tr-me_1061.jpg,meningioma,meningioma,1,train,c98611a4cf0ff3ad32f3faab010234809c98ff486a47fe703e0350b623d5104d,1e2f1b3333050b87,
dataset/train/meningioma/Tr-me_1062.jpg,meningioma,meningioma,1,train,6850de4414799ffeff8453156b05e59049870b1e0801f956558ca825482a3a13,1e13272717370e0f,
dataset/train/meningioma/Tr-me_1064.jpg,meningioma,meningioma,1,train,1215ae4bf13e1f3f817fe1d4665c3ed7fcb0d530bd882a752b40a850171bdc0e,1e073b3315070787,
dataset/train/meningioma/Tr-me_1067.jpg,meningioma,meningioma,1,train,36617ab48add83e19735fbdf059661a267925ea5ce3876927239c6909716aa07,0e9ff3eb69ab6317,
dataset/train/meningioma/Tr-me_1069.jpg,meningioma,meningioma,1,train,0ccd715ae7fa3daf1dc8580edf447b3124cf13f803cdceae6014daa188b20b0e,1ecfb3afebeb6123,
dataset/train/meningioma/Tr-me_1070.jpg,meningioma,meningioma,1,train,323c3d7f7e2ba0d4a45c551d953269f29be99420dfd1221a63dfd34b6a83edc5,4d0e17170f2b0e4d,
dataset/train/meningioma/Tr-me_1071.jpg,meningioma,meningioma,1,train,c9c719f67c1fb25b19f1ac7ed573feedc11edeac0c5ef8baed33591aed6a3f31,3e9f33efebeb6323,
dataset/train/meningioma/Tr-me_1072.jpg,meningioma,meningioma,1,train,700b075f436278d304f5f83f542ae7ee28c0b3f7371ed5d765355a5f3e75a93b,9e3f537b49651119,
dataset/train/meningioma/Tr-me_1074.jpg,meningioma,meningioma,1,train,686a9249404bede1997dd14fb82cde958782e5c8403a6410e54ba7ea7c849553,8c1f4f2d4b43170b,
dataset/train/meningioma/Tr-me_1075.jpg,meningioma,meningioma,1,train,1c522f19cc6c58993b7ee2c8664dacedb1f6a5f8031f9342f0b8f4409b8f1b70,600c972333959b1f,
dataset/train/meningioma/Tr-me_1076.jpg,meningioma,meningioma,1,train,d620cb0e3d960389b9a5a9684831c19e88736d2941e9bdb6b6a5a57effc79507,408e272531359b97,
dataset/train/meningioma/Tr-me_1077.jpg,meningioma,meningioma,1,train,5645d1fc065c1af595184e5031bfd97cdff05204f3d43d88058e9913ff4c2c09,409e27152b371517,
dataset/train/meningioma/Tr-me_1078.jpg,meningioma,meningioma,1,train,1ddc07b40dd80b396ce695e57eaf6c1fb2f77ada6b89cb41593ed172ce143386,c81f271d19251317,
dataset/train/meningioma/Tr-me_1082.jpg,meningioma,meningioma,1,train,004a43ea02804dc17a75caefa0ff36b7161849acd8f9d3dbdde54d75c1455639,d81e0b1d5b2d3f3f,
dataset/train/meningioma/Tr-me_1084.jpg,meningioma,meningioma,1,train,4190c2678e334ce19070743e713dc7ad5854887d7724533f14169ee36bacea30,880e1b19292b3327,
dataset/train/meningioma/Tr-me_1085.jpg,meningioma,meningioma,1,train,35c0a701abb6578a77312b9d5a5bc84d438283f52f3fc435e3995753541171ce,c01c261f13272f2e,
dataset/train/meningioma/Tr-me_1086.jpg,meningioma,meningioma,1,train,ffc772adb2e707b6e0898b85f70e4ca69c2739bdee2682e97df88efac5d06697,9e2b051b23979e1c,
dataset/train/meningioma/Tr-me_1087.jpg,meningioma,meningioma,1,train,b75d3b17c45d310834ba37802dac2af44f72f92f033af6e5279ce998786abdc1,490f270737330f4d,
dataset/train/meningioma/Tr-me_1088.jpg,meningioma,meningioma,1,train,a1278dd9f48181c7e6581138c39a743a9ccec3e562719354edc8764404f739fb,9c0f4b55496b275f,
dataset/train/meningioma/Tr-me_1089.jpg,meningioma,meningioma,1,train,6fbb477712c85964f6f10d62b4b0e3c1aa75d4207f89dfbe7bc17ba271f3971f,9c1e5b274f6b2757,
dataset/train/meningioma/Tr-me_1091.jpg,meningioma,meningioma,1,train,fcd13413446c18f4014df86eb650ae3d1d734951308df23b580bb21e3ccb1d60,1e47a7dd25435219,
dataset/train/meningioma/Tr-me_1092.jpg,meningioma,meningioma,1,train,47659f0b7a3739148ba3a036ec2204283a0a233876b0a0458bf251bfae9c2da8,1c76973365475723,
dataset/train/meningioma/Tr-me_1093.jpg,meningioma,meningioma,1,train,acce01d813c85ee16924af1f9bfa173708b827d8f339e97923ba2a1b940ec39f,981e236f53230b9e,
dataset/train/meningioma/Tr-me_1094.jpg,meningioma,meningioma,1,train,bfc2226aabd1831af607caa558cf7655a1d6662e84a555050084ab795caa2475,9c1e2b655327330e,
dataset/train/meningioma/Tr-me_1095.jpg,meningioma,meningioma,1,train,f8e9cf980bdac1de7740d880c4f9fe47efdb4668fdd804c1e795b8bf2632d066,490f370f173b0f4d,
dataset/train/meningioma/Tr-me_1098.jpg,meningioma,meningioma,1,train,000b5af2922fff3ea689f3132b43538ffe9d01a8b9b2a09d4d0aa47ba94cda01,981e271703231b0e,
dataset/train/meningioma/Tr-me_1099.jpg,meningioma,meningioma,1,train,7666c7b3227f7a8563cb8cb25d615e7dd495eb1dade1be5c31a9c5e7c1dc1865,9c1e07270b330b36,
dataset/train/meningioma/Tr-me_1100.jpg,meningioma,meningioma,1,train,69328c57ae068628af63643557d386f2318ee123b924c151a595299c56682b3c,9c3f27273b230f4b,
dataset/train/meningioma/Tr-me_1101.jpg,meningioma,meningioma,1,train,a44c710ac3964568ff991581687b11b0c1390e4f2a1319c6f61509717bd78567,9c2f0f2f136b2f0f,
dataset/train/meningioma/Tr-me_1102.jpg,meningioma,meningioma,1,train,ebe6e738091b6e8e1388698bb4136d56f899a9beba92650b273e615527a97505,9c3f2f6f5b6b6f4f,
dataset/train/meningioma/Tr-me_1104.jpg,meningioma,meningioma,1,train,70bc6bf62eba29b778424c75ee64990a0f0a790642c37b42b14da40b66436cf4,304c8d9e868f1040,
dataset/train/meningioma/Tr-me_1105.jpg,meningioma,meningioma,1,train,bd4f5d7bccfef518b7dc09b54df83d446230f633200bb446461714c511c80da9,408c0e1b2b2b1f0e,
dataset/train/meningioma/Tr-me_1106.jpg,meningioma,meningioma,1,train,e9abfff35458c49d99bd74249644c304e0ac74c9f1a1a1956e34813d9f110438,409c0e1b032b1b1e,
dataset/train/meningioma/Tr-me_1107.jpg,meningioma,meningioma,1,train,67d5ea06379513aa119368053fd81c336310361cc476eec56235e510a2bcc377,8c1e336b2b2b2327,
dataset/train/meningioma/Tr-me_1108.jpg,meningioma,meningioma,1,train,db9384e1a2ce28555ab52dc93fbef62aa9e30b0ef287a886cc7b6815e6ba1228,8c1e332b332b2307,
dataset/train/meningioma/Tr-me_1109.jpg,meningioma,meningioma,1,train,32e220c761d9d8c32c77543a7690b8bc904870d56f6af42cfbbaa32a9b7556ad,8c1e232733272b2f,
dataset/train/meningioma/Tr-me_1110.jpg,meningioma,meningioma,1,train,c6e8617297566fce8a711b96cad066cf12f38536cb1f0715433d1a63c8a18007,d81e272b33232b0e,
dataset/train/meningioma/Tr-me_1112.jpg,meningioma,meningioma,1,train,53783744e1afd67cb2128a400e9efd13f5da0b9568c3ccf72e4e165040f262ed,630d160b2b130f4d,
dataset/train/meningioma/Tr-me_1113.jpg,meningioma,meningioma,1,train,77604455f088a139091cfea6131958c208e67398e5017faba71cf22b06eb65e9,8e370f290b06339b,
dataset/train/meningioma/Tr-me_1114.jpg,meningioma,meningioma,1,train,6f536f7347243b7be6b18ad7842c488c1bff7741bbfd8a6ea917800d4cafb3c4,8e3f37230d0b2b92,
dataset/train/meningioma/Tr-me_1115.jpg,meningioma,meningioma,1,train,6d45a914999f92115d439dbd3072131845afe89c0bb23a302605053aab30bef8,8e27573b4d09398b,
dataset/train/meningioma/Tr-me_1116.jpg,meningioma,meningioma,1,train,4ed28a901ad410724e09fd59e31b339afddda9646c2a1235d9363ea86a174031,8e3f0f1f13222d97,
dataset/train/meningioma/Tr-me_1117.jpg,meningioma,meningioma,1,train,22cb136a7f0d8fb0c492c060dd44181ce478ab52bcc71edda537a46e1b61a74e,c01e371f23653517,
dataset/train/meningioma/Tr-me_1120.jpg,meningioma,meningioma,1,train,c3e223710a7e32dd986114952395facb7273f8ce054c48f5ffa5513a8a5fe240,410f17330f1b0f4d,
dataset/train/meningioma/Tr-me_1121.jpg,meningioma,meningioma,1,train,e9ab10556d677a57a21de09dc7bb77af9fe045817ef85ab467d745ad6a5a97fa,c21c2e1b132b0b46,
dataset/train/meningioma/Tr-me_1122.jpg,meningioma,meningioma,1,train,94c9fe8d5cf4af4c596b9f4798220592799effa44bfc19bc348232532a086381,993e0f2b33230b8f,
dataset/train/meningioma/Tr-me_1123.jpg,meningioma,meningioma,1,train,d8934847ee16e6194ed30b5ba09727b530eaade5f8660632f768619a525a5bbd,4d0e132b07270f4d,
dataset/train/meningioma/Tr-me_1125.jpg,meningioma,meningioma,1,train,37f903232a54f0e401144d8d9d581cb7a8f558adf00cd7d8571a9b99e22be5ff,608c9e3333034734,
dataset/train/meningioma/Tr-me_1127.jpg,meningioma,meningioma,1,train,0ae8bf426bdc0ca9fbdc0650d6bc63704c1bc6fdae606644e532a39795b70717,d01e171333238b1b,
dataset/train/meningioma/Tr-me_1129.jpg,meningioma,meningioma,1,train,9d3679a5ffe462d9d6e3158247b3bbfcbe71a7846fe854c5de16a0b2417e24c7,4907372b0f170f4d,
dataset/train/meningioma/Tr-me_1130.jpg,meningioma,meningioma,1,train,e699cb88059cd2e3c72e665b5faf9d1f1840ebe7c72eab2ff57fbf18c2a30e25,9c3e5b3b37451517,
dataset/train/meningioma/Tr-me_1131.jpg,meningioma,meningioma,1,train,7d83efc5ce126b48a189790e7c1abe776dc60aef3ea20491b19845989a459bdc,c81e171b2d492b27,
dataset/train/meningioma/Tr-me_1132.jpg,meningioma,meningioma,1,train,fa32c6d562d7556c701a0044efa90789f763e467777dc40d95f8d7300cc0d0ea,8c1e371b1b253707,
dataset/train/meningioma/Tr-me_1133.jpg,meningioma,meningioma,1,train,98e43989ca09a7cb73af0e1aa710d63d4d8d8a31ab35dbfe50fbd88b1df71c56,8c1e27171b25171f,
dataset/train/meningioma/Tr-me_1134.jpg,meningioma,meningioma,1,train,ed8066f5cf4eb2eec87f30ba65c8ccebfed6b84c123ecfccf679332bcbc92762,8c1e07475929231f,
dataset/train/meningioma/Tr-me_1135.jpg,meningioma,meningioma,1,train,5401afead1b5252ced6bac4a77abf186830b9d1029db6976b58ae133d65d8879,9c3e4b67136f2d0f,
dataset/train/meningioma/Tr-me_1136.jpg,meningioma,meningioma,1,train,82f6b22e92fd7487a649b81de7f6160ba3ff7905577758ec5f2bc91e6b0b4ba6,9c3e57732367270f,
dataset/train/meningioma/Tr-me_1138.jpg,meningioma,meningioma,1,train,39ef15ea8064b8b0fb702705557d015c781f32b1f13801d987326af86b34f179,9c2e1f2b1727270e,
dataset/train/meningioma/Tr-me_1139.jpg,meningioma,meningioma,1,train,09cb616a4c05e98e6d0f569d06a8daad026d9e276c9189c578fb0660718d3c96,1c264f53130f2f4e,
dataset/train/meningioma/Tr-me_1141.jpg,meningioma,meningioma,1,train,63855e82e86b8acc3f0e1991dff271102482d646bb846c94ae440d492990782e,c01c2e0b3303c326,
dataset/train/meningioma/Tr-me_1142.jpg,meningioma,meningioma,1,train,077d4b7844c3c4c529b6acf529e3ddda9faa7bc3e294b703e52b14843688de77,40982e233383c336,
dataset/train/meningioma/Tr-me_1143.jpg,meningioma,meningioma,1,train,37a0d9f923e4381cceac3eaddb34a6449090dc745f818ca1400e598f8659eb5f,9c2e5f5b632b1b1e,
dataset/train/meningioma/Tr-me_1144.jpg,meningioma,meningioma,1,train,b205809df611ae3f90666bdec215f9b1ff3e3afb64f751d990a851e7334c5ed2,981e171b232b8b36,
dataset/train/meningioma/Tr-me_1145.jpg,meningioma,meningioma,1,train,f85e38d770a3ebc69142afb2005f7400fea8e01b286918528a374450a0939ee8,2e1f37272b1b360e,
dataset/train/meningioma/Tr-me_1146.jpg,meningioma,meningioma,1,train,d3cee82b6173239b290bb1e795fdff042647af6dd6b42aacac62cd725a7305e2,1e0f37272f2f361c,
dataset/train/meningioma/Tr-me_1147.jpg,meningioma,meningioma,1,train,75b7c6ce2a03d0c07e7a293fd31ec6c67682f0029b2f74431f23e7bc7b087473,1c2e172727979e08,
dataset/train/meningioma/Tr-me_1148.jpg,meningioma,meningioma,1,train,b958022543b5d3a414f7576f0856f38dbb94e3df68e475104c034228260ea44e,dc0f2b17132b2f0e,
dataset/train/meningioma/Tr-me_1149.jpg,meningioma,meningioma,1,train,0761381702aaf26daaadc8ea2e01d2bb8201369c19567d3010606eb905973c6c,9c0f2f13192b0f0e,
dataset/train/meningioma/Tr-me_1150.jpg,meningioma,meningioma,1,train,d12d7e3fb08258debce15cdb75ae0c964dbfebf86ce7e7756709d1130a317932,1c1f73776b632313,
dataset/train/meningioma/Tr-me_1151.jpg,meningioma,meningioma,1,train,99e2b7f33871d7dc1cc7b5d0b58e1697d3384709d691c5dc47dce25495aba1e6,9c3f072f330f0b0f,
dataset/train/meningioma/Tr-me_1152.jpg,meningioma,meningioma,1,train,a25fd093675d15c313b36a1433ba81217f378e3a359ad1061a810cf4cb497e3f,9c2f1313732f0f07,
dataset/train/meningioma/Tr-me_1153.jpg,meningioma,meningioma,1,train,aa050bde7cc73aaa0e59adc79f95ba3018346d444340ae65aef92add28224323,0f13335b0f2b0f4d,
dataset/train/meningioma/Tr-me_1154.jpg,meningioma,meningioma,1,train,4dbfe46d26ece25aca46d4e29ae20acffd3c7741a6d8dc4c3a51d539c25cc9b0,214f162b2b330e49,
dataset/train/meningioma/Tr-me_1155.jpg,meningioma,meningioma,1,train,5f0caf3d38d5c5d9736148abcfc7fc7471b0f1fe8ca4e2c14a77de12e636cbbd,0e336b49576b1b1b,
dataset/train/meningioma/Tr-me_1156.jpg,meningioma,meningioma,1,train,d40871a7af3e6ac97ff6375735be9d2572d2e3fa9aae97c5c56802dd3561571d,173b736949693b3b,
dataset/train/meningioma/Tr-me_1157.jpg,meningioma,meningioma,1,train,ad7a68b24ec23cd0e5769e33f63c20b3cccf189531899cc074a01c9de84c7f65,c80e2f4f77673397,
dataset/train/meningioma/Tr-me_1158.jpg,meningioma,meningioma,1,train,5b9f94aee09d352e3fefa8692df1ff2197918feb527789464f4cd20874d2e13b,880e376373671787,
dataset/train/meningioma/Tr-me_1159.jpg,meningioma,meningioma,1,train,0994c0c45c34de7c98eb3014a5aead164a49d298d4eaa0fd00d787dcce5b644b,9c0e4b334d6b2b0f,
dataset/train/meningioma/Tr-me_1160.jpg,meningioma,meningioma,1,train,040a415afd40cde551ea35ff4fad705011f381f0700de2479ed124c6392dc505,9c2e4b575b6b632f,
dataset/train/meningioma/Tr-me_1161.jpg,meningioma,meningioma,1,train,d31f0c2ad843318ead4714a548373acb2bc59aedcb6f4f9091506d575b99d48c,9e270f0b15373737,
dataset/train/meningioma/Tr-me_1162.jpg,meningioma,meningioma,1,train,45319c139d7fa32c671f5b1338a08ed00e541efd0a5d331d4010b8b46acb00db,234d161b2b330f41,
dataset/train/meningioma/Tr-me_1164.jpg,meningioma,meningioma,1,train,ffe12100f5ef29258c67e195c72176965cebdd7e6e08527931b45475f92bb5e5,9c2f271d192b3927,
dataset/train/meningioma/Tr-me_1165.jpg,meningioma,meningioma,1,train,52213db7fcad57b87d8e841fe5cd5c329bf56f746b35a79c05ed9b675887f76d,581e2715312d8b96,
dataset/train/meningioma/Tr-me_1166.jpg,meningioma,meningioma,1,train,f294a08f918075a02200b81540a9e6c4ca83a7c0a37bc8ce0b48ffa4ea8435ad,409e270b2ba58f0e,
dataset/train/meningioma/Tr-me_1167.jpg,meningioma,meningioma,1,train,11aaa101f04f1d203bff11ce37278bf83867c0b794702c9527d7c443f190f346,409c372f29330b0f,
dataset/train/meningioma/Tr-me_1168.jpg,meningioma,meningioma,1,train,8a63165f2681be6c837cc43f5034799104a9d2c92edd95129d989041bb222715,409e230719132733,
dataset/train/meningioma/Tr-me_1169.jpg,meningioma,meningioma,1,train,7303fd349b30125d3d0511f221be382fe76a7aafd1cc287894793a8a46619b5b,c00e2b071b1b2727,
dataset/train/meningioma/Tr-me_1170.jpg,meningioma,meningioma,1,train,d4e5ae5861d2a1ce6b5c9c8c5fe36cf68586da10e6762a966b02af8870478075,c01e373337298b43,
dataset/train/meningioma/Tr-me_1171.jpg,meningioma,meningioma,1,train,ee178e77ea867dee3137a510570052e531281e8aa0b30cc5b40e4943c914a467,d81e333333350b87,
dataset/train/meningioma/Tr-me_1174.jpg,meningioma,meningioma,1,train,0a2dc8260132599fdd077d98f17639b5c2c3cc009052fd96a5aaa7dd141ee049,890e534d67551123,
dataset/train/meningioma/Tr-me_1175.jpg,meningioma,meningioma,1,train,c62d5368feb0e9f07bcc479c9388d4ee19e37070ca636c6cf62e33699e18f409,c01e37370b270d2f,
dataset/train/meningioma/Tr-me_1176.jpg,meningioma,meningioma,1,train,739e2c4af7b509d6e3a480ac3111597598caa80f8b549bac6073242bce0aa5ea,c81e3b170b470d0d,
dataset/train/meningioma/Tr-me_1177.jpg,meningioma,meningioma,1,train,e2f6410661952320de21ab8b143176c664e3de4d957b89c1f0a06b32b49a77de,cc1e1b1b495b2b37,
dataset/train/meningioma/Tr-me_1179.jpg,meningioma,meningioma,1,train,72d18f0f1a434720e92125690b2c489657efa7a3eb7deaa9f829994981f7e97e,33070f0b05153b0f,
dataset/train/meningioma/Tr-me_1180.jpg,meningioma,meningioma,1,train,bd6c9850d7d8ec674924d509ea07f807cef964706e17191ca820fc4aba1c99e3,9c2e5b6b572f2b2f,
dataset/train/meningioma/Tr-me_1181.jpg,meningioma,meningioma,1,train,b7a0134500ea51bf896dbfa0c0aec0181e3051eb549a48117082d816ba7e0d0f,9c275b5b4d2b2b3f,
dataset/train/meningioma/Tr-me_1182.jpg,meningioma,meningioma,1,train,a1995f8caa2e4a81a3ccad7c541b87389890ad3fbea14f61fb125d9aadb7d38e,9c275b55492b2b27,
dataset/train/meningioma/Tr-me_1183.jpg,meningioma,meningioma,1,train,28600556a4a6a8b8d8cfd95099b457a2952b7e2ec8d1fe43ab8b79f8f49bd5cf,981e575b63250b8b,
dataset/train/meningioma/Tr-me_1184.jpg,meningioma,meningioma,1,train,80c48ef38d94340400d076051ebef91bd5258b66bf9ed372703c3dbd69e44327,c01e3b5b73258b4e,
dataset/train/meningioma/Tr-me_1185.jpg,meningioma,meningioma,1,train,15165653e2f74753d79658c952547981e2dd1652149d077da44bedf1ebbafc4d,c09c265b33a3cf28,
dataset/train/meningioma/Tr-me_1186.jpg,meningioma,meningioma,1,train,d886c9df6e7dd3205cd82ec24e3445daa63ee70f6509fd84cce21f1232776176,982e471f632b2b2e,
dataset/train/meningioma/Tr-me_1187.jpg,meningioma,meningioma,1,train,ecded406ea5dbf59141dc8084c5674b6c39578342457f27ba1eed1a2ad8512d3,230f0f0b25253b0f,
dataset/train/meningioma/Tr-me_1188.jpg,meningioma,meningioma,1,train,8c3eceaa8cded4ac37c11779f2e42ccae32f0a50df46315da9516cd942dd6806,8e2f272b15358793,
dataset/train/meningioma/Tr-me_1189.jpg,meningioma,meningioma,1,train,b6d7ef78e9ce636f4450f873fa24f23433683309f152b90c54f9380a64c46a6b,1c3f5f6b6b643537,
dataset/train/meningioma/Tr-me_1190.jpg,meningioma,meningioma,1,train,776c3800e19b2996f9383c938e81e25dd8c5dd03861cac9c3654de5f5d7e8a85,1c3f5f6b6b643627,
dataset/train/meningioma/Tr-me_1192.jpg,meningioma,meningioma,1,train,319c59a58f3c9996345e6f04300fa4b73d13dcb9646b09955652b7cb3de88add,1e6f776f49693332,
dataset/train/meningioma/Tr-me_1193.jpg,meningioma,meningioma,1,train,e122687798387850576538112b6917ab46f71cab259d4b3bdbeb87f8d2163f9e,1e675f7949693332,
dataset/train/meningioma/Tr-me_1194.jpg,meningioma,meningioma,1,train,b6453168febe3cb1ee951e72fc85793b6d278fe5931448d1283a7308c6052d5d,20dc9e272b934e1c,
dataset/train/meningioma/Tr-me_1196.jpg,meningioma,meningioma,1,train,dd959cd7ceb0fe232a0e9911d65e07b8f5076b4d7d5a4759842180460ee37d5a,409c27070b233b1e,
dataset/train/meningioma/Tr-me_1197.jpg,meningioma,meningioma,1,train,60870bc1405033721a61e82207b508bbdf6b2f01e121894a31eb72e13dffd2a3,481e27071b331f36,
dataset/train/meningioma/Tr-me_1198.jpg,meningioma,meningioma,1,train,3165132dd63c814ba0adef2a8ec151544ef449caeca19eaf85ddfb0edcd717ae,c81e2727132b2f1e,
dataset/train/meningioma/Tr-me_1199.jpg,meningioma,meningioma,1,train,a18f7a24947d75f5c4b3644ae2009bc0535bfd89f41959fa6bc44e130636dd31,c81e270711292b2f,
dataset/train/meningioma/Tr-me_1200.jpg,meningioma,meningioma,1,train,e75720626eb32746c07a41520f13d60ecdf0c487634e2dc20ad64b4853a49238,c00f232d19320d87,
dataset/train/meningioma/Tr-me_1202.jpg,meningioma,meningioma,1,train,98a4d2ed7ced921b536116bda36e2ca9f3c382abb7903aae5dddbd115dd7a2b4,c40737476c641111,
dataset/train/meningioma/Tr-me_1203.jpg,meningioma,meningioma,1,train,5c00399c100f7ae60e4b437bce9cf608a5a58f2dee6de26a88fb8ed0a0644269,cc07331339391193,
dataset/train/meningioma/Tr-me_1204.jpg,meningioma,meningioma,1,train,05302f1769113dcaf7e079654c98cdb81ae628ee6980073cfdf6d15324d9a0ea,cc07333b3b3b1393,
dataset/train/meningioma/Tr-me_1205.jpg,meningioma,meningioma,1,train,54a3c180dc474ea94a7b55d9e0432b83d88a53fd96963545f4fbd621afbd39df,cc0f33393d311787,
dataset/train/meningioma/Tr-me_1206.jpg,meningioma,meningioma,1,train,92d5d50298692e94b449306afd684a00c0b455a7562a0220783d9dd266f0911d,06171725171f170f,
dataset/train/meningioma/Tr-me_1207.jpg,meningioma,meningioma,1,train,badbd142f39f6923505921f413eba2bca52cdc1361ad14fa3020774229382cc3,cc1f33213b350587,
dataset/train/meningioma/Tr-me_1209.jpg,meningioma,meningioma,1,train,ccb0b7bd5a5d3fe1472752c5d8d0ce5b6375b96a270f01e05c473088acaa16e5,cc1e3727132b2f0f,
dataset/train/meningioma/Tr-me_1210.jpg,meningioma,meningioma,1,train,ce6f19e400965b6c533697be11468c973074c4097248e32dc05eec0bfe6052e6,8c1e1327192b270f,
dataset/train/meningioma/Tr-me_1211.jpg,meningioma,meningioma,1,train,32338a1172458c475c2e39d062dccae24281caae11ecde679c08d27a94123415,8e17171b3735270f,
dataset/train/meningioma/Tr-me_1213.jpg,meningioma,meningioma,1,train,0c1b027704afd8e337caccb556eb95c2e79c3c2ca095b319e72185994ad511de,4d0e17170f230f4d,
dataset/train/meningioma/Tr-me_1214.jpg,meningioma,meningioma,1,train,26adb6e4b5996a6aaa3465088a3c0ab86049841ca9d25d172b95a56ca98ccde7,8e171329292b272f,
dataset/train/meningioma/Tr-me_1215.jpg,meningioma,meningioma,1,train,dfc15adf26f7679e8642f03d8b7174c7c5a1e82df957dda45d1856ef53e0001e,8e130329292b272f,
dataset/train/meningioma/Tr-me_1218.jpg,meningioma,meningioma,1,train,da83973c065993e151f39c8cbc55ce78e93089b4c1d2603cc8478cff8d5054a9,981e2f2f332f2b0f,
dataset/train/meningioma/Tr-me_1219.jpg,meningioma,meningioma,1,train,cbe635a22965cc1254e4d5858e47f658733187cc11bb5792e445906c34c152aa,9c1e1727332f2f0f,
dataset/train/meningioma/Tr-me_1220.jpg,meningioma,meningioma,1,train,88ca952a0c59571a91cf0cc798269c3015493cc9405d5088c86a8699e89a3609,9c1f0f3b393b272f,
dataset/train/meningioma/Tr-me_1221.jpg,meningioma,meningioma,1,train,1d583a8aa36b04e77d40ce146668365e84d595f540dc53cbf3e203591d9f0351,4d0e17170327074d,
dataset/train/meningioma/Tr-me_1222.jpg,meningioma,meningioma,1,train,2cf3e6483649fee9ca52b17126833d9af483748d77fbc00a30306c436ef7e57c,9c1f1b1b232b1b0e,
dataset/train/meningioma/Tr-me_1223.jpg,meningioma,meningioma,1,train,c097159f1a2d9d268408dc9241a29417ea278322eb9bcd8b98d45775b489446e,9e1b1b2913151f4f,
dataset/train/meningioma/Tr-me_1224.jpg,meningioma,meningioma,1,train,6ebc3f56bb9294781666c09a68801341951792429d2cc0ebd479bc371a6332ef,1e1b1b2913250f1f,
dataset/train/meningioma/Tr-me_1225.jpg,meningioma,meningioma,1,train,a90fc7abed8a1f201bcde7ca1bea2ed91655dd457913a7cb1835b54b721fedce,1e1b172b15272727,
dataset/train/meningioma/Tr-me_1226.jpg,meningioma,meningioma,1,train,37b2cf4198aa4ae31c6404fd8d668fd6f6d5dc5b04d533cf9ef946af15ab0a55,9c3f0b1d5b333b5b,
dataset/train/meningioma/Tr-me_1227.jpg,meningioma,meningioma,1,train,a8e224da1be5e54d34c7aedcb2a9932724960c5c12cc60c4cfcec8837573dceb,9c375f2d5b752d2b,
dataset/train/meningioma/Tr-me_1228.jpg,meningioma,meningioma,1,train,d806575176db8c002268459749564914b08cc3a81876a56cd2d6ddd6adbee0af,9c17172f1b3b2f27,
dataset/train/meningioma/Tr-me_1229.jpg,meningioma,meningioma,1,train,c541cc4848e8d12a44bfc601d3f0dccf6c00b136df94c476a0046b0cd6a67c2f,4d0e17070b27074d,
dataset/train/meningioma/Tr-me_1230.jpg,meningioma,meningioma,1,train,96b7999d78feea97c724ef277bbfe2551f5c67ed1d1081f073ff7bf85a118b71,9c1617230b3b3737,
dataset/train/meningioma/Tr-me_1231.jpg,meningioma,meningioma,1,train,a91ef87051dbad51b8f2cc2d9070744c2eafbea113a21dd7c959333614856b93,9c16172b130b1f3e,
dataset/train/meningioma/Tr-me_1232.jpg,meningioma,meningioma,1,train,7e80f63a4dcd3ddecdd85159c7e49946b2b697990494c35d1b01880877ae1876,8c1f23170b250587,
dataset/train/meningioma/Tr-me_1234.jpg,meningioma,meningioma,1,train,59df70102bef4614184ca2ae1ac830dcee5883a8c0c1fba1ed260e10e2952e71,8c1f230b2b293383,
dataset/train/meningioma/Tr-me_1235.jpg,meningioma,meningioma,1,train,c81fadb2923830851b530cf8546df1fe2416e99a080c9d0f85791c00b90a55a1,9e371379532b2333,
dataset/train/meningioma/Tr-me_1236.jpg,meningioma,meningioma,1,train,d910d7c014fcbe08d7813ef65d414946f4eaea0c96a125bb52ea6d09f00071eb,9c17173d57233357,
dataset/train/meningioma/Tr-me_1237.jpg,meningioma,meningioma,1,train,7301405d8487faeb7b2de0d4fa3bfeb990868b71899bfcc298ac688c0e44f2c3,9c17372b630f3336,
dataset/train/meningioma/Tr-me_1238.jpg,meningioma,meningioma,1,train,5d5d7561b6baba19452eea4590699d3c1404f49b026cc9b0cfb12c21a6e52071,0d0f17070b2b0f4d,
dataset/train/meningioma/Tr-me_1239.jpg,meningioma,meningioma,1,train,de33127accb6c32fea21d9f3c9d440dd58e6a0ce2da277d38f19c52772165b81,9c1f371b732f2716,
dataset/train/meningioma/Tr-me_1241.jpg,meningioma,meningioma,1,train,7d68c9ce77160beb707163625fc19fbad866b9f5b3b9dc92222ebfac3aa04eff,980e36bbf74d0d43,
dataset/train/meningioma/Tr-me_1242.jpg,meningioma,meningioma,1,train,19a1339908806247d3cce908ab7ffb4e5697f1c13fa1eefec626a0ef247fcb05,900c36b3774f0b43,
dataset/train/meningioma/Tr-me_1245.jpg,meningioma,meningioma,1,train,f1ec2303f26d37ae9c9af8337a77e86e080dea5fdc698ea1491463521ae020fb,40383d16562b0fce,
dataset/train/meningioma/Tr-me_1247.jpg,meningioma,meningioma,1,train,2b90411e201b75d0a160417c6ea967c149d21fbdf2a5cb5456d4f60a480decb9,490f070f0b230f0f,
dataset/train/meningioma/Tr-me_1248.jpg,meningioma,meningioma,1,train,2b875448e43d7f2671bf8c7f1c90312b866f7b320d36fb6c49bc80d9254b06c4,490f0f0f2b270f0f,
dataset/train/meningioma/Tr-me_1249.jpg,meningioma,meningioma,1,train,063a15cbf29482883d8aa55a7060825695d32d64d94fe756d4e909dfab570784,290f0f0f2f270f0d,
dataset/train/meningioma/Tr-me_1250.jpg,meningioma,meningioma,1,train,184c507f4129f7d4cce681cbf04832c8f4726818be71d44c3d7d0b7461bd05b8,0d16171725230f4d,
dataset/train/meningioma/Tr-me_1252.jpg,meningioma,meningioma,1,train,bf46976e18b7fa8f64366de8a72bd0ad7e27588fa94db2fddcab1179f1998aa8,334d0f0f0b2b0f4d,
dataset/train/meningioma/Tr-me_1253.jpg,meningioma,meningioma,1,train,f8d418df201c97464d8ed54de134162944cc3149a7c398e588fc286c8ab75068,33490f072b370f49,
dataset/train/meningioma/Tr-me_1254.jpg,meningioma,meningioma,1,train,d9df03fdb37b43dc16f333d5fd1cdb6ca302d299b5071118d037d59791057126,4d0e072727230f4d,
dataset/train/meningioma/Tr-me_1255.jpg,meningioma,meningioma,1,train,4e59dbda748f414bf4ea2045702210d9392b569c42ca39091ed2b0e0bbd1f253,290e072727230f4d,
dataset/train/meningioma/Tr-me_1256.jpg,meningioma,meningioma,1,train,828c41dd54e834a9afb13c81cd20b95151f275362e604dab49046dffdfa71c7a,290e072727230f49,
dataset/train/meningioma/Tr-me_1259.jpg,meningioma,meningioma,1,train,68cc57d33e46f7115bef09e34234d5f5116f00e485f9a0695ef4ecb0ad5a6245,334d06232b130f61,
dataset/train/meningioma/Tr-me_1260.jpg,meningioma,meningioma,1,train,8de027d4c23f85cacc810b319641ff90d7b67556a604f13d9a6121190f09b8aa,4d1e1717372b0f4d,
dataset/train/meningioma/Tr-me_1261.jpg,meningioma,meningioma,1,train,2c126c408bfaddd7cbbc3e9ae05c7b39a30fefaf8c51b414a447d67cfec52d74,4d16332b0b0b0f4d,
dataset/train/meningioma/Tr-me_1262.jpg,meningioma,meningioma,1,train,0a8a69c2909d4b13309e27eb5668c2639a7e4970fc8aa02289ba9e5e6c2e33eb,4d162b230b0b0f4d,
dataset/train/meningioma/Tr-me_1263.jpg,meningioma,meningioma,1,train,064c669277ae472eeaf876ff56ebf668f29d61db9c8781550c8bdb6e7ae86cb7,290f07070f0f0f0f,
dataset/train/meningioma/Tr-me_1264.jpg,meningioma,meningioma,1,train,9d8ea2574de2641627c50bed19ff5f80e655b4fa2fd5fbec5978dba791a23886,330d171713174d31,
dataset/train/meningioma/Tr-me_1265.jpg,meningioma,meningioma,1,train,4fe1491a41f0688812f4a6b3127d3729cfb8ca9a88095833f20f5c19b4e3fb98,032b4d17174f0d31,
dataset/train/meningioma/Tr-me_1266.jpg,meningioma,meningioma,1,train,f4336203bb527cc1d889f680fee99a208331cfa83b1fc0d5debbd2d1785e20b9,0b2b274d07330f4d,
dataset/train/meningioma/Tr-me_1267.jpg,meningioma,meningioma,1,train,08ac61e62d0ea0ec6cb23be1efab6abb0195d8e1690e5d43ba2fbaf6dacbad0b,0e0f33070727070f,
dataset/train/meningioma/Tr-me_1269.jpg,meningioma,meningioma,1,train,1c53dec67a4e35fbdd912b283d6f26477792c7e0031f6af1b5ef9f8619c3f7c0,4d1f1717272b0f4d,
dataset/train/meningioma/Tr-me_1270.jpg,meningioma,meningioma,1,train,3a5f1c8669f7b37c71a8f932c36c4314ee4bbffdc5d46899b6afbb7c013f6a48,0f1733331b170f4d,
dataset/train/meningioma/Tr-me_1271.jpg,meningioma,meningioma,1,train,82237a774a82bb7fcf76fe6ed153c8201c8ec9e0b995b42df6ff871d553bfb21,171723171f1f0f4d,
dataset/train/meningioma/Tr-me_1272.jpg,meningioma,meningioma,1,train,bb2e338bcd6ec971cd1bbb8596caee31a066c6a26cd0707a283c6a5564addd39,0e0f33170d07160d,
dataset/train/meningioma/Tr-me_1276.jpg,meningioma,meningioma,1,train,f247589c36e263d330d56cbe5492889fa99a91de52b0b1e669062bb34a6e7fc8,491f17130f0f0e4d,
dataset/train/meningioma/Tr-me_1279.jpg,meningioma,meningioma,1,train,745e3a766efa0d30969e4c2e317c26fbc335d325bfd5546d704ddf9ce1027148,0e13270707270f0f,
dataset/train/meningioma/Tr-me_1280.jpg,meningioma,meningioma,1,train,895bff3e54d112ca6d1b3ae935367a834689b15b2e568ebe010330e34a94e1d0,214d0f2f2f170d61,
dataset/train/meningioma/Tr-me_1283.jpg,meningioma,meningioma,1,train,5ce9eedd4f9f70c4195c70783f3e23ae03c6481e7e7e6fe6ba9a15d2c4c0d2f9,4d0f2f3b232b0f4d,
dataset/train/meningioma/Tr-me_1284.jpg,meningioma,meningioma,1,train,4e924cc86796586b03ec335f7bdf78549975bbd01b75a969d78543f090ae1043,490f2f1b1b230f4d,
dataset/train/meningioma/Tr-me_1285.jpg,meningioma,meningioma,1,train,d77d5e9ee1e8d3aa0dea888c462347f0a0c0eca51a26f21c284b78d30ff6edb3,690f0f1b2b270f49,
dataset/train/meningioma/Tr-me_1286.jpg,meningioma,meningioma,1,train,4234d2b0229a17440443bf2cccc878749a9ecb00a858e89f12860d0e4635c94b,230d172b2b270f4d,
dataset/train/meningioma/Tr-me_1287.jpg,meningioma,meningioma,1,train,a40a78a3dddd8ba3742d9c5dcc454d12f007588ee9600e59befa21fa23ed9c80,130d070b0b1b0f4d,
dataset/train/meningioma/Tr-me_1288.jpg,meningioma,meningioma,1,train,fad3ae6793fbd0b26f2e00169c2715a5deb16cd35ff27967e3046e9c4ab33c9b,334d17332b270f69,
dataset/train/meningioma/Tr-me_1290.jpg,meningioma,meningioma,1,train,41acf21a64b89c1a6ac76d8e165c14f77a8d4380c7ce2581a0a3491ef50947ec,114d07132b3b0f61,
dataset/train/meningioma/Tr-me_1291.jpg,meningioma,meningioma,1,train,da04318c83603393abef1cfbb47dbee3b10686798af17aebd0c3f91b1a488b42,4d0f070f0f230f4d,
dataset/train/meningioma/Tr-me_1292.jpg,meningioma,meningioma,1,train,1e0ff4aa2c3002c35e9daa634f6c4dc6ad3f476ba1932646c8f1f760e289834b,01290f163b170f61,
dataset/train/meningioma/Tr-me_1294.jpg,meningioma,meningioma,1,train,3f2e25e763d4bfa91cdeaed943912c4bebd420d9a370c22c6af26dc4182a79b7,4d0f373713130e0d,
dataset/train/meningioma/Tr-me_1295.jpg,meningioma,meningioma,1,train,792e660cefd290766a5fb1fae8b58a6d088b489029bb241fb6c288350fc33f03,4d0f373713370e4d,
dataset/train/meningioma/Tr-me_1296.jpg,meningioma,meningioma,1,train,b902aebf11c7d30e67c763e1affed0314a7817b8524bbf4704cb64a89f8f7de8,4d0f173717370e4d,
dataset/train/meningioma/Tr-me_1297.jpg,meningioma,meningioma,1,train,1afff851654da771049e9fb10212bc3b4c5f10c9df31182d8f8268d849f3153d,490f171717330e49,
dataset/train/meningioma/Tr-me_1298.jpg,meningioma,meningioma,1,train,e3d12652e684cb365af3340342a4058c0cb071a6b769f51dc3235c4c1369b7fa,610f171f13330f49,
dataset/train/meningioma/Tr-me_1299.jpg,meningioma,meningioma,1,train,fab76b5df0f1afc097f517725a1ed11ae27cdcea83c241830c5eb26c9da097b3,032b4f178b970f61,
dataset/train/meningioma/Tr-me_1300.jpg,meningioma,meningioma,1,train,152f252f8e7d20bd95470c602add6122debf721cb05d79a53eee429fbcfe297a,214d17172b370f41,
dataset/train/meningioma/Tr-me_1302.jpg,meningioma,meningioma,1,train,860942cb6bea6be28aba017c0463c24ff304c8b77d30bb488421e6e1dca7ec67,4c0b3b2d0d370e49,
dataset/train/meningioma/Tr-me_1303.jpg,meningioma,meningioma,1,train,408ededbfb50ff89ca6e84e01d3a7f600981c3b7fedfff28711f05ad77e8cff8,4d0f0f3707230f4d,
dataset/train/meningioma/Tr-me_1304.jpg,meningioma,meningioma,1,train,6c89bce8cc692a0e0e236a6a20ac23254999b2d719cd0b1598fa95005a0271f6,4e0b0b3527370e4d,
dataset/train/meningioma/Tr-me_1306.jpg,meningioma,meningioma,1,train,aeeb441a1e96c8d23a3239893747a57f70d9542bfaeed0f1ff807bc363d6c0ee,410d1e1f0b2f0f0d,
dataset/train/meningioma/Tr-me_1307.jpg,meningioma,meningioma,1,train,bbd500c5684baa9e0a77ec0a850adb4242d21433a034e27f0448a65b71b1da01,410d1e170b2f0f4d,
dataset/train/meningioma/Tr-me_1308.jpg,meningioma,meningioma,1,train,eb146b9e04ca9c003c91ed73efcce09c2faada352cf6d25ef399609aff85eee4,214d1e372b2f0f4d,
dataset/train/meningioma/Tr-me_1309.jpg,meningioma,meningioma,1,train,7ef594e83cf6835f4322ef90acbf37f27bab5b3ec275e20d83c52f7f13e370a6,234d0f172b2f0e49,
dataset/train/meningioma/Tr-me_1310.jpg,meningioma,meningioma,1,train,8875e0272391df44cdc2e9db35ef091327e8552d3326a800a3c470e57473cdab,01690d162b270f49,
dataset/train/meningioma/Tr-me_1311.jpg,meningioma,meningioma,1,train,71b54e3c376abe694ebaaf9e37ee366f9de7df49201f54cf76950b6c7baf6a3b,0517332b170b0f4d,
dataset/train/meningioma/Tr-me_1315.jpg,meningioma,meningioma,1,train,c51e645b50c4ef0fefe1421a8f718fc5193793397a7141ac27a8993ee8812067,214f172b2f2b0e49,
dataset/train/meningioma/Tr-me_1316.jpg,meningioma,meningioma,1,train,ac1596cc9737d9e929e3c77cdb5a3c5ffeeee49a16de980a84d4e4734b4eeace,0e1333250d230f4e,
dataset/train/meningioma/Tr-me_1317.jpg,meningioma,meningioma,1,train,023547f7e1adcdf691e955853804b1b54b1270bf7c96f0705bab7087b2fbe425,0e17332f0f230f4e,
dataset/train/meningioma/Tr-me_1318.jpg,meningioma,meningioma,1,train,b9862b25aab2d2f9adcddca6cc4115f87a8824f9b551b7d7b6b02cc5d197c857,0f0f372f2f230f0e,
dataset/train/meningioma/Tr-me_1319.jpg,meningioma,meningioma,1,train,32b5b16dc07f7c117450f370519d23d1e59c9c09bd64df88b6bedddac3a0890b,0f17332707290f0e,
dataset/train/meningioma/Tr-me_1320.jpg,meningioma,meningioma,1,train,75d0cfc7352f8a2f4d4a93fb92712e97e372655ea1513c47e0bb3d54d1c65dd5,4d0e17171b2b0f4d,
dataset/train/meningioma/Tr-me_1321.jpg,meningioma,meningioma,1,train,47ab266e76d46a540e160b1f44dbcfe1ce7ec9f6b573c2a678b13e07f9b1f4e2,4d0e17131b3b0f4d,
dataset/train/meningioma/Tr-me_1322.jpg,meningioma,meningioma,1,train,ecb405d8570c8c3fa2b0066a358dc7945eefc4de675e1666c91f11520ef9d889,490e17131b3b0f4d,
dataset/train/meningioma/Tr-me_1323.jpg,meningioma,meningioma,1,train,2c3ee58b61e74bc21eb7e82dcf51271f8f2c02cb470b5863a87e13ecf23d109c,290f170b27130f4d,
dataset/train/meningioma/Tr-me_1324.jpg,meningioma,meningioma,1,train,0f5fba422dc5c627f62e136cd939f418a240e6439f55b095454c2f466e1c1f87,490f171b1b330f4d,
dataset/train/meningioma/Tr-me_1325.jpg,meningioma,meningioma,1,train,e947d5d5536684d057e899f7528701981d30ba958f625ade48b61f52e8267975,214d161323170f41,
dataset/train/meningioma/Tr-me_1326.jpg,meningioma,meningioma,1,train,2a3be68670ee08aa519d3b4d7aff78f14ac1d3ec8865f610d7a06b4ba1a17b00,210f07070b070e4d,
dataset/train/meningioma/Tr-me_1327.jpg,meningioma,meningioma,1,train,597d0c6711879663f4edf75b8594e3cc9c471b4e3aff2824cbbffc3ceb0b87e9,214f07072b070f69,
dataset/train/meningioma/Tr-me_1328.jpg,meningioma,meningioma,1,train,bdfef5ffb30d007a969ee40f022f789aebdd89a3fd390ebf6a4607b01b4daea3,334d0f172b070f21,
dataset/train/meningioma/Tr-me_1329.jpg,meningioma,meningioma,1,train,1827fb09ceb7313e036fd2f12d490253f81da2d0bfed3f52d4a8f4a667c9bf24,01294f1697174d21,
dataset/train/meningioma/Tr-me_1330.jpg,meningioma,meningioma,1,train,d96e418f4c86a0e362df23bc2898e6805e253fb7052cf6f4be440085916f6d26,05172b0f17170f4d,
dataset/train/meningioma/Tr-me_1331.jpg,meningioma,meningioma,1,train,aeca95c8fa91b70333e82dc035fafc8eeb4bce4a7dcc86392fe2f2b6897d3b99,230d0f2f2b2f0d61,
dataset/train/meningioma/Tr-me_1332.jpg,meningioma,meningioma,1,train,ad7f8515f2c78c211f01dffcad25f50fcb5979c4e34d4d772e1b0656a67d61a3,230d170b13130f4d,
dataset/train/meningioma/Tr-me_1333.jpg,meningioma,meningioma,1,train,e91f612c6450445b41762d00c6a5089b944f51e0a64871d6505ec95d3745ec80,210d1f272f0e0d61,
dataset/train/meningioma/Tr-me_1334.jpg,meningioma,meningioma,1,train,4d8e4173289837bd7a7b7604f8b928dad7aae11ec1e7570f404b1e80d83e62df,334d0f16260f4d21,
dataset/train/meningioma/Tr-me_1335.jpg,meningioma,meningioma,1,train,0ccbcadd9fd11d4def972314225423ba9fa16d216dc6e0c1194f0e4361cd60eb,4d0f272f0b2b0f4d,
dataset/train/meningioma/Tr-me_1338.jpg,meningioma,meningioma,1,train,88668e628137e1707ccf9fb7a8fa596b475495932cf3ab1c868b1a58e32293a4,4d062b330f270e4d,
dataset/train/notumor/Tr-noTr_0003.jpg,notumor,no_tumor,3,train,7f04f0b6fd5821e19cf5a273a540df06a1f6bdcaa63bb235743e274fff825fbd,171717171717072f,
dataset/train/notumor/Tr-noTr_0004.jpg,notumor,no_tumor,3,train,9bbcdc073ffd1abc1870ea9f9b1d5c203bdc03edd2f8f1638651b1d99ba1a798,0c1717170f4d1796,
dataset/train/notumor/Tr-noTr_0008.jpg,notumor,no_tumor,3,train,e0fac499997e78af73b54bc6f9ffe412d70e42988e06ea8bd8a5bd6e4858e6fe,071f173366495959,
dataset/train/notumor/Tr-no_0013.jpg,notumor,no_tumor,3,train,dc811fda9f7bc3506f21d4094da84c5e3a81d3878b28967b830536fda342a33e,0f0723232b230f0f,
dataset/train/notumor/Tr-no_0014.jpg,notumor,no_tumor,3,train,dc811fda9f7bc3506f21d4094da84c5e3a81d3878b28967b830536fda342a33e,0f0723232b230f0f,
dataset/train/notumor/Tr-no_0016.jpg,notumor,no_tumor,3,train,fb32f456cca40bf1867369a4abcae84ff15d634bc56637a568d09449114f95ae,960707073337178e,
dataset/train/notumor/Tr-no_0017.jpg,notumor,no_tumor,3,train,24d874e516a3da5ce8ada80135a0a62c8474538f72f098ad9d3e7ff794595f35,0e0f2b2b2b2b0f8e,
dataset/train/notumor/Tr-no_0018.jpg,notumor,no_tumor,3,train,3fcd47df13022dff9310847e66344a301655fc62a565598336433f9c098e5074,170f2b2b3b69070f,
dataset/train/notumor/Tr-no_0019.jpg,notumor,no_tumor,3,train,7ed6a811bd909ad0ff886e4f72f0a05f58e63cdfd2cc7284a7bf08c83089c6cb,8631440ee6891313,
dataset/train/notumor/Tr-no_0020.jpg,notumor,no_tumor,3,train,fa0c1c4fb6eabf57c61ae1afd2f24efd5aa69d47a6df7d468579cdee91a86c8a,0f2f33230b290f87,
dataset/train/notumor/Tr-no_0022.jpg,notumor,no_tumor,3,train,71cc91673927e9148f575e602494044857ffecbd3a5f21de266639d4186a9e64,8c06170f0f179617,
dataset/train/notumor/Tr-no_0023.jpg,notumor,no_tumor,3,train,c5482c04ad0af03abc08de261901fdaa6811a99ca11a270e8dc89c550e3ccdfa,4d06171717330f4d,
dataset/train/notumor/Tr-no_0026.jpg,notumor,no_tumor,3,train,d22f76ae6780bc947ddeb36446b3bb97bfcc5ada33b8db69753949c9d214111a,0e0f071733330f0e,
dataset/train/notumor/Tr-no_0027.jpg,notumor,no_tumor,3,train,fe20d08e5475898e9b66661cddbe32d6d006438e57c36cd87be27b8dd9c0676d,0e1607072323178e,
dataset/train/notumor/Tr-no_0028.jpg,notumor,no_tumor,3,train,ee17905768c01705c6abcc330d664f063c5ceada4e3ea6722be796cc9bc9986f,0e1707072323178e,
dataset/train/notumor/Tr-no_0030.jpg,notumor,no_tumor,3,train,1672cc111ae4b8ef3c5b78264f8045177a3a5e9037d8eebed8edcd9a3fbc468b,0e37176969333f37,
dataset/train/notumor/Tr-no_0031.jpg,notumor,no_tumor,3,train,23a839738271bed355a592894783aaec5b225a7ea883e26b116b63a6edb819a1,061f4b6927552f17,
dataset/train/notumor/Tr-no_0032.jpg,notumor,no_tumor,3,train,3e66ecd9f2d07394ea13b8f2ce9212677a14aea1066e13a1445b00cbc59b998e,1e0b2b2b17552f07,
dataset/train/notumor/Tr-no_0033.jpg,notumor,no_tumor,3,train,de08225737a2a8a8ddda2e0684baa925356b9c0fe77585f2992a0980398c2d07,8e0e2f2b0f170f8e,
dataset/train/notumor/Tr-no_0034.jpg,notumor,no_tumor,3,train,84acb850a9c5348cd00623122246c83dffd727e007aedc1d484e39d06e784c6f,8f0b33332b2b078e,
dataset/train/notumor/Tr-no_0037.jpg,notumor,no_tumor,3,train,b396caa83da170f384de32368fd40ab0fbb00232e12fd2b463eddff69741af44,4c8e2b2b2b2b0f8e,
dataset/train/notumor/Tr-no_0038.jpg,notumor,no_tumor,3,train,f06746a9ab66398b89651de2012d3a39a48a6e44f191a465e46021d5eccc79a7,860e1f0b170f0e8e,
dataset/train/notumor/Tr-no_0039.jpg,notumor,no_tumor,3,train,ae511b11b26309a2e60432852cb26d6b019057fc2aab35867badf8af04daa3b6,0f0f2b2b0f0f0f0f,
dataset/train/notumor/Tr-no_0040.jpg,notumor,no_tumor,3,train,9eb2f206cd2e88f015f4b08bd4a399ba5f8d97b263306205c1cf54385c7dd352,cc1633694d270f4c,
dataset/train/notumor/Tr-no_0041.jpg,notumor,no_tumor,3,train,bb9c025c5eb356f3320db5c35e8d2b0ce4489ca23cb78b5c9735d33db6ed6d61,408c1633737b339e,
dataset/train/notumor/Tr-no_0042.jpg,notumor,no_tumor,3,train,3fe17b3fd3ce3aa90a87f7fec9e5ceb19fd057ad5f5e716ace23115a24ef66b6,0c0e162b2b0f160c,
dataset/train/notumor/Tr-no_0044.jpg,notumor,no_tumor,3,train,848319fa803a07c09363808d245bba2de5e74d769cf46770d39d357a3dad6b0b,071b192147032636,
dataset/train/notumor/Tr-no_0045.jpg,notumor,no_tumor,3,train,d4977d06d30eeefc174fa2defb6dba7047e11204f10513fe8e5f7a106e880a77,0e0f373733955571,
dataset/train/notumor/Tr-no_0046.jpg,notumor,no_tumor,3,train,dd8db43b9ad7e23ff49ec7c8390fe4982cd1138a73f76af0f655b2568915f789,160f0f073713070e,
dataset/train/notumor/Tr-no_0047.jpg,notumor,no_tumor,3,train,77ed920e1688b867cf62bed46e5bcafb5d16d7a04f869cef88bce986d262ca6d,9617770b070f2b9e,
dataset/train/notumor/Tr-no_0048.jpg,notumor,no_tumor,3,train,5974b1c4f3ed366ad867c794efc2ff3e2d7d47df283d5b25818f7b20d02f1081,4c8e07171f1f1f96,
dataset/train/notumor/Tr-no_0049.jpg,notumor,no_tumor,3,train,4b232c157377de5c12642778035cbe40afb0344707bb4333f05a5b4a84b20bbd,c6070f072737672b,
dataset/train/notumor/Tr-no_0050.jpg,notumor,no_tumor,3,train,70dcee96fcf70d803e3203f15fc691bffc6c0a6ca38780c530bc7d45a9b4bf32,0c0e2b2b0f17070e,
dataset/train/notumor/Tr-no_0052.jpg,notumor,no_tumor,3,train,f64c5b137db85b27a8d909dd0f0cdf9bcda986bae8ff2bd8491b25e45615c7b2,280e06171317064c,
dataset/train/notumor/Tr-no_0053.jpg,notumor,no_tumor,3,train,856779c9208bce47defb64d82d26002ecf3c89161a4eafdceb1dc6082f06eefb,0e0e17170f0f0f0e,
dataset/train/notumor/Tr-no_0055.jpg,notumor,no_tumor,3,train,f312e388a4ef96442e3e21fbbfd789d5d5b0f66a7a5dc73a69fc0bfc59a8ab11,17736155d555690b,
dataset/train/notumor/Tr-no_0057.jpg,notumor,no_tumor,3,train,fb9efc392533bc8dbbc3d107a43a31b16d512b881955e4a9c37592305dbe58da,0c163333333b1e0c,
dataset/train/notumor/Tr-no_0058.jpg,notumor,no_tumor,3,train,e2624788382fce1d1c00840375cdd541241d61de6137e9c1c6d69f83d7c99307,8707609693063373,
dataset/train/notumor/Tr-no_0059.jpg,notumor,no_tumor,3,train,ad2f2c46d23d4c56b1848b62b38b5b4288e28e3ec7872235a6597b0def7171fb,8f0f2b1557652b17,
dataset/train/notumor/Tr-no_0061.jpg,notumor,no_tumor,3,train,9e4d567cc1c9654db6c31518f61e6f3832fd18f2c07551468ab0becf30ccd345,46030f0b27450b02,
dataset/train/notumor/Tr-no_0064.jpg,notumor,no_tumor,3,train,255a288c72a0761a522e99142d6f1a7e820769eebeeae585bf42a733db0e7b7a,8e17171733333706,
dataset/train/notumor/Tr-no_0065.jpg,notumor,no_tumor,3,train,4e3bfe7a0603559945c5c2de55311ce6d4269ebb816339bca3f13bd57f565994,0e17171723070f0e,
dataset/train/notumor/Tr-no_0066.jpg,notumor,no_tumor,3,train,4b0d57d86e8f5a1db58c18b2af1eb41aa7102cb1f3744ff13747465ba458852c,260b1f1737070f0f,
dataset/train/notumor/Tr-no_0067.jpg,notumor,no_tumor,3,train,6b1af9a0b1a46d75fd390ae192911ef530cdb9e2a49fd92566453b87a34310e7,0e1717373313170f,
dataset/train/notumor/Tr-no_0068.jpg,notumor,no_tumor,3,train,c7aa5e9c98960d18f83a7ab785422ab2de8429200f83dd733962225b42a86672,0c063b2f0f070f8f,
dataset/train/notumor/Tr-no_0069.jpg,notumor,no_tumor,3,train,f2d9f0979df98ce2e4aab669d3c141ca02ebce9eb15775267bfd6d4eae2a7d7f,861733333329178e,
dataset/train/notumor/Tr-no_0071.jpg,notumor,no_tumor,3,train,489efee379052cc461b946dd57f42b7c7e76d0a5c9592eacce4f5ced5d79e6bc,0333333147433333,
dataset/train/notumor/Tr-no_0072.jpg,notumor,no_tumor,3,train,6f3bdbdba45d1f985b33e51c93c318e0f04f2c3186dfae874050a99a11b1af02,8703131527731b1b,
dataset/train/notumor/Tr-no_0074.jpg,notumor,no_tumor,3,train,23794834130a37699051efa29c29b9af12ae94b6a65d3957d7f9ad667f9bdf0f,2f15979616321717,
dataset/train/notumor/Tr-no_0075.jpg,notumor,no_tumor,3,train,ea5e64006d6755c910e81ff08f1bbad4aed5964999da6ba5521036cd18b4c305,9307172766511313,
dataset/train/notumor/Tr-no_0077.jpg,notumor,no_tumor,3,train,6f3bdbdba45d1f985b33e51c93c318e0f04f2c3186dfae874050a99a11b1af02,8703131527731b1b,
dataset/train/notumor/Tr-no_0079.jpg,notumor,no_tumor,3,train,23794834130a37699051efa29c29b9af12ae94b6a65d3957d7f9ad667f9bdf0f,2f15979616321717,
dataset/train/notumor/Tr-no_0080.jpg,notumor,no_tumor,3,train,08c04f3659f54e170fe84f98a8ed10a235809251d6ba7c5372f08c90421ce51e,177361f5d555690b,
dataset/train/notumor/Tr-no_0082.jpg,notumor,no_tumor,3,train,b96dde0d87e4f8da2348fccd2a84cc1a793b0d0df3eec2750454d537b8f6c749,1313712b492b171f,
dataset/train/notumor/Tr-no_0083.jpg,notumor,no_tumor,3,train,60d4458ae9b5588d5a4bdd78908e388d839ac6247fe559c3e2ab9169c62b9d23,070d0f2d26654919,
dataset/train/notumor/Tr-no_0084.jpg,notumor,no_tumor,3,train,e44e359eed2a16c1262d6b43d709bc29abd1d8d435afa03a8f975629a07676e6,8707050d27211119,
dataset/train/notumor/Tr-no_0085.jpg,notumor,no_tumor,3,train,ad38bcdb687b3b9ac046cb2aeada829c277d6ca59997efe5493d0b48322d1a0c,8707033b23292911,
dataset/train/notumor/Tr-no_0086.jpg,notumor,no_tumor,3,train,da99d997905f712cfb948d63b23a292382cbb2954e55ebda62fe39f160b50686,03614122e0311938,
dataset/train/notumor/Tr-no_0087.jpg,notumor,no_tumor,3,train,fd392bbd9dcdf2b793db3a1c5b04b3b336949388258bcf34f8b5ab5a6f8edfbb,71ccbe194f9acca9,
dataset/train/notumor/Tr-no_0088.jpg,notumor,no_tumor,3,train,957befb0c21fb7516256b50dc0bc5547436412fcd3d2288d4b776d4977a9f970,8303030767211919,
dataset/train/notumor/Tr-no_0089.jpg,notumor,no_tumor,3,train,6d3b34cc13e0db97ae6c7cc41a99d99e2142e4e30ff167afc2c209e8c9cec216,1e0f2b2b6b472d07,
dataset/train/notumor/Tr-no_0090.jpg,notumor,no_tumor,3,train,b6e9c396bef87cf93c5884af32f2ef2c6d3f15c5679cf461d926b66fb2e0b511,8f07070b2761131b,
dataset/train/notumor/Tr-no_0091.jpg,notumor,no_tumor,3,train,19d1e5fece32f25cffe40d78ee005f41ff3c2598c7765ed122ffb29518274326,4c9613130f2b238e,
dataset/train/notumor/Tr-no_0092.jpg,notumor,no_tumor,3,train,0ff08a1e38749c259d1cb4a8cdeb1bd4d435ca9ccd7e1256d7f711f2f0d10160,0b0d0e2a6e656333,
dataset/train/notumor/Tr-no_0093.jpg,notumor,no_tumor,3,train,78c3277fad899d2b2314dc4d6a4e0de0f3bd783aab09e63af69f0f0b39683ec9,171371738b07130f,
dataset/train/notumor/Tr-no_0094.jpg,notumor,no_tumor,3,train,65053e5b65f0e3d78a8144e6de01578efd3e4462f4d527077e959ab41787dfa7,460b073321633b33,
dataset/train/notumor/Tr-no_0096.jpg,notumor,no_tumor,3,train,a72083a8e41c3de74b09b3af545e37cdca6c056a78fadb558da48eba1fe8af77,0f334f5d15553707,
dataset/train/notumor/Tr-no_0097.jpg,notumor,no_tumor,3,train,34de2b099c59325babcd386ea5734efb593898f3a3ea89ae144d0670a9f1caf4,1c0e2b0f0f330f16,
dataset/train/notumor/Tr-no_0098.jpg,notumor,no_tumor,3,train,12778e04e10e5dc40ea8cbf15f4559888e71de3e9aa530037a5520f279fec262,8617371b33270b4b,
dataset/train/notumor/Tr-no_0099.jpg,notumor,no_tumor,3,train,f9ab73351fe5dd8b0cac9d28282c9faff3f83bb3aad1a4fb2769c6e94cb25eb4,07230b2f27294313,
dataset/train/notumor/Tr-no_0100.jpg,notumor,no_tumor,3,train,ef8e5dac4b7b06771a1bcb6a7611fda993600cb15d10847f0378109e4d9c6d40,408e071333130787,
dataset/train/notumor/Tr-no_0104.jpg,notumor,no_tumor,3,train,f52723256dbca6ac3faab458e0f39e7c5a0d676feef3e689604c1437ba71eb63,204c8c8e8e9e8c0c,
dataset/train/notumor/Tr-no_0105.jpg,notumor,no_tumor,3,train,5c7f84410c09db7c2ad867d7da9ce7231be7c97e347b17aa1a76a06a9c3b3de4,4686868686969696,
dataset/train/notumor/Tr-no_0106.jpg,notumor,no_tumor,3,train,720f1bff2d496a51c01921464574894d3c0d05e899eb6ed9c19d1db52531f942,4d0e2b0f0f0f0f0e,
dataset/train/notumor/Tr-no_0108.jpg,notumor,no_tumor,3,train,20fa2b337507b53cfee00ae903eee735e68bb586cb0485dd86e853fa63caa507,490e17331313170f,
dataset/train/notumor/Tr-no_0109.jpg,notumor,no_tumor,3,train,45f94977b8dcdda3912f51dd1f12e6d58ad625545d37ce1771ac3b3fdd155c81,4d1e1f171717171f,
dataset/train/notumor/Tr-no_0112.jpg,notumor,no_tumor,3,train,d56567916b5975d9f260f61a4cad99040696bd105293112af3d703c4bec42feb,17173333173b0707,
dataset/train/notumor/Tr-no_0114.jpg,notumor,no_tumor,3,train,e02cfe85ef7294491fed9eecce00758829656f50d7b73ebef150ee2551770de6,0f030b2b27692b03,
dataset/train/notumor/Tr-no_0115.jpg,notumor,no_tumor,3,train,e0469797181b80d7dbc8d52ad3bd187ed938065ff6d85a25c73eb8c0d0bae700,97150f0d6d293353,
dataset/train/notumor/Tr-no_0116.jpg,notumor,no_tumor,3,train,8c7a08207a2f8e5bf03ed590b3a482491a6abeb9b233a40604f3422065424112,860b2f2f25231333,
dataset/train/notumor/Tr-no_0117.jpg,notumor,no_tumor,3,train,2ed15a662d8dcdf6077f3bf8bb4d21722e2a3b90ff2cf194db18b75933a4d322,0e1717173717170f,
dataset/train/notumor/Tr-no_0118.jpg,notumor,no_tumor,3,train,1e1a27e88f2812b4b950fca09bf5f4b8fe20514826756ac69b37b43c0c73214b,0723071367613111,
dataset/train/notumor/Tr-no_0119.jpg,notumor,no_tumor,3,train,413708f4f5a9e003997c5c966035431a1bd741b16cde99a42ca6155cccf8f17d,060f372b272b1b1b,
dataset/train/notumor/Tr-no_0120.jpg,notumor,no_tumor,3,train,25dbc9664f03a7af82b74aec6c5497cd94dc5f6f639907656725d0ac88cfd111,1e1f1f1f197d67e7,
dataset/train/notumor/Tr-no_0121.jpg,notumor,no_tumor,3,train,6eb81fdade7fe9fd565c5e71c5ae80afdae447935f0ac443ca1d1b9d8cb0909e,13031527677b1333,
dataset/train/notumor/Tr-no_0122.jpg,notumor,no_tumor,3,train,413708f4f5a9e003997c5c966035431a1bd741b16cde99a42ca6155cccf8f17d,060f372b272b1b1b,
dataset/train/notumor/Tr-no_0123.jpg,notumor,no_tumor,3,train,1e1a27e88f2812b4b950fca09bf5f4b8fe20514826756ac69b37b43c0c73214b,0723071367613111,
dataset/train/notumor/Tr-no_0124.jpg,notumor,no_tumor,3,train,df46c96890474f2ec5f08aa2c32e6bc1c6b5685f8b913501f954a515a6de02fa,9f1713333317330f,
dataset/train/notumor/Tr-no_0125.jpg,notumor,no_tumor,3,train,25dbc9664f03a7af82b74aec6c5497cd94dc5f6f639907656725d0ac88cfd111,1e1f1f1f197d67e7,
dataset/train/notumor/Tr-no_0126.jpg,notumor,no_tumor,3,train,96c6e3e42abf41478d3c86c8edad8f89549957870de664a6b5d043dcb2afadab,1b21160767293b53,
dataset/train/notumor/Tr-no_0127.jpg,notumor,no_tumor,3,train,c5c92e6954eacb5c6f9bba18eacdefb1fdb23cadbf7eef2e6e2e879f32d0a3e4,97150f0d6d293373,
dataset/train/notumor/Tr-no_0128.jpg,notumor,no_tumor,3,train,25c13de1f058a3b2d081828fab9a6589ac1feba9a0c3963e8033115e3b9bc2ee,8f0f116563111163,
dataset/train/notumor/Tr-no_0129.jpg,notumor,no_tumor,3,train,b91fea611b8064eb12f0682b4c1f24d6b16fb0a536b8c3f5c059a2c156a82294,060f1733272b1b1b,
dataset/train/notumor/Tr-no_0130.jpg,notumor,no_tumor,3,train,8c7a08207a2f8e5bf03ed590b3a482491a6abeb9b233a40604f3422065424112,860b2f2f25231333,
dataset/train/notumor/Tr-no_0131.jpg,notumor,no_tumor,3,train,2ed15a662d8dcdf6077f3bf8bb4d21722e2a3b90ff2cf194db18b75933a4d322,0e1717173717170f,
dataset/train/notumor/Tr-no_0132.jpg,notumor,no_tumor,3,train,8c7a08207a2f8e5bf03ed590b3a482491a6abeb9b233a40604f3422065424112,860b2f2f25231333,
dataset/train/notumor/Tr-no_0133.jpg,notumor,no_tumor,3,train,9a1a7d12c935c0029511710dba377c2d37ecf4924ec19c1644b6116b48c33610,870b0b2b27611909,
dataset/train/notumor/Tr-no_0134.jpg,notumor,no_tumor,3,train,ab198f545810b5a1455ffd1a56e82d1acbf5a22230bc2dea24c92d5ec73af1eb,1f31061767291b1b,
dataset/train/notumor/Tr-no_0135.jpg,notumor,no_tumor,3,train,6e643c3263775b4637ad4e11620277c6ac65dcf63996826f76cac2dac5d8afdc,0e1733737323270e,
dataset/train/notumor/Tr-no_0136.jpg,notumor,no_tumor,3,train,1e1a27e88f2812b4b950fca09bf5f4b8fe20514826756ac69b37b43c0c73214b,0723071367613111,
dataset/train/notumor/Tr-no_0137.jpg,notumor,no_tumor,3,train,25c13de1f058a3b2d081828fab9a6589ac1feba9a0c3963e8033115e3b9bc2ee,8f0f116563111163,
dataset/train/notumor/Tr-no_0138.jpg,notumor,no_tumor,3,train,2636d6ed84dc4e696bb7a75db106fdc31496baf23f1ce5cc50222d47410894ec,37332f333b131387,
dataset/train/notumor/Tr-no_0139.jpg,notumor,no_tumor,3,train,6b73dc365fbc93ff66b40c68f2e5cd259e650193088389a5f1b968b8c537f4f4,37232b2b0f0f0b0f,
dataset/train/notumor/Tr-no_0140.jpg,notumor,no_tumor,3,train,e9a63334af63a2ec8cab2149ec091466c60df5fe115cf36cc30c9304dacbb376,8f2b2b6969552b17,
dataset/train/notumor/Tr-no_0141.jpg,notumor,no_tumor,3,train,299e6bfe83723c62b02c0ba1ac8216e980b6ae6a11a37faf7be527ad987e0980,9e9617173733078e,
dataset/train/notumor/Tr-no_0142.jpg,notumor,no_tumor,3,train,ac76ca3b933520e9519c3fa096e38e281e467ae4bda0412daa34cb966954ff68,1e1f13733131330f,
dataset/train/notumor/Tr-no_0143.jpg,notumor,no_tumor,3,train,ac76ca3b933520e9519c3fa096e38e281e467ae4bda0412daa34cb966954ff68,1e1f13733131330f,
dataset/train/notumor/Tr-no_0144.jpg,notumor,no_tumor,3,train,280d387f9ef5c5407c3a5618fc7e3a861fed385c6f4c2e11e1ee9b13a7faa102,0c1e1e1e1f17160c,
dataset/train/notumor/Tr-no_0145.jpg,notumor,no_tumor,3,train,17bd1588f84aafbccb846c974ae1f24cef5ce6f0fc0f32a4417af50bfe9f52cd,0f0f2b290f0f0f0f,
dataset/train/notumor/Tr-no_0146.jpg,notumor,no_tumor,3,train,6df56cc8a677bbc089ccb7f85e5f40b665a551aa28c7f2fffffcaddf521ed503,4c8e07070f1f1f96,
dataset/train/notumor/Tr-no_0149.jpg,notumor,no_tumor,3,train,ac76ca3b933520e9519c3fa096e38e281e467ae4bda0412daa34cb966954ff68,1e1f13733131330f,
dataset/train/notumor/Tr-no_0150.jpg,notumor,no_tumor,3,train,2ad6ffff97ce8cbfd5d4785955ea16a6ccf7090eb67a8015e47cd8902571b827,8e0f2f2f2b552917,
dataset/train/notumor/Tr-no_0153.jpg,notumor,no_tumor,3,train,b7c27d5f1a82137601cc7630779fe2aa120bd9cfd9ddf3a2607c86255de7c9f0,1e1e17173317270e,
dataset/train/notumor/Tr-no_0154.jpg,notumor,no_tumor,3,train,5f51fecec97f1264f4cb6a9f7d0d847f17e49033ec034b11d2cc5c8b79ba6519,0c1e0f0f07170f0f,
dataset/train/notumor/Tr-no_0155.jpg,notumor,no_tumor,3,train,aaee2db8eadec5cb7381b35d0ee81ec4347702748cad50db6bb91e695a2a85c8,0e0f2b2b0f330b0b,
dataset/train/notumor/Tr-no_0156.jpg,notumor,no_tumor,3,train,0fadab68bfdbea3a058334b19a656a26343e74598a908067b99f087857744200,0e0f3333332b0707,
dataset/train/notumor/Tr-no_0157.jpg,notumor,no_tumor,3,train,7703b9670ac9265886cbf62735e2ff074c1507a654573807d0a8468a54c89dd7,0f2b71514d692b0e,
dataset/train/notumor/Tr-no_0158.jpg,notumor,no_tumor,3,train,f932387c00c74ebaede60e0b5e0d79dbff6b944e066d510f4c95834f05050e3e,4d0f0b0f0f0f170f,
dataset/train/notumor/Tr-no_0161.jpg,notumor,no_tumor,3,train,49db0659a53802695ac4af817cff544f8034e7c9883a6751e0e321c86337f86a,0e0f2b2b0f072f8e,
dataset/train/notumor/Tr-no_0163.jpg,notumor,no_tumor,3,train,0972f881fe5364a42f7df59998e80bb8d2b2e9f4dd93009ee23c3ba254c3746f,8e17072b2b33170f,
dataset/train/notumor/Tr-no_0164.jpg,notumor,no_tumor,3,train,2ad6ffff97ce8cbfd5d4785955ea16a6ccf7090eb67a8015e47cd8902571b827,8e0f2f2f2b552917,
dataset/train/notumor/Tr-no_0165.jpg,notumor,no_tumor,3,train,3a34904d65c8cc7579373460050623901047e49eec67a5d635390374c5b48634,8c1e173717171f0e,
dataset/train/notumor/Tr-no_0166.jpg,notumor,no_tumor,3,train,1760da4ac516c8564bf06bc349176a1463dbb49f4de7b6d0b986ff015b96bd62,1713337371693307,
dataset/train/notumor/Tr-no_0167.jpg,notumor,no_tumor,3,train,72c6acac6e7547ab9b9fa58f8e6f4f9fc26b1b8e09f9a5cbc2d4902415f85e20,0c0e0e0f1f1f0f0e,
dataset/train/notumor/Tr-no_0168.jpg,notumor,no_tumor,3,train,9251febacd510bc6ab8fdebb28ac58c8db217df4d5e8af285a99547b2d3b8584,0e2b697161692b0f,
dataset/train/notumor/Tr-no_0169.jpg,notumor,no_tumor,3,train,a3d86920c0bc02e0c062091ab21078a4387ed519b881c89568ab969d3dc37d33,0e1717b7b6961533,
dataset/train/notumor/Tr-no_0170.jpg,notumor,no_tumor,3,train,7adb02dafa127d16b635a76df10314f68ded12fa7a20457e4d666d2873a2130f,1e2b0b0b4f490307,
dataset/train/notumor/Tr-no_0171.jpg,notumor,no_tumor,3,train,bd5b12c433485230720aa33032e1f6bd089702090481d7e56dccfa43435d6950,0e07071313353307,
dataset/train/notumor/Tr-no_0172.jpg,notumor,no_tumor,3,train,e4a82bfba02292959b4d9798a67a9faf223f047031d07e8b1a7285c0ac404389,0f0f07171717171f,
dataset/train/notumor/Tr-no_0174.jpg,notumor,no_tumor,3,train,ca0417b4c4dc6ac92ebdeeb71231b1a60a16299d04b7735c1bf725aa0649d8c2,3b0f170b47676119,
dataset/train/notumor/Tr-no_0175.jpg,notumor,no_tumor,3,train,1bf4beb75eb2152e7236e838651b88d335ad3f95d8e79cd34e9d15e17f22b0e6,4c8e07170b0f2b86,
dataset/train/notumor/Tr-no_0176.jpg,notumor,no_tumor,3,train,ae40741151cb9f24a6eeec243d07b02dac299ecc33b9232adfb7d6a27589639a,0e070f0f0f1f0b06,
dataset/train/notumor/Tr-no_0178.jpg,notumor,no_tumor,3,train,ef5addab9afd41d9a24d73711092b35f1610683975b03f80bff9d48d144970ef,000e071317170f0e,
dataset/train/notumor/Tr-no_0180.jpg,notumor,no_tumor,3,train,d07ac7d4c62a45c3ca88e4b57cf485acd22b5d5f5e519110f769eb0cd9169d47,0c163333333b1e0c,
dataset/train/notumor/Tr-no_0181.jpg,notumor,no_tumor,3,train,f9ab73351fe5dd8b0cac9d28282c9faff3f83bb3aad1a4fb2769c6e94cb25eb4,07230b2f27294313,
dataset/train/notumor/Tr-no_0182.jpg,notumor,no_tumor,3,train,17bd1588f84aafbccb846c974ae1f24cef5ce6f0fc0f32a4417af50bfe9f52cd,0f0f2b290f0f0f0f,
dataset/train/notumor/Tr-no_0183.jpg,notumor,no_tumor,3,train,8df1125bc5a3901ae602be99db7d676e79744a93eb6ed69de91b86cdb087a7a1,8e0f2b2b272b2f8e,
dataset/train/notumor/Tr-no_0184.jpg,notumor,no_tumor,3,train,ef972f0c0ccaaef5fbf0e519361cb62641e9afea1ebfa0ed3831461434aa0172,c617071707231303,
dataset/train/notumor/Tr-no_0185.jpg,notumor,no_tumor,3,train,840e12a9d0fc509d61fab11db74d1716234312bd96939b632e19b8f102ace3cf,4d1e1f171717171f,
dataset/train/notumor/Tr-no_0186.jpg,notumor,no_tumor,3,train,92477bd71863c6bb92a759c01baf1da541f95a14748204a33319cd7fb5201ed2,0f0f0f0f0f3f1f1f,
dataset/train/notumor/Tr-no_0187.jpg,notumor,no_tumor,3,train,840e12a9d0fc509d61fab11db74d1716234312bd96939b632e19b8f102ace3cf,4d1e1f171717171f,
dataset/train/notumor/Tr-no_0188.jpg,notumor,no_tumor,3,train,2aac1c7e5ebac9dcfab248f7b6a784162e76f9ca17ed823908773efdb8d6a3cc,0607070327231316,
dataset/train/notumor/Tr-no_0189.jpg,notumor,no_tumor,3,train,ca0417b4c4dc6ac92ebdeeb71231b1a60a16299d04b7735c1bf725aa0649d8c2,3b0f170b47676119,
dataset/train/notumor/Tr-no_0190.jpg,notumor,no_tumor,3,train,682871b3c7250e0c56b28688840ac15101ec847a891e0b2d2cb72f0436ff8073,0f17173323373517,
dataset/train/notumor/Tr-no_0191.jpg,notumor,no_tumor,3,train,733e77e4b6da2d851bddbf9cf2768c02db39d5fa0f7be61fdbcb9d1e044abb76,4d36334b4d4d3b9e,
dataset/train/notumor/Tr-no_0193.jpg,notumor,no_tumor,3,train,cc336bb30a64c66a0897e048331ca9818b553b8d0c313ed4980971c5b8ea1b46,072b692b17170b6b,
dataset/train/notumor/Tr-no_0194.jpg,notumor,no_tumor,3,train,270d8daa78d030858d13b95aad0f59bf3cd78b17a6ab1604e0118342676de60f,0c0e0e160e1e1616,
dataset/train/notumor/Tr-no_0195.jpg,notumor,no_tumor,3,train,fd701e8cdd7a47b2b7198334e09d7947edf3d2efdd68b73b8d47282256f9f475,0d0723232b230f0f,
dataset/train/notumor/Tr-no_0197.jpg,notumor,no_tumor,3,train,20b0c7de1c131e75deff54e8f0c51eef6c48116cdcbf7bb1f47fc7e4c7f07ab1,0e0f2b2b2b2b0f0e,
dataset/train/notumor/Tr-no_0198.jpg,notumor,no_tumor,3,train,7d0e904594eb462df4711a65e663881b180690be7c6d70c2279323332c468c86,1616161717171616,
dataset/train/notumor/Tr-no_0199.jpg,notumor,no_tumor,3,train,41efe60c9486d5c559d6ede0449c1da09b12bfbf8241ba4f28c60f82634cfe04,1e1f13733131330f,
dataset/train/notumor/Tr-no_0200.jpg,notumor,no_tumor,3,train,270d8daa78d030858d13b95aad0f59bf3cd78b17a6ab1604e0118342676de60f,0c0e0e160e1e1616,
dataset/train/notumor/Tr-no_0201.jpg,notumor,no_tumor,3,train,34da25bd2e6f77deed656d4125459dd79a068f89a15aed64b4490fbf7b279a46,06334d0965691359,
dataset/train/notumor/Tr-no_0203.jpg,notumor,no_tumor,3,train,8674ee38422db83e1536ea0e664c2466e9a05b6c90c72697aa8741668870f21a,8303030763211919,
dataset/train/notumor/Tr-no_0204.jpg,notumor,no_tumor,3,train,fd518cc4043e52697c3fafc977c6a95e23ed850d2056d0b39cff3875ece52807,1f1f0f133333171f,
dataset/train/notumor/Tr-no_0205.jpg,notumor,no_tumor,3,train,ce8380b51fcf1dbb1347069191fbeabf20712e1b0673efc65c08c87c70b1a1af,0e0f133333131f0e,
dataset/train/notumor/Tr-no_0206.jpg,notumor,no_tumor,3,train,3dcd8366363463939aad20fb3421a4aff7b2539b9ecd7fb3ba6471915caa0b81,8c8e0f332b13078f,
dataset/train/notumor/Tr-no_0207.jpg,notumor,no_tumor,3,train,c5c3c342a808665131f102225f3cae7fb3234dfa5395ab9945cfd01e11fab6db,161f0f1b3b33170e,
dataset/train/notumor/Tr-no_0209.jpg,notumor,no_tumor,3,train,02d84c8f215bb8f8f94ad1456041dd8e0fd8e76097cecad324e06d40b429baf8,0e1f2b1327171616,
dataset/train/notumor/Tr-no_0212.jpg,notumor,no_tumor,3,train,b3d48eaa67fc8a46bf8ef134ffa3b797c6d118804369ad6d981b800529787bc1,0e173333236b170f,
dataset/train/notumor/Tr-no_0213.jpg,notumor,no_tumor,3,train,c3f2d52e1a996bea716774c0051492202d3bdf76fdb53f9ade2b5c6289a6cb36,4c8e07171f1f1f96,
dataset/train/notumor/Tr-no_0214.jpg,notumor,no_tumor,3,train,2d199bb9ce07fd48853b7514e64c237ab44cdbd2cf38b3973e001ae6d5852519,0e23557559797776,
dataset/train/notumor/Tr-no_0215.jpg,notumor,no_tumor,3,train,7d5fb3078f6ed56884ebf8c14928f4e8e05ffd2065cf1b5f4b23cd6dfa3f49ef,0f4b6b2b694d2f1f,
dataset/train/notumor/Tr-no_0217.jpg,notumor,no_tumor,3,train,54f6988e22d13ed8a6612371d0d2c725f2e163384d9059f3b25dd56f4bb11fab,0e1f173317176b37,
dataset/train/notumor/Tr-no_0218.jpg,notumor,no_tumor,3,train,a8bf58f1fee6cc15adfbbbbe78513606502269b917a52dfe0991621ad5ba401c,0e8f2b2b0f0f0f8e,
dataset/train/notumor/Tr-no_0219.jpg,notumor,no_tumor,3,train,cc336bb30a64c66a0897e048331ca9818b553b8d0c313ed4980971c5b8ea1b46,072b692b17170b6b,
dataset/train/notumor/Tr-no_0221.jpg,notumor,no_tumor,3,train,24994786d576883215ebeccd522d9b4eebf01a374fccdb30c3cb5e56035cd425,17173333133b070f,
dataset/train/notumor/Tr-no_0223.jpg,notumor,no_tumor,3,train,e9a63334af63a2ec8cab2149ec091466c60df5fe115cf36cc30c9304dacbb376,8f2b2b6969552b17,
dataset/train/notumor/Tr-no_0224.jpg,notumor,no_tumor,3,train,136e27954eca1b7b887f3700f412b2c531153938a0d721d1557a94c3362497c2,0e0f2b2b2d31130e,
dataset/train/notumor/Tr-no_0226.jpg,notumor,no_tumor,3,train,2e9979eb629886f51f2e4b143f7526fe57537077b3bcb1bfd7d4ecad00b30547,8e0f17173333078e,
dataset/train/notumor/Tr-no_0227.jpg,notumor,no_tumor,3,train,b7217d07fe4b60f472aaeee4b36e8429d4a1685bbb9fd13c1d471835326e801d,0e0b594d596b1b1f,
dataset/train/notumor/Tr-no_0228.jpg,notumor,no_tumor,3,train,e2883675188861ceba2436c5356ffbf253dc537731b257643c6544788acd52b9,4c8e0f17170f0f8e,
dataset/train/notumor/Tr-no_0229.jpg,notumor,no_tumor,3,train,fd701e8cdd7a47b2b7198334e09d7947edf3d2efdd68b73b8d47282256f9f475,0d0723232b230f0f,
dataset/train/notumor/Tr-no_0230.jpg,notumor,no_tumor,3,train,b057deb4892d1d2a4ffd1b4be5c1e5d058f3fa01db86e38e177d470efa05b6a7,8c1e2b4b692b0386,
dataset/train/notumor/Tr-no_0232.jpg,notumor,no_tumor,3,train,2e1bb67ed663d3411dd867c433498aecb0aa50b426f2933a6d7b6ce194a116ae,0323170765611313,
dataset/train/notumor/Tr-no_0233.jpg,notumor,no_tumor,3,train,72acc74eeb207d915e2a252dcecf6ba2302eec74946776027e095f1f20ce9955,8e336b6969693b8e,
dataset/train/notumor/Tr-no_0234.jpg,notumor,no_tumor,3,train,2779f5d9e97ff8a2283e34ab88a7e6de22c561367944758e2796f427fd2dddd9,8e0f2b2b2b0f0f0f,
dataset/train/notumor/Tr-no_0235.jpg,notumor,no_tumor,3,train,733e77e4b6da2d851bddbf9cf2768c02db39d5fa0f7be61fdbcb9d1e044abb76,4d36334b4d4d3b9e,
dataset/train/notumor/Tr-no_0236.jpg,notumor,no_tumor,3,train,7c103b082c141631e8475390a8b06ef7ef0cfba10e61cf2d4ce9dd1e2b08dfb0,4c17171717171f8e,
dataset/train/notumor/Tr-no_0237.jpg,notumor,no_tumor,3,train,5f51fecec97f1264f4cb6a9f7d0d847f17e49033ec034b11d2cc5c8b79ba6519,0c1e0f0f07170f0f,
dataset/train/notumor/Tr-no_0238.jpg,notumor,no_tumor,3,train,ca5a51914cad005d72af57fa6c9142fc9d650ca06ba23f3e839991c3fa4c8b36,4d06070f171f0f0d,
dataset/train/notumor/Tr-no_0239.jpg,notumor,no_tumor,3,train,2779f5d9e97ff8a2283e34ab88a7e6de22c561367944758e2796f427fd2dddd9,8e0f2b2b2b0f0f0f,
dataset/train/notumor/Tr-no_0241.jpg,notumor,no_tumor,3,train,aa66d8e967787f1f68a537f5300e72131b53cc4706620d41e67f74b1eb53d931,1e17151717170707,
dataset/train/notumor/Tr-no_0242.jpg,notumor,no_tumor,3,train,2ad6ffff97ce8cbfd5d4785955ea16a6ccf7090eb67a8015e47cd8902571b827,8e0f2f2f2b552917,
dataset/train/notumor/Tr-no_0243.jpg,notumor,no_tumor,3,train,457bb992bb7e34fa6aab66824086e47d6751f00578cf6fac23016408b751f6cc,8c16170f0f179617,
dataset/train/notumor/Tr-no_0244.jpg,notumor,no_tumor,3,train,7a7fcfb55378e4367cb3f163dc510df7e4b5f95d8fee5e4407b6ef397d56e243,0e0b2b2b6d0f0f0e,
dataset/train/notumor/Tr-no_0245.jpg,notumor,no_tumor,3,train,4c2c103442bacc20c289e01799a028f732816b392a316671549e21810560ac30,0e161717332b0f0c,
dataset/train/notumor/Tr-no_0246.jpg,notumor,no_tumor,3,train,dfbba0fc3e25b2cc10d6fde8faf975c6f475baa770ede5ea3fd1e495995736ef,0e33717054752b0f,
dataset/train/notumor/Tr-no_0248.jpg,notumor,no_tumor,3,train,b19b70050792743117c0ca8237e721b433a3d76b7cd1ae7e2bfaa50f73985957,170f053333231317,
dataset/train/notumor/Tr-no_0249.jpg,notumor,no_tumor,3,train,53765f8fc313f7684b0df4547a89e27ecae20ae66c60ee26318fc9f1a301de8d,8e13294545692386,
dataset/train/notumor/Tr-no_0250.jpg,notumor,no_tumor,3,train,19566883ea0fadcc0544956d52fef0eaf9d56cedbcbbad2e6f4b5fa4a8998c7c,270f0f2377351707,
dataset/train/notumor/Tr-no_0251.jpg,notumor,no_tumor,3,train,c515996f4519dbd88019480d9e6442c71bc2513a7e2cb35a776b56af27b1021a,8e0f333369692b8f,
dataset/train/notumor/Tr-no_0252.jpg,notumor,no_tumor,3,train,dd4ddc577d69ed2b40ac77e48195ea19bedf7fd3e7c65a37c806e2d0e29f86f5,0f0f0f0f170f0f0f,
dataset/train/notumor/Tr-no_0253.jpg,notumor,no_tumor,3,train,039d0eb6b8493db695929536aa7476f8c472381a7c20de981bfe7e0bdd875a82,0c0e161717170e0c,
dataset/train/notumor/Tr-no_0254.jpg,notumor,no_tumor,3,train,816f1f8b04796ca9fd174c859d5da8e9c5a0d55bc243ffe4ab26387552247c12,1c1c1c3c2c0c2c0c,
dataset/train/notumor/Tr-no_0255.jpg,notumor,no_tumor,3,train,e834d68ccf89fc7d5f8a93f0718fb614dd3591102ee4ed5c5d851ac43dbd9e1c,a087017064496b43,
dataset/train/notumor/Tr-no_0256.jpg,notumor,no_tumor,3,train,d3e965a356f6f569b2cdc45e70fbb9aadcf98d4b82b6b3060e4cdfc584bf6d3a,0e071717170f0e16,
dataset/train/notumor/Tr-no_0257.jpg,notumor,no_tumor,3,train,6e643c3263775b4637ad4e11620277c6ac65dcf63996826f76cac2dac5d8afdc,0e1733737323270e,
dataset/train/notumor/Tr-no_0258.jpg,notumor,no_tumor,3,train,d8ea17fdb98908199591b41310c56ae6a2b90408287403a45333653e079944b1,8e363333732b268e,
dataset/train/notumor/Tr-no_0259.jpg,notumor,no_tumor,3,train,b509413a0acc8c116cabf3ba89af7be6e0b1ce1edcc9c73e24791d32204f5432,0e0f2b2b0f0f2f2f,
dataset/train/notumor/Tr-no_0260.jpg,notumor,no_tumor,3,train,49d44a7fd256a35903b981a4c7fbd2c3adc0f87f24ed0cf34d83a91aa13441b0,0f0f170b0f2b0b0f,
dataset/train/notumor/Tr-no_0261.jpg,notumor,no_tumor,3,train,a3aeeb190902985d3583c8b9751cce3a4bc224ed01ed8797dddf920b3035f48f,1f151717273d4f4d,
dataset/train/notumor/Tr-no_0262.jpg,notumor,no_tumor,3,train,90aa370bdde976ddb057adcadcda567e886f8e47f66f624b65d60c84092624cc,170717170f4c1713,
dataset/train/notumor/Tr-no_0263.jpg,notumor,no_tumor,3,train,6442819447edcf898f4cb2dc4b4a67c44b647a93ab981d43380457be8e7d1344,8707070725011115,
dataset/train/notumor/Tr-no_0264.jpg,notumor,no_tumor,3,train,e3ea07d69e4b3242a2bc56046a2c9547c6e15d8169d3bdad7d4f8f9baf2a2442,0e0f2b0b0d2b078e,
dataset/train/notumor/Tr-no_0266.jpg,notumor,no_tumor,3,train,4a2012a601825fbe03aa6861c17fa749077f4b31dfb60a71b96765f7f8415d93,4c9617071397964e,
dataset/train/notumor/Tr-no_0267.jpg,notumor,no_tumor,3,train,ca5a51914cad005d72af57fa6c9142fc9d650ca06ba23f3e839991c3fa4c8b36,4d06070f171f0f0d,
dataset/train/notumor/Tr-no_0268.jpg,notumor,no_tumor,3,train,136e27954eca1b7b887f3700f412b2c531153938a0d721d1557a94c3362497c2,0e0f2b2b2d31130e,
dataset/train/notumor/Tr-no_0269.jpg,notumor,no_tumor,3,train,30158c95efde792422007066f9e8662662e167f8817e2707ef9989d6c5580c68,0f29696915968f0f,
dataset/train/notumor/Tr-no_0270.jpg,notumor,no_tumor,3,train,e3ea07d69e4b3242a2bc56046a2c9547c6e15d8169d3bdad7d4f8f9baf2a2442,0e0f2b0b0d2b078e,
dataset/train/notumor/Tr-no_0271.jpg,notumor,no_tumor,3,train,3e28a41d472bdece4726feb35f1831db15769bc4664cd465e635297f8fe7255b,1717130b17272303,
dataset/train/notumor/Tr-no_0272.jpg,notumor,no_tumor,3,train,66e52289dbb20ebe544be658dbc1345e18f031967fe6f972bfb91dd8a39d48cb,1e571f8d99797767,
dataset/train/notumor/Tr-no_0273.jpg,notumor,no_tumor,3,train,a730dc01bde0288d92f3d175a1863c652162a8006964884a24b41ccaac5cbacd,0e17170f0f3f2b2e,
dataset/train/notumor/Tr-no_0275.jpg,notumor,no_tumor,3,train,317c76528b24d8416ce7bff13e60de5c3837fbbb224a3769955e95411962da5f,0f07371b172f0303,
dataset/train/notumor/Tr-no_0276.jpg,notumor,no_tumor,3,train,20b0c7de1c131e75deff54e8f0c51eef6c48116cdcbf7bb1f47fc7e4c7f07ab1,0e0f2b2b2b2b0f0e,
dataset/train/notumor/Tr-no_0277.jpg,notumor,no_tumor,3,train,65171c43207bd38c794fd14bf5f513325e8a4fe207f71539009bfb4f78b347d8,0c16171717170e0c,
dataset/train/notumor/Tr-no_0278.jpg,notumor,no_tumor,3,train,c715d389f6f52d451d66f141f87fb421f675e159129ada956a1e3ca54a231915,86132b370f273517,
dataset/train/notumor/Tr-no_0279.jpg,notumor,no_tumor,3,train,733e77e4b6da2d851bddbf9cf2768c02db39d5fa0f7be61fdbcb9d1e044abb76,4d36334b4d4d3b9e,
dataset/train/notumor/Tr-no_0280.jpg,notumor,no_tumor,3,train,79b6fe05b46ee2a734c4da64cd109bc508bfd1b76f46e9c496dbb406f86139f9,0c0e0e0b0b0f0708,
dataset/train/notumor/Tr-no_0281.jpg,notumor,no_tumor,3,train,2cd1096a6415c70403948e7aaac0694451619850a4ce545b4f9134b06401248b,961717171703170f,
dataset/train/notumor/Tr-no_0283.jpg,notumor,no_tumor,3,train,d62ef020a79e42be55f4a6977457753c11364c69c1a842aab749f45b910a348f,8e1717168713170f,
dataset/train/notumor/Tr-no_0284.jpg,notumor,no_tumor,3,train,4984bb79a4b6f8bbe65f017c74fd7c1dce3f24d94cc9d33f92e22b441a0866ca,0f2b2b2b652b0386,
dataset/train/notumor/Tr-no_0285.jpg,notumor,no_tumor,3,train,b54132324f4c4684a54d7a0aeaa195e73ca027c410417ddc6bc3c303fa38aae0,2e37171717131717,
dataset/train/notumor/Tr-no_0286.jpg,notumor,no_tumor,3,train,98b975e302443759272d6d112532913d72094fa5f9fe318b2384243c1fd39bfe,0e0e0e16170f060e,
dataset/train/notumor/Tr-no_0288.jpg,notumor,no_tumor,3,train,4211925dc3a4fbb8585306ea6e18c7bde166dc4b7da97a8c638a885b48758f97,480e9e1717178e4c,
dataset/train/notumor/Tr-no_0289.jpg,notumor,no_tumor,3,train,c89bab9606c9dd094eea949e80079eab03aba3936d3ff080ba766c06d8793030,0f17173357573333,
dataset/train/notumor/Tr-no_0290.jpg,notumor,no_tumor,3,train,1fe1db4adc37442001e9e054e3a990efa31b7db7cdb0a3d2711afbf346f9094b,1713071303331717,
dataset/train/notumor/Tr-no_0291.jpg,notumor,no_tumor,3,train,d07ac7d4c62a45c3ca88e4b57cf485acd22b5d5f5e519110f769eb0cd9169d47,0c163333333b1e0c,
dataset/train/notumor/Tr-no_0292.jpg,notumor,no_tumor,3,train,1e44c67ea903803998454afc6c962b949f58d86eb4d07d66676fe3da4ccb27e6,0f0f1333332b070f,
dataset/train/notumor/Tr-no_0293.jpg,notumor,no_tumor,3,train,e124a328ea3ce87ac41415a348a5428df30d55d78be8e9b396a69affdcfa5752,0e17171555137971,
dataset/train/notumor/Tr-no_0294.jpg,notumor,no_tumor,3,train,280d387f9ef5c5407c3a5618fc7e3a861fed385c6f4c2e11e1ee9b13a7faa102,0c1e1e1e1f17160c,
dataset/train/notumor/Tr-no_0296.jpg,notumor,no_tumor,3,train,7259b858528de164f36d6751cdd6f34ef5579aa8a233314c0996accf49be6d34,072d0f2d26654919,
dataset/train/notumor/Tr-no_0297.jpg,notumor,no_tumor,3,train,666b50d0474c4ff31d28ac1c6a8cd9e0d7c91f378d34f6f8eb8932dc986a635b,87170b2b17133329,
dataset/train/notumor/Tr-no_0300.jpg,notumor,no_tumor,3,train,95b8ce855e68fcce7fac77b3f4d27aa785b879a2d797d92f85ae232b0fe667e8,260f37333333370f,
dataset/train/notumor/Tr-no_0301.jpg,notumor,no_tumor,3,train,470cf49146ca3bb3c89ae1d085833bf3da87ca5e09d33669c35dc8b87e7a9332,0e171717332b2b33,
dataset/train/notumor/Tr-no_0302.jpg,notumor,no_tumor,3,train,c4c847d6e586faffcadf669ff0a9a608542741edc3a387040c059df1bb7052bb,4c96332b2b2b168c,
dataset/train/notumor/Tr-no_0303.jpg,notumor,no_tumor,3,train,072da5148018c213f2280b09a2ca903e5225df9e156a4d4abbb8af43b004e855,16330f1b3331170e,
dataset/train/notumor/Tr-no_0304.jpg,notumor,no_tumor,3,train,8d1b8cb2975b43db869caaecbffd11f51651b6c25d35928f84cc295215cfb822,0e0717173333178e,
dataset/train/notumor/Tr-no_0305.jpg,notumor,no_tumor,3,train,79dfcbe9f00000f326252ce4af92f3d9f1ac0f33bb9a15b07a8b0a72dc65a304,8e131717532d2933,
dataset/train/notumor/Tr-no_0306.jpg,notumor,no_tumor,3,train,de4262277efb99566dbd4ef736866baf2f04cc511c557ee6037d655b4e3c8d23,17130f4d1d333317,
dataset/train/notumor/Tr-no_0307.jpg,notumor,no_tumor,3,train,59e620753dd9860c69a4a2cfbfb360ec3bb22a7ca27a0989fafdde31e9712551,8e17171771515d75,
dataset/train/notumor/Tr-no_0308.jpg,notumor,no_tumor,3,train,da9ef6cef60bdcf63e1cb2c07ebe5bfb5a1c08c74dadf280915d55d7c3e36d9a,1e0f1313132b270f,
dataset/train/notumor/Tr-no_0309.jpg,notumor,no_tumor,3,train,cb5a323618d843a9c3b2bd73a6b7762f1e36a2f905a93cdf3c1b5454d2fcbea1,073b096cce686113,
dataset/train/notumor/Tr-no_0311.jpg,notumor,no_tumor,3,train,01ec12ef228dc2b9a9aa14a7c2b4e17169a43f8439890f94841672ea106a33e5,1b0f1b1317172733,
dataset/train/notumor/Tr-no_0312.jpg,notumor,no_tumor,3,train,e3b10e3d4c19e968114817f0cfe382103c689762a89d773de02e1fde8e133d69,8f1765646d690b0f,
dataset/train/notumor/Tr-no_0314.jpg,notumor,no_tumor,3,train,e7a0d82b59709a4d7c2a3570633b0e4888211a328cddb7d1497760ae14d3cbdd,1717171313175d13,
dataset/train/notumor/Tr-no_0315.jpg,notumor,no_tumor,3,train,868d144dc615a0032a80283be8b2c5488fcfb30c2f186f2fbf74c84c606a050b,072f6d6d6d6b230f,
dataset/train/notumor/Tr-no_0316.jpg,notumor,no_tumor,3,train,76d577713f1cf4414f780058f2079f7e6446aba86e89a86d7dd36401ca79a727,4d06070f171f0f0c,
dataset/train/notumor/Tr-no_0317.jpg,notumor,no_tumor,3,train,8a05324c1e59d079c88ad71e484739999eab506d3e7eb1bca857264329113b94,072b6d6d0f332b17,
dataset/train/notumor/Tr-no_0318.jpg,notumor,no_tumor,3,train,90b09a698e88ffae221f5f5c0c732e7a17e93387b4e91fc0be28b3aa3b91ba33,0f2b6d6d4d370b1f,
dataset/train/notumor/Tr-no_0319.jpg,notumor,no_tumor,3,train,affc1b4d529e3c1f06052e6fe5d27ef659071f0c1b14b4197c6d2c4f30ae93bb,960f2b2b69552b0f,
dataset/train/notumor/Tr-no_0320.jpg,notumor,no_tumor,3,train,f1aa73c33c56a13b8fe3b256ba2e6e3d2d84ddc6f3ed814d874bc88726ac1f9d,cc3623555575330e,
dataset/train/notumor/Tr-no_0321.jpg,notumor,no_tumor,3,train,824f3f6e1bdfb31b1af4990a29c553634e1e3893c53468748c58c53ef2c47c6f,963317231715274b,
dataset/train/notumor/Tr-no_0322.jpg,notumor,no_tumor,3,train,247420d663a2af95266ddfb5c9cd2ee741d2474f300ca0d25809d37f61e9c4df,0c163339792b130e,
dataset/train/notumor/Tr-no_0323.jpg,notumor,no_tumor,3,train,e34e448b7509d16d43c6a6505995cdbb7bf6b2ad29ee09a37ec740c8494f74e3,0f2b71596d692b8e,
dataset/train/notumor/Tr-no_0324.jpg,notumor,no_tumor,3,train,d07ac7d4c62a45c3ca88e4b57cf485acd22b5d5f5e519110f769eb0cd9169d47,0c163333333b1e0c,
dataset/train/notumor/Tr-no_0325.jpg,notumor,no_tumor,3,train,7b73d6019deb1482bc5fb7027f12719bea983c8eb0b0c0f3e95feb61c90fafb3,8e17171733333706,
dataset/train/notumor/Tr-no_0326.jpg,notumor,no_tumor,3,train,a8155f8b8f640f8464b58a380026d01471800d15e76cbfd9678848d669c7e3a7,376b61d5d055690b,
dataset/train/notumor/Tr-no_0327.jpg,notumor,no_tumor,3,train,18cfaf6cee35ef130675d36429a4d0d9d944cef9942c203b01975b7130ff6df5,d68f0f073733070f,
dataset/train/notumor/Tr-no_0328.jpg,notumor,no_tumor,3,train,76a70a3f68103e335f080a323d763fbda5febc37e4714c2f9b54499795f13fa3,0e0f17171717551f,
dataset/train/notumor/Tr-no_0329.jpg,notumor,no_tumor,3,train,053a6036a57e58922ce011f713ddb44f78af390306aa055803e24338eb977075,0f1f17170f4b3796,
dataset/train/notumor/Tr-no_0330.jpg,notumor,no_tumor,3,train,16bdc3ca286cca1bb4761deeca41c63f5626ac65aff85231686caf5c3897c210,8e0e17170f0f0f8e,
dataset/train/notumor/Tr-no_0331.jpg,notumor,no_tumor,3,train,9af05acd768793e89fc6776c3af838b0bf0747cfc3a3737e1cd3af44ea09c930,4c8f17171737170e,
dataset/train/notumor/Tr-no_0332.jpg,notumor,no_tumor,3,train,136e27954eca1b7b887f3700f412b2c531153938a0d721d1557a94c3362497c2,0e0f2b2b2d31130e,
dataset/train/notumor/Tr-no_0334.jpg,notumor,no_tumor,3,train,4f3c00ef520660295576c472a0cafc9f1bb400d736b352b736966af08bf09235,071f171713371f0f,
dataset/train/notumor/Tr-no_0335.jpg,notumor,no_tumor,3,train,9d338079dd3288665657816ebeec6ada298761e0ff9f4c22a59f05c46768db14,081e0f0f0f2b0f0e,
dataset/train/notumor/Tr-no_0336.jpg,notumor,no_tumor,3,train,7b73d6019deb1482bc5fb7027f12719bea983c8eb0b0c0f3e95feb61c90fafb3,8e17171733333706,
dataset/train/notumor/Tr-no_0338.jpg,notumor,no_tumor,3,train,f2d9f0979df98ce2e4aab669d3c141ca02ebce9eb15775267bfd6d4eae2a7d7f,861733333329178e,
dataset/train/notumor/Tr-no_0339.jpg,notumor,no_tumor,3,train,c6d35e130bc719af5e19824979ce640e835635fc495a7383435df8b9aa16b023,9e9f17173717078e,
dataset/train/notumor/Tr-no_0341.jpg,notumor,no_tumor,3,train,c3f2d52e1a996bea716774c0051492202d3bdf76fdb53f9ade2b5c6289a6cb36,4c8e07171f1f1f96,
dataset/train/notumor/Tr-no_0342.jpg,notumor,no_tumor,3,train,eed488f2e399ac4a011a52b70eff0a73837f1f2b8ef02297841792ba819420bc,8e0e17170f0b0f8e,
dataset/train/notumor/Tr-no_0345.jpg,notumor,no_tumor,3,train,19d1e5fece32f25cffe40d78ee005f41ff3c2598c7765ed122ffb29518274326,4c9613130f2b238e,
dataset/train/notumor/Tr-no_0346.jpg,notumor,no_tumor,3,train,a8d8bd68e37588a5be079ea92de410d9097988aea40552f6fd08ca44a7dd6c74,0c0e2b2b0f17070e,
dataset/train/notumor/Tr-no_0347.jpg,notumor,no_tumor,3,train,9af05acd768793e89fc6776c3af838b0bf0747cfc3a3737e1cd3af44ea09c930,4c8f17171737170e,
dataset/train/notumor/Tr-no_0348.jpg,notumor,no_tumor,3,train,cae1e3ac8a29d55a9f7c0638c1d26be1d91a18c26715459dfcfa56a26317c11b,8701111131230381,
dataset/train/notumor/Tr-no_0349.jpg,notumor,no_tumor,3,train,ff1df5849a35548de3ed553bc8c927511045cce13c42a2159c62f546c52230c9,8e33715554610f8e,
dataset/train/notumor/Tr-no_0350.jpg,notumor,no_tumor,3,train,136e27954eca1b7b887f3700f412b2c531153938a0d721d1557a94c3362497c2,0e0f2b2b2d31130e,
dataset/train/notumor/Tr-no_0351.jpg,notumor,no_tumor,3,train,f3bbcbc551b2533f763091b8d11957d40118b57fe937c3b940f3f8b26098030f,8e17770b030f2b17,
dataset/train/notumor/Tr-no_0352.jpg,notumor,no_tumor,3,train,41d847d03ff8e8a80fde982029492adf6c622dc7d78fad2db48b14287c552296,280e06171317064c,
dataset/train/notumor/Tr-no_0353.jpg,notumor,no_tumor,3,train,d08b052913eb262dfd31fdd6d7ca904c5343087cdc458ca928c9e85bf41bf388,8f1f1b17172b1b0f,
dataset/train/notumor/Tr-no_0355.jpg,notumor,no_tumor,3,train,77d1374baf9988fd4f9272886783a65820b3afbbbaa773777ed01a4b04ff9d80,6c871333333b074e,
dataset/train/notumor/Tr-no_0356.jpg,notumor,no_tumor,3,train,f0f59157eff868aa8dc74d5a6b5d384421c8587b5f15d90ca8414f4650276436,2e73c9cdd45c3107,
dataset/train/notumor/Tr-no_0357.jpg,notumor,no_tumor,3,train,d9f0d5ef8784abb3ac7cadb3e31a9b1ef4879de8edb20a637d66c49f6c8eb60f,07697950f1753b1e,
dataset/train/notumor/Tr-no_0358.jpg,notumor,no_tumor,3,train,6d94cb16b0e532e10913e0f7e82bc9f0e2ddc3ff08601f8f7b118b88a137e111,0c0e1717173b1f0c,
dataset/train/notumor/Tr-no_0361.jpg,notumor,no_tumor,3,train,b577189346bc4cc74942150e5875bead25153aa474db97d1882ebf72244de3ec,0e2b2d0d0f070707,
dataset/train/notumor/Tr-no_0362.jpg,notumor,no_tumor,3,train,76a70a3f68103e335f080a323d763fbda5febc37e4714c2f9b54499795f13fa3,0e0f17171717551f,
dataset/train/notumor/Tr-no_0363.jpg,notumor,no_tumor,3,train,b23fe6dad4ff5e7e0fe80d1d315399658298647951c5f5e148e8c0d6ff6e3b5e,8e960f1b3b33178e,
dataset/train/notumor/Tr-no_0364.jpg,notumor,no_tumor,3,train,c50e621a36b08a9c2f28e239dc00b27ce321bd8ed715a48ced97515e965473d2,260b1f1737070f0f,
dataset/train/notumor/Tr-no_0365.jpg,notumor,no_tumor,3,train,25dbc9664f03a7af82b74aec6c5497cd94dc5f6f639907656725d0ac88cfd111,1e1f1f1f197d67e7,
dataset/train/notumor/Tr-no_0366.jpg,notumor,no_tumor,3,train,2ed15a662d8dcdf6077f3bf8bb4d21722e2a3b90ff2cf194db18b75933a4d322,0e1717173717170f,
dataset/train/notumor/Tr-no_0367.jpg,notumor,no_tumor,3,train,fc8747011cb29cb94b758e4c23df80e621617dea8ac55797640db236d8223bad,1f31061767291b1b,
dataset/train/notumor/Tr-no_0368.jpg,notumor,no_tumor,3,train,25dbc9664f03a7af82b74aec6c5497cd94dc5f6f639907656725d0ac88cfd111,1e1f1f1f197d67e7,
dataset/train/notumor/Tr-no_0369.jpg,notumor,no_tumor,3,train,2ed15a662d8dcdf6077f3bf8bb4d21722e2a3b90ff2cf194db18b75933a4d322,0e1717173717170f,
dataset/train/notumor/Tr-no_0370.jpg,notumor,no_tumor,3,train,9a1a7d12c935c0029511710dba377c2d37ecf4924ec19c1644b6116b48c33610,870b0b2b27611909,
dataset/train/notumor/Tr-no_0372.jpg,notumor,no_tumor,3,train,2f4b61c1399bbaa181cdf8e7fd191654a6e56f2b0616f2659773b81fe7110ea5,8711313266643133,
dataset/train/notumor/Tr-no_0373.jpg,notumor,no_tumor,3,train,9af05acd768793e89fc6776c3af838b0bf0747cfc3a3737e1cd3af44ea09c930,4c8f17171737170e,
dataset/train/notumor/Tr-no_0374.jpg,notumor,no_tumor,3,train,85c8594ea52ea7c8d812d2c4565ef0aa079ab021f4936b623f64bd7878ec0c6a,060f1733272b1b1b,
dataset/train/notumor/Tr-no_0375.jpg,notumor,no_tumor,3,train,0e4c329816794910ea5acc4201d05217b93c22bbf138aa55cee98ae7680e1320,072b692b17170b4b,
dataset/train/notumor/Tr-no_0377.jpg,notumor,no_tumor,3,train,8e69d582e948d4bdf753ad925311df27bab28db64ba2ee766d5e595cf95cd329,8731190965713333,
dataset/train/notumor/Tr-no_0379.jpg,notumor,no_tumor,3,train,0e94bed6ab99b6868c666ddefd0b4af8ac7a4ca0f7d70913eab82ef3c51911e0,962b696d6d551796,
dataset/train/notumor/Tr-no_0381.jpg,notumor,no_tumor,3,train,a704cc9ea5d50153536829d38646e5a8307305684e85da4540e1c215b37851a4,bc8607170d27331b,
dataset/train/notumor/Tr-no_0382.jpg,notumor,no_tumor,3,train,57f0ab999116e22dc6cc7dc18d28b4fe2a09efd9046d62cdf2c617d0ce77b7b2,8f072b1723272763,
dataset/train/notumor/Tr-no_0383.jpg,notumor,no_tumor,3,train,06da2b63483ae3906acb5ae1e2c4b2056c28217f45d0e6183d68d08c31e717eb,060b0b0d05050913,
dataset/train/notumor/Tr-no_0386.jpg,notumor,no_tumor,3,train,464c99ab64b0cce69e6d36ae06e0cdeda7ed06b3b0516f6715c8e1e083ca0c9b,070f0b0f6d211919,
dataset/train/notumor/Tr-no_0388.jpg,notumor,no_tumor,3,train,bb9c0c75cf6859ab320834f50a154e90e5ddc05c2acbf14eb386104a07e416f5,86070b33538ddd35,
dataset/train/notumor/Tr-no_0392.jpg,notumor,no_tumor,3,train,02667d11592caf7f0a97294e11bbb0283a413e95e4ed91df38475a321c7fc601,0f2b2b2b555d2b0f,
dataset/train/notumor/Tr-no_0393.jpg,notumor,no_tumor,3,train,32c582d087d73d6ffaa20528c12ea6b81d9c348808789feb72b548a4fccc0d69,830f173961633b33,
dataset/train/notumor/Tr-no_0394.jpg,notumor,no_tumor,3,train,9d338079dd3288665657816ebeec6ada298761e0ff9f4c22a59f05c46768db14,081e0f0f0f2b0f0e,
dataset/train/notumor/Tr-no_0395.jpg,notumor,no_tumor,3,train,638e2c2316fa50c151cde9e1f11e0861f149659ad9de9a700f3ce3fa1a8c4785,0e0e23232b2b0f0e,
dataset/train/notumor/Tr-no_0396.jpg,notumor,no_tumor,3,train,78272b533cd2cd32360f342e22676958d73e3f7f1b70a3ee4c004b0977c85e2f,962713bb2b0d0f0b,
dataset/train/notumor/Tr-no_0398.jpg,notumor,no_tumor,3,train,8a9c190999ed224a091cd15fd4f2acc69b6d4f2d3d0cf4cb1802ef9d55e2cf16,0c0f171717171f0c,
dataset/train/notumor/Tr-no_0399.jpg,notumor,no_tumor,3,train,59129e8a5fc88835ba3706191fb392754e132c7a39d1efc655fd1cd4a52873de,8c0f131317179686,
dataset/train/notumor/Tr-no_0400.jpg,notumor,no_tumor,3,train,c6deb2680ade67d4dd9abecb7e6c3fa420dab1022d8b3678a48d9ac66fd5ddce,0e33737331370706,
dataset/train/notumor/Tr-no_0401.jpg,notumor,no_tumor,3,train,e61f300036ee5e2db6a0e4df462189d41b39323efb6a7cffe2b454fffd2c18f0,0e33737331370706,
dataset/train/notumor/Tr-no_0402.jpg,notumor,no_tumor,3,train,82272975b1bc03cc0b9a0816d6a2f9a8d1c3833fe4d359853aa4bcf19ddd1322,0e1f171737171e8c,
dataset/train/notumor/Tr-no_0404.jpg,notumor,no_tumor,3,train,ab7ed17fc5809e5514fa69d16991a6327891f7755e7289f5c5ab99eaa64ec4cd,0e0f2b2b3b3b0e0e,
dataset/train/notumor/Tr-no_0405.jpg,notumor,no_tumor,3,train,38ad22a77c6fd49336ffe1311bd64c7eb5cfaf116eed95f44126ff72fd467552,0c0e2b332f2f0e0c,
dataset/train/notumor/Tr-no_0406.jpg,notumor,no_tumor,3,train,b9f2c8cb9d850f58dd0749ffc13035fb6ddbcd8e3b5d84b301d7bfbae68621ac,8e1717171733178e,
dataset/train/notumor/Tr-no_0407.jpg,notumor,no_tumor,3,train,c3c288a174cbc69b5bba653fddc67c3f16cb1915be24442611d36929e695cd5b,0607171333171b0e,
dataset/train/notumor/Tr-no_0409.jpg,notumor,no_tumor,3,train,f8ec72ee4bd09880120f0839bd74bb2e88efd5576720d53e012ef945e0a56d3e,0f33697171331307,
dataset/train/notumor/Tr-no_0410.jpg,notumor,no_tumor,3,train,490f753826a6343e78d82eb39d7f08ae43ed1a87fa10212d5592678b1dd76943,0e3737373337270e,
dataset/train/notumor/Tr-no_0411.jpg,notumor,no_tumor,3,train,a35fa2f008fae05b592a376704ffb1805f8883e393bee718253d8817bccfe18b,cc9e170f0f0e8ecc,
dataset/train/notumor/Tr-no_0412.jpg,notumor,no_tumor,3,train,46896e51c880f82814f80ba9176c246e64c25ea3f2c8a001e6198a70f9a2418f,8e171b2b2b13170f,
dataset/train/notumor/Tr-no_0413.jpg,notumor,no_tumor,3,train,6f52961b316f3072bcc798a1178866f44d3f601ee1b5527dfa51907d02a95699,173733317169331f,
dataset/train/notumor/Tr-no_0414.jpg,notumor,no_tumor,3,train,e14c98975c713efa6057723a4d1b5c8fabe76bde9a82528ad61e8099b8fcd8d1,0f17171292965733,
dataset/train/notumor/Tr-no_0416.jpg,notumor,no_tumor,3,train,06b29e3d2fae28dad1e139950a7cbe2a5a688568d89ca92c82d9fada127a9df3,8f0717373753170f,
dataset/train/notumor/Tr-no_0418.jpg,notumor,no_tumor,3,train,465860197b4ccc00fe717b90731d81699bcfd15f2e6d3768fd201ea34ae7910d,1e160717170e1e0e,
dataset/train/notumor/Tr-no_0420.jpg,notumor,no_tumor,3,train,f7bcef6650bb0844ef3562033adfddb1f5db2c4b2c307df12a8f9cd79aa08e83,000e1e1717170f0c,
dataset/train/notumor/Tr-no_0421.jpg,notumor,no_tumor,3,train,5b78a3ddd88c805610aee8a4bc247021c97e0133aab8c43966d8142f0b742ea6,8e0e2b2b0b2b0b8e,
dataset/train/notumor/Tr-no_0422.jpg,notumor,no_tumor,3,train,ea7e5727b53448c5aef6a6fd946634d369bb7011e47c1cf1ae4aff54ccf8d6a0,171733331717178e,
dataset/train/notumor/Tr-no_0424.jpg,notumor,no_tumor,3,train,0a832deee2b11878df626c5873e48ec32f206016d3d5e0492d6b32fc929e6c2c,0c0e2b2b232b0704,
dataset/train/notumor/Tr-no_0425.jpg,notumor,no_tumor,3,train,febd779e6b385675f942d72995a0fb8be6ab15a13e2df1d90585a062f2428aa1,0f71aab2b2320d07,
dataset/train/notumor/Tr-no_0426.jpg,notumor,no_tumor,3,train,80e8ad1c7729005d2b8472f9419d38c0bf6ed9906376bd44b0ac5a06cfe032cb,8696171713130f8c,
dataset/train/notumor/Tr-no_0428.jpg,notumor,no_tumor,3,train,cf1bb3ce9b1bce42b22abb07e05990252e6676b210a8e759a728ba0f890c8449,335596b69717070e,
dataset/train/notumor/Tr-no_0429.jpg,notumor,no_tumor,3,train,7b7fcf8f635b7328153076258bd5fddc6562c43bf24614148c2440a1d2062d26,17171717172f170f,
dataset/train/notumor/Tr-no_0430.jpg,notumor,no_tumor,3,train,813168d582c5f47c0207f97718ae4f75819aafd75bbc996f22b2f2bb0a269508,cc171733231b0b8e,
dataset/train/notumor/Tr-no_0432.jpg,notumor,no_tumor,3,train,6fe64da08f0a8e68b2b0a183e78fad71fcc8db1c933fa632553ab8a8bca3bb95,0f0f2f6f2b2b2b1f,
dataset/train/notumor/Tr-no_0434.jpg,notumor,no_tumor,3,train,fcb7cd50be588701514cf9b3a5e25721d54cf3df921548f4b04febac65c526ce,0e0f071333330f0e,
dataset/train/notumor/Tr-no_0437.jpg,notumor,no_tumor,3,train,21b8b91e5ebe1f8ae79eb437f6ec83e8bfffbf71d50a7799aeacfa39d9327c18,0f2b2b2b512b3b1e,
dataset/train/notumor/Tr-no_0438.jpg,notumor,no_tumor,3,train,03c103deb384241129d3ff041a75183af771fa1591da3ab60bd23e292928ec6c,0d0f3733332b1f0d,
dataset/train/notumor/Tr-no_0439.jpg,notumor,no_tumor,3,train,6928bf994e8305a34bdc832e7df31b94c75b1d30418fbb6c503703b11f1259a9,0c0606060616160c,
dataset/train/notumor/Tr-no_0440.jpg,notumor,no_tumor,3,train,b4531b317308ad08f6f4c96da6e7244a9875a52d490ecdcab426249236587074,0c0f17333313178e,
dataset/train/notumor/Tr-no_0441.jpg,notumor,no_tumor,3,train,61c63bf48f3af36c30ecd78f09f038ae86717b0ec2d435209bc830c1cce69ab9,172713bb2b4d0f0b,
dataset/train/notumor/Tr-no_0442.jpg,notumor,no_tumor,3,train,090dac42b804f6ffe3719c23f945985189585b692901f195bac20bf5466ad98c,8e171f1f1b33178e,
dataset/train/notumor/Tr-no_0443.jpg,notumor,no_tumor,3,train,29ed9a897d633c24f388e753b6f81b9fa91ade7ba97b351f106b3fe954c0c036,17330f272333078e,
dataset/train/notumor/Tr-no_0444.jpg,notumor,no_tumor,3,train,834db082aecf03f2310a9599b16642f5f3a4d76da639d92bd083305cad59111e,8e161f1f3b33178e,
dataset/train/notumor/Tr-no_0445.jpg,notumor,no_tumor,3,train,233a5d8b0deeed1fc4a2d8ba343d38c761b76ed8b751945e350ca7e03aaefda5,0e8f0b2b0f170f8e,
dataset/train/notumor/Tr-no_0446.jpg,notumor,no_tumor,3,train,7d3ed9bbd82529237c3a31107966ecad504ffb5d3ed73ba36d19d8cd1d8e0d48,8c0e071737070f96,
dataset/train/notumor/Tr-no_0447.jpg,notumor,no_tumor,3,train,cfadafdd993e776771e13f5e398f295c662fdce13df92524fadc4c28c0a95a4a,0e8f1717152b2393,
dataset/train/notumor/Tr-no_0448.jpg,notumor,no_tumor,3,train,d73317ea7aca0dbb0e1d175362b9313e345d37e1174e787cad8b19425db38a80,2f71bb963237270e,
dataset/train/notumor/Tr-no_0449.jpg,notumor,no_tumor,3,train,a9dc1b9d61bdf2bcc9ff786cc211774f8e05a97343c837d6da93fce545e1f09e,0f0f2b2b3b3b0f0f,
dataset/train/notumor/Tr-no_0450.jpg,notumor,no_tumor,3,train,6e7061597f99837034140c4fa3ebe227cfbc5321d39b8f6c12e89e6894a8cd9c,172b5569692b2b0e,
dataset/train/notumor/Tr-no_0451.jpg,notumor,no_tumor,3,train,2b79ef9856ccc1d8c850634eed1304cd937563662d35fa77f8e26c3991d4bc1a,0e0f2b2b2b2b0f0e,
dataset/train/notumor/Tr-no_0452.jpg,notumor,no_tumor,3,train,ff4b41a44e9389717c3a0932fa35d6dd12170aca96f949c274ea22bad75366cd,0e0f2b232f2f0e0d,
dataset/train/notumor/Tr-no_0453.jpg,notumor,no_tumor,3,train,ba7002495f10faabd61751b0acda4545a4c7e95f2f2a09b002f4ee3a572a5031,1633737331370706,
dataset/train/notumor/Tr-no_0455.jpg,notumor,no_tumor,3,train,3e1fe5eb8190fba74e150bd2e96beb304d2d7199cb23db50eda5785192f8095f,cc9e1f1f0f0f8ecc,
dataset/train/notumor/Tr-no_0456.jpg,notumor,no_tumor,3,train,428c6e2a538eced2a14f9f3cd63534f10be023565bc4c611a76d8bf651195c67,0c0c0e16160e160c,
dataset/train/notumor/Tr-no_0457.jpg,notumor,no_tumor,3,train,84d46119ac6576ace21ef904553037e30b4c3c44b45b74e17ef04d908b51ee80,1f4733b2b2aa510b,
dataset/train/notumor/Tr-no_0458.jpg,notumor,no_tumor,3,train,5efe78bafe3aa63b1c6950c4997a01df4bc4c8bf4dbee57305bb44f7a3606715,0f0f3b3b2b2b0f0f,
dataset/train/notumor/Tr-no_0460.jpg,notumor,no_tumor,3,train,08e096f199049b3f1b99f6531e49b09898220f7aa37b7f8f45a55e34c8aed6e0,0607373173733316,
dataset/train/notumor/Tr-no_0462.jpg,notumor,no_tumor,3,train,14ac2596baca8b83eadd347035b83d8e49507353477c1b5db527a036178876d1,2f71aab2b2374903,
dataset/train/notumor/Tr-no_0463.jpg,notumor,no_tumor,3,train,d8aa0c290788373a5806b52c23736910308ca19e0164bd1984ec30eb67a7ab22,8e0f172b3b138f8e,
dataset/train/notumor/Tr-no_0464.jpg,notumor,no_tumor,3,train,e7356b3c77c3b948e213b0d6c975294a448f46671ada0378127fdd90bb27c995,963345454557178e,
dataset/train/notumor/Tr-no_0465.jpg,notumor,no_tumor,3,train,a060cabec183204f051f9c7d153b82d952b886fe2bb34efb8f812c50ce123287,963345454755178e,
dataset/train/notumor/Tr-no_0466.jpg,notumor,no_tumor,3,train,8ecda324dfa8c3f67097bc3d520ae91b1ef587796bcab7ae3bd03f44c7ad539b,0e2b2b6969552b17,
dataset/train/notumor/Tr-no_0468.jpg,notumor,no_tumor,3,train,2377035d0d8766afc086440b729c815b7db06001abdcf6a6ecc0149326f41851,0e0e0e16160e1e0e,
dataset/train/notumor/Tr-no_0469.jpg,notumor,no_tumor,3,train,0de1aa4921ef73ef900b2b4301be1dc5aede22367540cdace4cff50a478f10b5,860b1d0f2b0b870e,
dataset/train/notumor/Tr-no_0470.jpg,notumor,no_tumor,3,train,a6610fccc8e426e55937d6b8f887813791be179c8b5d2f64d8d9133430d2e988,070b33332f2b0f1e,
dataset/train/notumor/Tr-no_0471.jpg,notumor,no_tumor,3,train,06ea0c3b099ba4048faddf7220a226347dc69df955571500a46151b10b4ffb8d,17330f2723370f8f,
dataset/train/notumor/Tr-no_0472.jpg,notumor,no_tumor,3,train,1a60ff2f428d0de648525db7f45f6b816b3713d47aec29f854a81487511e9bf8,0d1f171733131f8e,
dataset/train/notumor/Tr-no_0473.jpg,notumor,no_tumor,3,train,59fb3e772b92db63f473d2a2678efa29bb3ea681a1d7f8650127f03fc74ded3c,8e8f1313331b0ece,
dataset/train/notumor/Tr-no_0474.jpg,notumor,no_tumor,3,train,4eb5e748bc65552cad06a39372536dad3d835e34a17b81318a2e0c902947b207,0e0f2b2b0d0f0f0f,
dataset/train/notumor/Tr-no_0475.jpg,notumor,no_tumor,3,train,f297f071b7275e5035418295810dae6cf2eda6a984e6354fff74b6041ea7cebb,0c160e16160e0c0c,
dataset/train/notumor/Tr-no_0476.jpg,notumor,no_tumor,3,train,11abcf6010655f673b3f17e466a15566ead35777d4f48e6b38c59bc0353cf2f6,0e0f171313070e00,
dataset/train/notumor/Tr-no_0477.jpg,notumor,no_tumor,3,train,342d3cce7b3cdc691766a7f1ea7df73ad66c39e2956310e907ff9e6fb3cd332f,862b0f0b170f8e4c,
dataset/train/notumor/Tr-no_0478.jpg,notumor,no_tumor,3,train,6cbb1f1cf0aa91c28f78bbc17fe11b65af8d21f071e4f8c7c0fc3982a36e068b,081f2b3b2b2b0f0c,
dataset/train/notumor/Tr-no_0479.jpg,notumor,no_tumor,3,train,ddb24391b40956c69ffc3f2c50ecb6eba7779774e9a9d84aea47e0c270feebb1,0733313173131f1e,
dataset/train/notumor/Tr-no_0480.jpg,notumor,no_tumor,3,train,fe93388b3da416a1e278cb601105acd609e546838c39c0490a8e9889ea950ec8,0e0f2b2b0b0b8e4d,
dataset/train/notumor/Tr-no_0481.jpg,notumor,no_tumor,3,train,623dcb15881354e71f51e6584b0bbe479265c52ae627261301d9f2bb9386ec73,0c0c0e16160e160c,
dataset/train/notumor/Tr-no_0484.jpg,notumor,no_tumor,3,train,eae386f0d473f0eafa88901fb52af30c5652b1f1fb4652fb7b5650ddcc390e4b,8617171733331717,
dataset/train/notumor/Tr-no_0485.jpg,notumor,no_tumor,3,train,4db9154f74dc89a48c5414e3b48a33632cc64b0e61c9541649f7a9455ea09e63,0f0f232b2323070d,
dataset/train/notumor/Tr-no_0486.jpg,notumor,no_tumor,3,train,76ef713871312b96b12f38b2748551637b3eb35ecf2ecffb5501cb0e02afeba3,8e86171737378e8c,
dataset/train/notumor/Tr-no_0487.jpg,notumor,no_tumor,3,train,92c7e180580f5f9e7adeef2101de2df68532ae02f2d2c8d75782801f07d64bc6,4d8e0b0b2b2b0f0e,
dataset/train/notumor/Tr-no_0489.jpg,notumor,no_tumor,3,train,fc8d2e8c53d6064d35e157f89339c8dd167757cc667c0cbe31e1d4402ac18e1e,1733313173130f16,
dataset/train/notumor/Tr-no_0490.jpg,notumor,no_tumor,3,train,309d4f241a4264a088af432645bbe8913dfc84e6cdd6b94fcf999beeb9a03c49,0e0b494d496b1b1f,
dataset/train/notumor/Tr-no_0491.jpg,notumor,no_tumor,3,train,17250b18504f8760546d80281cb9d618e6f2af747cec2a19dd3bb1b1f165de8b,8f2b2b6969552b17,
dataset/train/notumor/Tr-no_0492.jpg,notumor,no_tumor,3,train,e7104cf03a0918840f020ffd6e728312e799235b0b9af04ecdcf4200b669e39b,8c0f37371717969e,
dataset/train/notumor/Tr-no_0494.jpg,notumor,no_tumor,3,train,48735eb7e1803a9a711e76d30da120630daeeb0d758ff94d40cfbaab7d71b0d7,8e8f1b3b2b278f8e,
dataset/train/notumor/Tr-no_0495.jpg,notumor,no_tumor,3,train,7779387d140bce1db722f1c938c6597dd716c7730fd5f904b7723ee7bdaee886,9e1f17173713078e,
dataset/train/notumor/Tr-no_0496.jpg,notumor,no_tumor,3,train,edbe8c19cf555eef1c295aa167bca4cef36d6504b9119116da0f9c145b2bb8b7,0f0f1333332b070f,
dataset/train/notumor/Tr-no_0497.jpg,notumor,no_tumor,3,train,3708152413a96cc64a31fd18c72a28f91656d49ae51c1fa4b7e216135c4e73cc,0c1e1e1e1717160c,
dataset/train/notumor/Tr-no_0499.jpg,notumor,no_tumor,3,train,1a5136c4d73f9bb927df2aa8107db8987077758e0e91bac72633fa767cac785d,16330f1b3313070e,
dataset/train/notumor/Tr-no_0503.jpg,notumor,no_tumor,3,train,fb08cc7a7c75eb72d1965fbac1b47a0fc8a97cf9aa40944a14e4f7feca7fb5bd,4e8f0f17131f0f86,
dataset/train/notumor/Tr-no_0504.jpg,notumor,no_tumor,3,train,4e8128f0ab7851669e46d62f1ce1b51dbcae2d24b1b13fe29efc0146c218364c,8e0e0717172b3b16,
dataset/train/notumor/Tr-no_0505.jpg,notumor,no_tumor,3,train,f8023e2a47e97478a24ab4374a6f1d27d5f3a9a98c8752e796887f32a5e5b66e,0f0f2b2b0f0f0f0f,
dataset/train/notumor/Tr-no_0506.jpg,notumor,no_tumor,3,train,d0b2c7cb1685a4b89a7200e4a40ee87daa31a0e512b2084867706f68c9469126,172b5569692b2b8f,
dataset/train/notumor/Tr-no_0507.jpg,notumor,no_tumor,3,train,59c203cbd23ef00ca2948545877187447b1922c55f7d2ce28327cb1eaa63f99d,2355aab2b2371d23,
dataset/train/notumor/Tr-no_0508.jpg,notumor,no_tumor,3,train,9e33acc45971a6b56813bb3e155e49741aa84de6d4f2f8c7f37f77a181077447,072b2b2b190b1f0f,
dataset/train/notumor/Tr-no_0511.jpg,notumor,no_tumor,3,train,31146276bf6960c1c794841ef32a785e1623eb456d2bd22ac79c501cc6385803,0e060f17160e0e0e,
dataset/train/notumor/Tr-no_0512.jpg,notumor,no_tumor,3,train,d144a1a4272ccd429089664ca8e772afc3864714b2105f2cddfbdc88e5e8d59e,0f072b3333130f0f,
dataset/train/notumor/Tr-no_0513.jpg,notumor,no_tumor,3,train,2bd550d2ddfec59aa815aedfad99541a90e7bdf7d78fe88fe739cfb5ad4fe3b5,870f290b33332f0f,
dataset/train/notumor/Tr-no_0514.jpg,notumor,no_tumor,3,train,e027f2073ef9c85bf4d436f0be29a44fda8e960418c315125dc6be1d71dcfb96,8e0733230707160e,
dataset/train/notumor/Tr-no_0515.jpg,notumor,no_tumor,3,train,19fc54500270852f25cfdded6c115994af103593746b527ab354680697fa31bf,0f33313173131f1e,
dataset/train/notumor/Tr-no_0517.jpg,notumor,no_tumor,3,train,06e3ba420bfe3e67af202f95309456d158c6496f86dce107aa546dd0a74b1ba4,8e1733171717170e,
dataset/train/notumor/Tr-no_0521.jpg,notumor,no_tumor,3,train,2e8f3621ffd3aca8f681bea21f60c6af8958877fc6dcee69e02b5df94e114b36,1f1333333337171f,
dataset/train/notumor/Tr-no_0523.jpg,notumor,no_tumor,3,train,5f5390a3d81bdc854e5e498bfff76886d22c09112eeb2399b83faae4d70442e3,0f0f0d0f292b0f0f,
dataset/train/notumor/Tr-no_0524.jpg,notumor,no_tumor,3,train,57aa3dae272093eb5efa407adf578957c666b056c2dad06c0f11ae2656c9eae8,0733697173331317,
dataset/train/notumor/Tr-no_0525.jpg,notumor,no_tumor,3,train,7b931c3dc87c0650bbde75c91cbca6c235d6192b2e7a350492f82f798f055415,1717333317171786,
dataset/train/notumor/Tr-no_0526.jpg,notumor,no_tumor,3,train,90bef7c8bf816ab5bd8a8b518f092f353383b5a373b726b79b8c795e291c6a3e,331596b6b717170e,
dataset/train/notumor/Tr-no_0527.jpg,notumor,no_tumor,3,train,11710fc637162c21b6e62968d417c852ec8daa3c4cb42a403b775db39b44e3f0,962713bb3b0d0f0b,
dataset/train/notumor/Tr-no_0528.jpg,notumor,no_tumor,3,train,6647a2404d60ef431ca20e7e204d085de00c6c2eb12e7594d681ba045b640aee,1f55b3163237178e,
dataset/train/notumor/Tr-no_0529.jpg,notumor,no_tumor,3,train,2f6983c9f48730166e79f260bad69efb9fb52d70e48accaeab161fbfcd8d2170,0e0f2b2b2b2b8e0e,
dataset/train/notumor/Tr-no_0530.jpg,notumor,no_tumor,3,train,0e6bcc8a7c8583a8bd417665d05121d10dffd044e9eafb5e6236c9873ebeaf10,86232b652b2b2b0f,
dataset/train/notumor/Tr-no_0531.jpg,notumor,no_tumor,3,train,66569a97b24135d247166c11fe175dce65f9679a2cb9e949e0cd1fa8beb9989d,0f170b1717171717,
dataset/train/notumor/Tr-no_0533.jpg,notumor,no_tumor,3,train,07fcf1564f15ce96e1589d7186878ce55bec37950736fdb356d656ac1be21629,060b1f0f0f0f870e,
dataset/train/notumor/Tr-no_0534.jpg,notumor,no_tumor,3,train,b57e5fb0713ee26e10a86db0ca4bd1a5ebfd6875202d4e81af0f10c5525bc01c,0e0f171713070e00,
dataset/train/notumor/Tr-no_0535.jpg,notumor,no_tumor,3,train,b1da8fe4e26b93b3fadab285538d4578e25cd114bb6e763477657f2be5688f95,0e060f17160e0e0e,
dataset/train/notumor/Tr-no_0536.jpg,notumor,no_tumor,3,train,b1b3498c1f371d2edad9ddcd8ae37af2fa9768ca12e9b14412e31217cfc486fa,0f33317171333b1e,
dataset/train/notumor/Tr-no_0537.jpg,notumor,no_tumor,3,train,0a716d5b83133cb727381d1383d5c59e23c11b7fabdbf7dbc579acb879f6efa7,8e1317131317178e,
dataset/train/notumor/Tr-no_0539.jpg,notumor,no_tumor,3,train,bdadb2ad2c1f7ca91fa84e093ef6be3e684cf03a9f5ebf8c5951bf88fb73dd7f,0f0f2b2b2323070d,
dataset/train/notumor/Tr-no_0541.jpg,notumor,no_tumor,3,train,69c42f6c43bd792901c446df8bb12bcd3c49b4f40dfcba623c7e8ffcdb52aa24,0f33313173131f1e,
dataset/train/notumor/Tr-no_0543.jpg,notumor,no_tumor,3,train,e3d870254afb4646ef9c8ed65add1e52e4614142600fdae3d7f9cfbf8caf05e2,0f170b1717171717,
dataset/train/notumor/Tr-no_0547.jpg,notumor,no_tumor,3,train,2edca8bd01b8925e4d30afddedf7f1c95fcd76fc78debac448eaa8b43b415ee7,0d0f0b0f0f0f170f,
dataset/train/notumor/Tr-no_0548.jpg,notumor,no_tumor,3,train,530f5b22a670f7393d5a75bdcadbc334ae795f089be206fb20cefc44adfe7495,0713131333131b0f,
dataset/train/notumor/Tr-no_0549.jpg,notumor,no_tumor,3,train,d6b3563b0862978ec604592eafc323d3397589b70b23f07639032fc74f723a48,0c0c0616160e160c,
dataset/train/notumor/Tr-no_0550.jpg,notumor,no_tumor,3,train,b15170faec1cda7cf01d47b472700acd098d7ea8702b6b33592d7f3a4bae7c9c,1713337371693307,
dataset/train/notumor/Tr-no_0551.jpg,notumor,no_tumor,3,train,1afeb2b05c3047a0aadd48adbbdb4cfc4b9a973e441f3513d7798a82c5bc47c3,8617171733331717,
dataset/train/notumor/Tr-no_0552.jpg,notumor,no_tumor,3,train,9abfd64736b07d86d5b188f0757e5ac7b57429b6d11ca46d072d90fff2b592b6,0e0f17131335170e,
dataset/train/notumor/Tr-no_0553.jpg,notumor,no_tumor,3,train,ad1d10ca71f6f4790709285a60994693a8330210298f3a8482dd70a1085dd38e,37232b2b0f0f0b0f,
dataset/train/notumor/Tr-no_0554.jpg,notumor,no_tumor,3,train,69707646dfb0dbebd705608020ebbe6aa8af87e6911c2b1ea8ccd6a523c8bf48,cc8e0e0f0f179ecc,
dataset/train/notumor/Tr-no_0555.jpg,notumor,no_tumor,3,train,44488b852fa7ce7097caac1f031ab25e7bb922a6dc25117d31dda2b4d5ea71e9,0e0e0e171707161e,
dataset/train/notumor/Tr-no_0556.jpg,notumor,no_tumor,3,train,e1996c35c340753d05bebd5392154a6fc8b8198ca3add27a9b30cf0428629b99,0c1e1e1f1b17160e,
dataset/train/notumor/Tr-no_0557.jpg,notumor,no_tumor,3,train,4df6b22426938011a6f818b43f17b9de4e4507ceeb9d573cad98b95460299baa,0e870f0f0f1f0b06,
dataset/train/notumor/Tr-no_0558.jpg,notumor,no_tumor,3,train,c59d4c3294098e50c969e58f7e834eb8146a5fb17b6b79660291a7c6a3cad4ad,000e071317170f0e,
dataset/train/notumor/Tr-no_0559.jpg,notumor,no_tumor,3,train,67850a5361df8dc320baf82e8bdf37cc496bb5d6ea91b17cdceab32a7cdd5cdb,8e0f2b2b2f2b2f8e,
dataset/train/notumor/Tr-no_0560.jpg,notumor,no_tumor,3,train,42a3e40414c55e0c9ad1b9e091d33f5808d2e43d63fccc673778779975825ae5,0e0e0e16170f060e,
dataset/train/notumor/Tr-no_0561.jpg,notumor,no_tumor,3,train,b5f0f3d033c33e2435028ab956443bbbeb97dffda41e0afe175e81e286ff2431,8e1717131317138e,
dataset/train/notumor/Tr-no_0562.jpg,notumor,no_tumor,3,train,658b9dbd6d87170f19ae33bcb2e9d7d211aba7be45c0a5069df271002d125a23,9696171737370f8c,
dataset/train/notumor/Tr-no_0563.jpg,notumor,no_tumor,3,train,d3157a777c3f532d6ffa4885c4e0901957555ce124a86e6484fe94c059479b64,0e1e17373333270e,
dataset/train/notumor/Tr-no_0565.jpg,notumor,no_tumor,3,train,c4a3cf42c2c5a22ae6017faebad04c285331b375c6916a7f59564231b9ef19b2,17171717170b170f,
dataset/train/notumor/Tr-no_0567.jpg,notumor,no_tumor,3,train,c6f75a9e39f9f81945a1077e20d530972f8c2915d0fd2af7e1d4e2923f6c75ee,8f2b2b6969552b17,
dataset/train/notumor/Tr-no_0569.jpg,notumor,no_tumor,3,train,f4d232bf91cfdfbd899bb4fa7dc2b9de8d76f5160a70831999320c4e4d929ade,0e0f0f173333070e,
dataset/train/notumor/Tr-no_0571.jpg,notumor,no_tumor,3,train,3ac497cd50c9eaad9f041c265de1853913cbd1565427d5f382c3d970fdd168e1,0f2b2b2b652b2386,
dataset/train/notumor/Tr-no_0572.jpg,notumor,no_tumor,3,train,1c62114d3764a574332b44ab41847ac1b2104db7bd4cc92f47f3871632b67e4a,8e0f2b2b2f2b2f8e,
dataset/train/notumor/Tr-no_0573.jpg,notumor,no_tumor,3,train,ed9b6842a0d0369d3525a8b78e8d7a54b64eb39efd68df8646e0c39c33454c75,0f0f1333332b070f,
dataset/train/notumor/Tr-no_0574.jpg,notumor,no_tumor,3,train,cf6898c7c0c31dc8d79e1ac3088a0252eda426a767c0a21035c6303b4e20fdb9,231d37b2b2aa552b,
dataset/train/notumor/Tr-no_0577.jpg,notumor,no_tumor,3,train,07e97dbec5353fbbe52d0b0f6ef883ee04d9e801f007a5388b0ac0ca533a94a3,16330f1b3b31170e,
dataset/train/notumor/Tr-no_0578.jpg,notumor,no_tumor,3,train,f05429fe15a2eba44cae6bfe2c3924d23e187cf34608ed8bf20a2547fb87b333,ce0e0f0f0f078fce,
dataset/train/notumor/Tr-no_0580.jpg,notumor,no_tumor,3,train,3417884d961b2682563c8f62839ced0e3697b21ff129ea1823be7811a09ccc19,8e8e373733278f8c,
dataset/train/notumor/Tr-no_0581.jpg,notumor,no_tumor,3,train,7062b5cacb6694c4b54fd799a8744d8a1f3f7a89110cc75a9fec2375f7fbb92b,0e0f2b2b23230e0e,
dataset/train/notumor/Tr-no_0582.jpg,notumor,no_tumor,3,train,478a02a2c7269cf6740e713bbf6ff27feac16ed6099baefd689610ea2320f832,0e0e23232b2b0f0e,
dataset/train/notumor/Tr-no_0583.jpg,notumor,no_tumor,3,train,162f4d0a8f08dee7b87019c4f3e1934802305ea97e255a70b22e629f8b4cbc1f,0f0f0b0f0f2b170f,
dataset/train/notumor/Tr-no_0584.jpg,notumor,no_tumor,3,train,425c40074835a12e058bcc81694b824021ecc04363fb21cc3c91fe04163bd64b,8e17554d4d5d339e,
dataset/train/notumor/Tr-no_0586.jpg,notumor,no_tumor,3,train,5672b0b6e7650e8f8675104fddf9af6c4dad65261191c353b87d782d2cffd58f,0f1f37333717170e,
dataset/train/notumor/Tr-no_0587.jpg,notumor,no_tumor,3,train,180e4ca84cdbde8a2edf05e45633eda74567cedb678dd49dfd3ceb65a1b58d7a,1f1b6b594d590b0e,
dataset/train/notumor/Tr-no_0588.jpg,notumor,no_tumor,3,train,0da2d14203ca846b6299fc07a0f42a3918afb25fbffeb573f491036b4d6f628e,0e0f2b2b2b2b0f0e,
dataset/train/notumor/Tr-no_0589.jpg,notumor,no_tumor,3,train,691bed662072caf352e875dd8e476b4a0cb425599d0c94b0a93d791c344f62f0,0713131333131b0f,
dataset/train/notumor/Tr-no_0590.jpg,notumor,no_tumor,3,train,bad0f688c4ed9d93d3933b95bb003a54063d833b8beaec7c0d5436abbaf4c8d2,1e0f137331313317,
dataset/train/notumor/Tr-no_0591.jpg,notumor,no_tumor,3,train,d7f6b0226b66be2882a670cfae36f724f90ac8d10fa478c71d7dad1ac72f2df6,0e07333317070f0e,
dataset/train/notumor/Tr-no_0592.jpg,notumor,no_tumor,3,train,a3911d3779563b7e4a1750fd41041f2507924dd0fcd4a54d7feb2d9c7076cc01,86232b752b2b2b0f,
dataset/train/notumor/Tr-no_0593.jpg,notumor,no_tumor,3,train,c0811ba93dc812d4aefab3efcc7539791ee64b31f37e3b5f7964d92867664e93,8e2f2b2f2b0b0f8e,
dataset/train/notumor/Tr-no_0594.jpg,notumor,no_tumor,3,train,e410709686ba34d96b64b8ddbbcf51e8bb5409b2c8918caa1a0642fe2ee7bcbf,0f072b3333130f0f,
dataset/train/notumor/Tr-no_0595.jpg,notumor,no_tumor,3,train,1b4a6568da8580f8bb597211cb2edc505efae4cfc9cabcd78eeea2a081fe6724,0e17373333170f0d,
dataset/train/notumor/Tr-no_0596.jpg,notumor,no_tumor,3,train,6d6c2e5921ad3d0fbcc73a600a3ef2212adda94b68dcfdf4efa17093c5ebbf36,1f1737333333331f,
dataset/train/notumor/Tr-no_0597.jpg,notumor,no_tumor,3,train,01f6e4a3aafdaac39be8f0b8f9602f7686a5fbc9c321e65bf8b5df081fb18528,8e2f2b2f2b0b0f8e,
dataset/train/notumor/Tr-no_0598.jpg,notumor,no_tumor,3,train,aa56085d96a183736b9b934fe058814cce8486e6e56f7b99ed00f1a20e83ba3c,0c0e0b0b332b0f0e,
dataset/train/notumor/Tr-no_0600.jpg,notumor,no_tumor,3,train,cbf2da8c6f0e9324fdcd07218a82848dee6acf0a6c317ff20bec7dcb1d30f340,172b5569692b2b0e,
dataset/train/notumor/Tr-no_0601.jpg,notumor,no_tumor,3,train,d36d0f10bf921d8fdbdf2b927d2b92b41466f0ab1e065632fb19cc369f628288,1f2b2b2b6f2f0f0f,
dataset/train/notumor/Tr-no_0602.jpg,notumor,no_tumor,3,train,bb7c3d6df2afe69ac893860e9177883a5a6cd60ebc70de8c3ae996ddb185ce2f,0e0f2b2b2b2b0f0e,
dataset/train/notumor/Tr-no_0603.jpg,notumor,no_tumor,3,train,01b417ffb3ab8cb28cc4901e22ef7c2c412086743e17550c7a5b0ee0fc4480a7,0e07272b2b33170f,
dataset/train/notumor/Tr-no_0604.jpg,notumor,no_tumor,3,train,095f490add721bac4d19a102bd1ca17506a98c75ef5a73eed77b9c9dc9b8ae6b,8e0e172b23370e8e,
dataset/train/notumor/Tr-no_0605.jpg,notumor,no_tumor,3,train,f7f5a375b5aeaea2aa0d8acfa4d171684f5fa49e810006317b271ebafc7b0824,1e3b2b512b2b2b0f,
dataset/train/notumor/Tr-no_0606.jpg,notumor,no_tumor,3,train,88283a8a739658a94aee30a2b076a7562724d5bb90dc4969f613072adb761655,8e0b2b0b2b2b0e8e,
dataset/train/notumor/Tr-no_0607.jpg,notumor,no_tumor,3,train,05bb8561d5f9e49dcad37ed13eaa6fda5803109d9c2ed02023bb7eb0d0f82095,0d1f2b3333370f0d,
dataset/train/notumor/Tr-no_0608.jpg,notumor,no_tumor,3,train,2d0c621b0f3868cd99c6f80a27d871ac054259363582d143fce392ba7d75e6d0,8e17133333170f0c,
dataset/train/notumor/Tr-no_0609.jpg,notumor,no_tumor,3,train,9c8edb64bca8f43dd9b46acebf522300161150324c4071fa9545208d9e60301a,1e0f6b2f33330b06,
dataset/train/notumor/Tr-no_0610.jpg,notumor,no_tumor,3,train,7c0124081a4ec0c5a2df2f72738fa5bb4ea5658f7d3454215225bab2d550030a,8c1e173717171f0e,
dataset/train/notumor/Tr-no_0612.jpg,notumor,no_tumor,3,train,9ac7747e95f562d77113e20b433fe5c0431bcb4120356bbddd9d8e34290b1112,8c0e0f0f0f0f8f8c,
dataset/train/notumor/Tr-no_0613.jpg,notumor,no_tumor,3,train,827a59f5f885a721c26c0f19d401038ed2990270093f12c32cf4ed140345a40e,96335d551715178e,
dataset/train/notumor/Tr-no_0614.jpg,notumor,no_tumor,3,train,fe9912cb2a3bbf99e64c6674791db7c6d926d465387208ce20f2b4b87efd6d7c,960f073717070e8c,
dataset/train/notumor/Tr-no_0615.jpg,notumor,no_tumor,3,train,adfe2f170cee6cd033f609c3ee032f1a254a2f5fca4c08898893b2f406c9331c,93232b1517178f0e,
dataset/train/notumor/Tr-no_0616.jpg,notumor,no_tumor,3,train,3d2e27086db6e9797258b3d352df32cc3a4a20f6038a9bf18dbc1472915177a6,0e0f2b2b2b2b0f0e,
dataset/train/notumor/Tr-no_0617.jpg,notumor,no_tumor,3,train,f672a2bf40f16ec9b18576c2e811567fc768d0fffceff4f8d96db8761aed53aa,8e17171733331717,
dataset/train/notumor/Tr-no_0618.jpg,notumor,no_tumor,3,train,f8a4175365b64fbd9d2af3c2629748d5a9758df85555c1e254d89d57783413bc,0f0f3b3b2b2b0f0f,
dataset/train/notumor/Tr-no_0619.jpg,notumor,no_tumor,3,train,f51b11bbf066cdb7d4841474e4c4cced014228f6e64586066c35658fd807ab8f,9e17171733331717,
dataset/train/notumor/Tr-no_0620.jpg,notumor,no_tumor,3,train,fa1705893cc95e676c894d4787a059491d886ccffa85f384ae878d3d580c18f1,0e0f2b3b2b2b0f0e,
dataset/train/notumor/Tr-no_0621.jpg,notumor,no_tumor,3,train,92798602663bb77a4849b098abede41c448e235b74d9c34f14424d3046619748,4d1f171717330f4d,
dataset/train/notumor/Tr-no_0622.jpg,notumor,no_tumor,3,train,1f55f2b11d511fb1cc425db152b7932ad057c3783674512875ea9f4435787902,0e0f2b2b2b2b0f0e,
dataset/train/notumor/Tr-no_0623.jpg,notumor,no_tumor,3,train,5bbc95ca8b383bd16a7525d1a390e812ecaf7f650063a1aa3f0783840c5e575f,8e96171713130e8c,
dataset/train/notumor/Tr-no_0627.jpg,notumor,no_tumor,3,train,08f619571de6da9c1c6f14ee658eeaac3085687e6ec61183f18f579e5faa6145,1f2f332b0b2b0f87,
dataset/train/notumor/Tr-no_0628.jpg,notumor,no_tumor,3,train,3f7bbed9fd337cfdc7d6a6aa2845e7f934e6ca177a8c7b3f22210a6f94e2f3cb,1f33697131333717,
dataset/train/notumor/Tr-no_0629.jpg,notumor,no_tumor,3,train,d0520b80772f2d18bc26de82d80bee9c6bf1513d518e6e5feb008fe44db4a65c,0f17133337170f8f,
dataset/train/notumor/Tr-no_0633.jpg,notumor,no_tumor,3,train,86e086bc3b54fedf7ee6ee9a8d464b5fa68857083e71167674b6384b0c53a97b,1633737331370706,
dataset/train/notumor/Tr-no_0635.jpg,notumor,no_tumor,3,train,3d8986475bbd0ec0b9219ebf916831272f408a194edd9696d992d1f1617bceec,8e0f1b33331717cc,
dataset/train/notumor/Tr-no_0636.jpg,notumor,no_tumor,3,train,576168c376f79a02a66ff6f3db8afcf0db303f5764c404ed0dbbb1cef4ef5942,0f0713331317178f,
dataset/train/notumor/Tr-no_0637.jpg,notumor,no_tumor,3,train,e2a4a45b8d73d7155d20b5d1d27b4e13fe18b58c9b281c82bd3ba15df97117d6,0e27373396bb712f,
dataset/train/notumor/Tr-no_0638.jpg,notumor,no_tumor,3,train,7c253da5718d4579027b2a16b0fbb52bdaea592c53b85fafbf0940733daec2b9,172b5569692b2b0e,
dataset/train/notumor/Tr-no_0639.jpg,notumor,no_tumor,3,train,7d135e07239574ba51c8651b790b6c664fd99ee3130f95194fe4c085123095e8,0e0f1333130f0f0e,
dataset/train/notumor/Tr-no_0640.jpg,notumor,no_tumor,3,train,8754d6582bc14adc7e7121a1c48e3c7768bb815646e0a77a9767a2b0cb373f29,1e1f2b712b2b2b0f,
dataset/train/notumor/Tr-no_0641.jpg,notumor,no_tumor,3,train,36c69ebf62395f88607b82f7a9ebb541f8afde5ea753316bcaa7daacc0ad4dac,8e0f2b2b2b2b0e8e,
dataset/train/notumor/Tr-no_0642.jpg,notumor,no_tumor,3,train,66505d78eec85bed4a8a78e9afe09c9e226a5bd0f7e1b4eb904ac6781ed107ef,1e0f2b2f33330b07,
dataset/train/notumor/Tr-no_0643.jpg,notumor,no_tumor,3,train,873702425e38ee8c1e71bf486ed9c5aa4000bdde152ffa19e49f1d2f7672ce17,0713131333131b0f,
dataset/train/notumor/Tr-no_0645.jpg,notumor,no_tumor,3,train,27c9acaa0b75f4e86a4dfd8a1bdc1063e867598257e3b36365561a4c06ec37d7,8f0f3723270f3317,
dataset/train/notumor/Tr-no_0647.jpg,notumor,no_tumor,3,train,183a45ce31d8c56ccb92b044538fc221d7842b1c27cbdf9e1b8d1caf1fa747c9,0f0f0f0d2b2b0f0e,
dataset/train/notumor/Tr-no_0648.jpg,notumor,no_tumor,3,train,65012deda604e6f1461b2f55d0fd5d831b8e40bc4c98f291b1ba9edef231331a,0713337371693307,
dataset/train/notumor/Tr-no_0649.jpg,notumor,no_tumor,3,train,00fca519867b97d9c0303d8a65c206a280930f81f63ae9d85ca224a31e01c88b,0e0f17131337170f,
dataset/train/notumor/Tr-no_0650.jpg,notumor,no_tumor,3,train,6dd5c3eae38413e4cb80e761c0930b7bdd92d1031a085074007d1bb183ee3e1f,cc8e0f0f1f1f9ecc,
dataset/train/notumor/Tr-no_0652.jpg,notumor,no_tumor,3,train,d2ccd37df0f04d84305b75efcb278e75be720bb3b3d463610e8a86ffb72a85eb,4c8e0f170b0f2b86,
dataset/train/notumor/Tr-no_0653.jpg,notumor,no_tumor,3,train,549b72eb02e5a44e4d70d73a6bd92f676109522053877267cde4701b8590ea85,0f0f23232b2b0f0f,
dataset/train/notumor/Tr-no_0654.jpg,notumor,no_tumor,3,train,4999b1319219afd5b9cea87c5003d3a2a1e37981e4d113e4f319c1ad0243bb40,4d06171717330f4d,
dataset/train/notumor/Tr-no_0656.jpg,notumor,no_tumor,3,train,60dabb037e39426bb8b59bd3695f1534f9f81d184c978bb580d562ef8a4052a1,0e0e0e171f07161e,
dataset/train/notumor/Tr-no_0657.jpg,notumor,no_tumor,3,train,1943c6d2df4c2bb228ca1fb0da17f07584d25055c7640b1fbbac8f35483fa7af,0c0e2b332f2f0e0c,
dataset/train/notumor/Tr-no_0658.jpg,notumor,no_tumor,3,train,fc9c7306a9e37fe355611025df9ece34a0671b2854323ec6b95c91f9dc0c308f,4d8e0b0b2b2b0f0e,
dataset/train/notumor/Tr-no_0660.jpg,notumor,no_tumor,3,train,4869859df6f30d2e66086a420701aafb72b7cc616c7544a84bf54b28a0145d14,0c160e16160e0c0c,
dataset/train/notumor/Tr-no_0661.jpg,notumor,no_tumor,3,train,84796689afa1621f1e129492fb53963dc9304027f334e4821050c8741ebef28e,0733697173331307,
dataset/train/notumor/Tr-no_0663.jpg,notumor,no_tumor,3,train,8757fa3737d286d19c215eb10ba770a1e838c16343482d699ce4cc1a4aec21c1,034933b2b2aa710f,
dataset/train/notumor/Tr-no_0664.jpg,notumor,no_tumor,3,train,619ec7d3c65308e8673bd3dfe3d193499262093974d565f88a47bc2419cb3400,0e060f17160e0e0e,
dataset/train/notumor/Tr-no_0665.jpg,notumor,no_tumor,3,train,672390a6f25f986ea8d9f6469ca9cad06e0be86a5712e99fce2139e0a909805c,1633737331370f06,
dataset/train/notumor/Tr-no_0666.jpg,notumor,no_tumor,3,train,a8ec609bf4bca5c827586ea5db4bd5456cf2b6d8a7d5218ccf12ab4526c75057,cc9e171f0f0e8ecc,
dataset/train/notumor/Tr-no_0667.jpg,notumor,no_tumor,3,train,faf2482250fb25cdbf4134be6a724aa4cd46f7035d58ed540c81a1b0fef916f8,1e160717170f0e0e,
dataset/train/notumor/Tr-no_0668.jpg,notumor,no_tumor,3,train,4de334efcbc030b2c983f0f527254fecd00a26f0c313aedd9883f506847529b3,060b1f0f0b0f870e,
dataset/train/notumor/Tr-no_0669.jpg,notumor,no_tumor,3,train,982b370105eba2d69c792adbcb7e4c8b5319e6bd5229b64d008dca9af3accf80,0f171717171f1e4d,
dataset/train/notumor/Tr-no_0670.jpg,notumor,no_tumor,3,train,b3194148761c0169717896116725e38e430812e6d5a6b6c62c9cf06e7cf00916,8c8e37371717868e,
dataset/train/notumor/Tr-no_0671.jpg,notumor,no_tumor,3,train,3232a4f238d3c149391ed816d1a50c0cfe17556b58e79174feb4f0939152003b,4c8e23330b2f2b86,
dataset/train/notumor/Tr-no_0672.jpg,notumor,no_tumor,3,train,0b048e3ce5d4cfda7c432c524bbcad3d803a41e2f68e9b454024c84c5be22cbb,1733313173131f1e,
dataset/train/notumor/Tr-no_0673.jpg,notumor,no_tumor,3,train,26d57c2158c803a1e1683354525072f0301845385a7df32fbd1de32a4b2636e0,0f0f0f4f2b2b0f0f,
dataset/train/notumor/Tr-no_0674.jpg,notumor,no_tumor,3,train,b401d726da1dbef46d36d0034e3db46968b28ce7e6898c955b7608851420845a,0f170b1717171717,
dataset/train/notumor/Tr-no_0675.jpg,notumor,no_tumor,3,train,6c634cc4ac61fe526e6dbec903195ac33e498cf60906e1f6e143a588796bc636,172b5569692b2b8f,
dataset/train/notumor/Tr-no_0676.jpg,notumor,no_tumor,3,train,ec6b7f977398cbd6e50c45a93032026314cef1d4414bc719f6c4e5146f313fac,0e0f2b2b2b2b0f0e,
dataset/train/notumor/Tr-no_0677.jpg,notumor,no_tumor,3,train,926c885270da3d11b12ff99f8e79dc5b09dd36ce5710066fa1ac3661681d2fbe,0e073333370f0f0e,
dataset/train/notumor/Tr-no_0678.jpg,notumor,no_tumor,3,train,0b2f96b2f4cd073d6d99dfd31d0c2d32130063e106cbac9d271090b229e6fb18,0e870f2b0f1d0b86,
dataset/train/notumor/Tr-no_0680.jpg,notumor,no_tumor,3,train,c8fb9c6460ef410858fa717c1ab5f5d4828e51d3af2d59cc2982b1d5e14b840b,0e0e3b3b2b2b0f0e,
dataset/train/notumor/Tr-no_0681.jpg,notumor,no_tumor,3,train,ab52edaeddcac991282973ad17b95a0d2afabbad4d9ddfe8258cfdb558016637,0f072b3333130f0f,
dataset/train/notumor/Tr-no_0684.jpg,notumor,no_tumor,3,train,20c7d51633ddc1f8408d37be57b01a1a802f30ba978c7f439dcaa17d63a20af1,000e071317170f0e,
dataset/train/notumor/Tr-no_0685.jpg,notumor,no_tumor,3,train,50126bf62fc02a8d2a73941ea1cddc7f01510852e01e61a6da2e7fe89e08865e,163b2b1717070e8e,
dataset/train/notumor/Tr-no_0686.jpg,notumor,no_tumor,3,train,124087407d6963f06d54d44a9dbfd710fcd127aa2dc7e57080d0a238b7a16499,8f2b2b6969552b17,
dataset/train/notumor/Tr-no_0690.jpg,notumor,no_tumor,3,train,05dd7e959136e0832a7aa000825529956c7b6255fcef97b9b92c38266b77a453,0f0f2b2b4f0f0f0f,
dataset/train/notumor/Tr-no_0691.jpg,notumor,no_tumor,3,train,959ebfac7337756ed63684f218ab32f4181277e25990ae91accdc8f696cc4da1,4d1e17171717130f,
dataset/train/notumor/Tr-no_0692.jpg,notumor,no_tumor,3,train,02dc5494993363f9910138ba37f237ad978fb78fc85b371222b2b6867477c743,8c0f17333337178e,
dataset/train/notumor/Tr-no_0693.jpg,notumor,no_tumor,3,train,ac1439842e8a4df8a961f850cfa2eac0321d2a9ae626cfb95b64ba7a33212076,0c0c0e16160e160c,
dataset/train/notumor/Tr-no_0694.jpg,notumor,no_tumor,3,train,da05e4b5b22623aa68cc760f36103e65eaabbae42674fa5c9f0ff676fa5e253c,060f373173733316,
dataset/train/notumor/Tr-no_0695.jpg,notumor,no_tumor,3,train,93171133cad17dcc6a31c80aca685a9a5ffec083cbddcb3be5242547a19b3962,1e1e17373317270e,
dataset/train/notumor/Tr-no_0696.jpg,notumor,no_tumor,3,train,7c1f5e97fd36bfcca3666d791fdf13e64df99d97b21f3ebd53d9d1d8c1def042,0713131333131b0f,
dataset/train/notumor/Tr-no_0697.jpg,notumor,no_tumor,3,train,c9717a332981ffed9fe067fa13b61c369ea87f8b2450e50fe38c9b126c9fcd94,8e1717331317178e,
dataset/train/notumor/Tr-no_0698.jpg,notumor,no_tumor,3,train,3ae166857f23d999883374bd2cfe6b5eb17ecffb809dc18f35c4131a312a7b5b,1f1737333333131f,
dataset/train/notumor/Tr-no_0699.jpg,notumor,no_tumor,3,train,3f3bddf1bfd9c18fada07d9a90325f3b238bc2249f27f9fc494c1d6cbfe5ae53,8e17272b0b37170f,
dataset/train/notumor/Tr-no_0700.jpg,notumor,no_tumor,3,train,1078c732eff6883e3db6c562b5b50dfb68ba9a74b6ea49ca9595e12fe53b54c4,8617171733331717,
dataset/train/notumor/Tr-no_0702.jpg,notumor,no_tumor,3,train,534da970738cf2897d8fa9a9b5e36a4a45f674018a4cd51756aea4a5241907d8,0e0f17131335170e,
dataset/train/notumor/Tr-no_0703.jpg,notumor,no_tumor,3,train,8e32a8ba56648406acb94a24fe5022766d4c0023d1bb49fba79e65bc36f9b9a2,0e1e0e171707161e,
dataset/train/notumor/Tr-no_0704.jpg,notumor,no_tumor,3,train,e113abb316726acca30a3773c9680cc60e978ffa3f85c726f7b43b9723fad075,0c0f2b2b3b2b1f0c,
dataset/train/notumor/Tr-no_0705.jpg,notumor,no_tumor,3,train,a4586bdbaa4dd1f658ba2b59791b8a6d7dab26091573ca77df88769f14f79c4b,000e071317170f0e,
dataset/train/notumor/Tr-no_0706.jpg,notumor,no_tumor,3,train,dfcdd1f41c110b6a2854c5db3512734c82e77bad2d11df796803f5f816bcb736,8e0f2b2b272b2f8e,
dataset/train/notumor/Tr-no_0707.jpg,notumor,no_tumor,3,train,0104aa775534f5dab977014bb0256368f96f262f3c377bcd14a103b65679f73f,0c07171717170f0e,
dataset/train/notumor/Tr-no_0710.jpg,notumor,no_tumor,3,train,4d6d8345c31adf3d7df67e8cc18941af505c24d39c1dd1f3e7ad37b3fee2801a,0f0723232b2b0f0f,
dataset/train/notumor/Tr-no_0711.jpg,notumor,no_tumor,3,train,ad25a4fea67a5b521955499381869e0474db6f543b1cd8daf7866c7c4b5c8c58,0c8e0b0b2b2b0f0e,
dataset/train/notumor/Tr-no_0712.jpg,notumor,no_tumor,3,train,a323163a029cffe0d7d5320c9662a6e83b11904ce894976c38f068de83dcb82b,1e1f13733131330f,
dataset/train/notumor/Tr-no_0713.jpg,notumor,no_tumor,3,train,aed37d89d0f678291c4c86bfb59a6fbbd539ab50cf807caf0e9bf2f038752249,0c160e16160e0c0c,
dataset/train/notumor/Tr-no_0714.jpg,notumor,no_tumor,3,train,1951d119c665308d6d1a1cbd3111392edca066f806f9f5e97ce65a4ab777ac28,0e27173317171e1e,
dataset/train/notumor/Tr-no_0715.jpg,notumor,no_tumor,3,train,2786732b776f8095831829db29086ccebbb48a9652e4d711ff2a8b5d529caec7,8e07133717171f9e,
dataset/train/notumor/Tr-no_0716.jpg,notumor,no_tumor,3,train,b33e191e1dde8b406b6ac9e4d2421818115e7c94da9aa14e21afc6ab738e6079,0e0f0f3333130f0e,
dataset/train/notumor/Tr-no_0717.jpg,notumor,no_tumor,3,train,5d4fb7cb9017ab47d1a97226b878c4bc1b68d90423e98073dbd82764386f0b69,1f1737333333331f,
dataset/train/notumor/Tr-no_0718.jpg,notumor,no_tumor,3,train,fc36ad246bb583e2f4abd45c8fb215dab8f2c9bdd7e0cfce1b787b6bad777d20,0f17372b2b27178e,
dataset/train/notumor/Tr-no_0720.jpg,notumor,no_tumor,3,train,297b8b49c86eb127f38704062c6efb288ba28cc2a3209a267a9e57f6e0831546,0733697173331317,
dataset/train/notumor/Tr-no_0721.jpg,notumor,no_tumor,3,train,53440686dc5d33a9b5f0d3a63e70b3e6310766078ed4693bca3ad3fa1e444b86,1f55b3163237170e,
dataset/train/notumor/Tr-no_0722.jpg,notumor,no_tumor,3,train,9561ec8adfadc55b0e5ff07eb2b32ed3e0dc5fb89cc96a65a35e597728e54dec,0f71aab2b2320d07,
dataset/train/notumor/Tr-no_0723.jpg,notumor,no_tumor,3,train,61f9ff0caf5f1a1a84743aec1ef38f6760e2d3feca81875c89cbbaefa31d2d23,070b332b2f2b0f1e,
dataset/train/notumor/Tr-no_0724.jpg,notumor,no_tumor,3,train,32e2d4a4e3c58d4f7e1eeee73ca14ed3fcea121a203cab943427f95ade48f902,8e860313372b0f8e,
dataset/train/notumor/Tr-no_0725.jpg,notumor,no_tumor,3,train,255308e8a1783223ff317744c2ea14fb8157fc90d93e520c308377246986f7ae,8e2f2b272b2b0f8e,
dataset/train/notumor/Tr-no_0726.jpg,notumor,no_tumor,3,train,384454360e0fccee495e7053b7bc680370ec3542a9e07bd934d7abc9b7e8f1fe,0e060f17160e0e0e,
dataset/train/notumor/Tr-no_0728.jpg,notumor,no_tumor,3,train,285992cc5e5213f0d50887d757cb919a365129bff9038cec83e8df54f97fb155,8c0f373717179696,
dataset/train/notumor/Tr-no_0729.jpg,notumor,no_tumor,3,train,efb3c3916e81dfe696832d0a8f8192b95b150930e856582ab241e04897c30098,0f33313173131f1e,
dataset/train/notumor/Tr-no_0730.jpg,notumor,no_tumor,3,train,3f0e57ddf3de34693e721ff3e1967a17d382d5614a8c6d7fe642acb95680b5e0,0f0f0d4f292b0f0f,
dataset/train/notumor/Tr-no_0731.jpg,notumor,no_tumor,3,train,06a189deb65b1306c4bf2988d252c0e2b6c243292b825989d4c057c85cda06c9,0e0e2b2b2b2b0f0e,
dataset/train/notumor/Tr-no_0732.jpg,notumor,no_tumor,3,train,d19b7c8b81bab21afb8e136346bdc5b3eb8d91739a5375a7cdce730176b2173c,0e0f2b2b0d4d0f0f,
dataset/train/notumor/Tr-no_0733.jpg,notumor,no_tumor,3,train,6d35e13594dd22adb1089916a5aa7aff648409fd308f63ff67206dd50fd474f1,1e3b33717131330f,
dataset/train/notumor/Tr-no_0734.jpg,notumor,no_tumor,3,train,88637fd4d0216cdb054acc0fa39a0725a0b4a1a6e195ed24a5c956bf665b8f33,17171717170b170f,
dataset/train/notumor/Tr-no_0735.jpg,notumor,no_tumor,3,train,7ab20a3b021fbf7cb74678540d6a5c85dbcca57d176928188cf9d8b008a28bb2,8c17173333632f8e,
dataset/train/notumor/Tr-no_0736.jpg,notumor,no_tumor,3,train,0b879d1073173ba37b4de21ad82442aab2d764115b5400946424d7c645cf37e0,0e17171733371f0f,
dataset/train/notumor/Tr-no_0737.jpg,notumor,no_tumor,3,train,481a8abcdddba35731594569b7f93c30823b807bc1b09ce1b0acf1c2d499de16,0e0b594dd9eb0b1f,
dataset/train/notumor/Tr-no_0738.jpg,notumor,no_tumor,3,train,b2a572940217fc26afbe353dd1f45888244092f04144d6079f363922fc454604,0f0f0b092b692b17,
dataset/train/notumor/Tr-no_0739.jpg,notumor,no_tumor,3,train,dd22398acb3c70e63a2cb63bebedc242177d84866a703622ff572dc1de831711,0e0f2b2b2b2b0f0e,
dataset/train/notumor/Tr-no_0741.jpg,notumor,no_tumor,3,train,d8be34ad89aff5bac28c58fc73dee8c2b0666e7aefe6f2390d670829d9515776,8e07272b2b37170f,
dataset/train/notumor/Tr-no_0742.jpg,notumor,no_tumor,3,train,708374fafe25fe9ac4a30a9007674ebe32c6eaae7e07aaa91eab26b5cd6ba259,0c0e0f0b0b0f0704,
dataset/train/notumor/Tr-no_0744.jpg,notumor,no_tumor,3,train,d0bd146ab7484e7c20897f5290b6dcaa44e9f2f2c2f6d78e70247e2ac022df15,8e8f332b2b270f8e,
dataset/train/notumor/Tr-no_0745.jpg,notumor,no_tumor,3,train,1347df364f2c0743fd69f248c9eac6aebc183cc2221a07854ff6aafab040966f,1f2b2b2b65692386,
dataset/train/notumor/Tr-no_0746.jpg,notumor,no_tumor,3,train,d7793b2ef1f0fab8e5095fda766a59bbd9ae172f895a1b4767d78a4e901c927c,8e0f2b2b2f2b2f8e,
dataset/train/notumor/Tr-no_0747.jpg,notumor,no_tumor,3,train,8de36f55e8e7f663a6f422607541e77cec76b367718c8dfe82164c8f46d1d3a6,0f0f1333332b070f,
dataset/train/notumor/Tr-no_0749.jpg,notumor,no_tumor,3,train,3ae2cd1eec94301333185534de908d22349d0e0613375864553015757823294f,9f2b232b980d2b87,
dataset/train/notumor/Tr-no_0751.jpg,notumor,no_tumor,3,train,019ff9b5736b365a41491635a581837fc4cc2506ca559009e81480d80839b003,16330f1b3b33170e,
dataset/train/notumor/Tr-no_0752.jpg,notumor,no_tumor,3,train,af948c540f97b2a6cddb7540be0239c29db8f489cab0c92a12181db74f51d235,0e0717173333178e,
dataset/train/notumor/Tr-no_0753.jpg,notumor,no_tumor,3,train,684796fa57521bf38e64647b6b68ada66d4e8aeb30cafcfec67cb70b674b977d,8c1e173717171f0e,
dataset/train/notumor/Tr-no_0754.jpg,notumor,no_tumor,3,train,c87ac0be7cb4716bca03b19476d0c76211a89091694922d833682205e2871ebc,870f290b33332f0f,
dataset/train/notumor/Tr-no_0755.jpg,notumor,no_tumor,3,train,a24f870c946a5fc48002c9fee4831c309a5ff3d582090ef4434dcf2ba6402dc8,0e1707072323178e,
dataset/train/notumor/Tr-no_0756.jpg,notumor,no_tumor,3,train,8f092899e26f64ca7de588afe0208aaff2c1da6ea13d34c3b18393c5d36a69d2,ce0e0f0f2f2f8fce,
dataset/train/notumor/Tr-no_0757.jpg,notumor,no_tumor,3,train,9d7027d104a627826433f73f6697d5f4c6a18d5f9a07f87c221798f544f81e81,8e0e2f2b0f170f8e,
dataset/train/notumor/Tr-no_0758.jpg,notumor,no_tumor,3,train,a7594a2a89f734ea6586564609782cddb0c0046c1ae4f2f348890c76eafa9b3e,8e0e373733278f8c,
dataset/train/notumor/Tr-no_0759.jpg,notumor,no_tumor,3,train,f98f84c8efdfc33cbad78e557e1e4dd58e22567d3f3bf0a42da1fd57d8653412,0e8f0f17130f0f86,
dataset/train/notumor/Tr-no_0760.jpg,notumor,no_tumor,3,train,55e2609d0f46ed12daeb4fa9874649865486ce45d688d7c218d9b50394772767,0e0e0717576b3b36,
dataset/train/notumor/Tr-no_0761.jpg,notumor,no_tumor,3,train,b682b55de2a394378cc68109a8648cb47b7f75fa012fee27245814f74d9dd33d,0f0f2b294f4d0f0f,
dataset/train/notumor/Tr-no_0763.jpg,notumor,no_tumor,3,train,fd6702ed37c23010dffb84bf90ba1d524825736ed1359430632dbda493c0ab84,171733331717178e,
dataset/train/notumor/Tr-no_0764.jpg,notumor,no_tumor,3,train,6f06decb4deb6150556a337874a5af1c880ba41bd7f8d544505d396b452a4f08,2775aab2b2330f0f,
dataset/train/notumor/Tr-no_0765.jpg,notumor,no_tumor,3,train,44c821a4b213d1b3d353f91393fdeb7fa076335610371436c3e3c450c0ba979e,8e1723230707160e,
dataset/train/notumor/Tr-no_0766.jpg,notumor,no_tumor,3,train,7ddbef2556e368dd15908ede6107c308faeb8088d987fe05c4b1b09577f361c7,1713337371693307,
dataset/train/notumor/Tr-no_0767.jpg,notumor,no_tumor,3,train,f61611c0a10bf84cce2213846a1b7454e9f9588e030bc8df7c20d3881aae85e3,173b55696b2b2b8f,
dataset/train/notumor/Tr-no_0768.jpg,notumor,no_tumor,3,train,496a47c01ff473f476f2aeef3e6b8c870afc63bba0aa2811dc4d5d9aa3a40190,8f171717171f1e4d,
dataset/train/notumor/Tr-no_0769.jpg,notumor,no_tumor,3,train,cf34d783af2788e19c9f4a798de6e051f039738d6a9b0edf01fbb1ef637e813f,0e060f17160e0e0e,
dataset/train/notumor/Tr-no_0770.jpg,notumor,no_tumor,3,train,4aa6ed6c6badda46f69ad31fa48b99534fd40a155bb0025229ec3671d1481a8c,0e0f2b2b2b2b0f0e,
dataset/train/notumor/Tr-no_0772.jpg,notumor,no_tumor,3,train,bae79238db9d0c5c789a18a4af34e31ed2640df04cd17c579ad5144a6a030e56,0f0f2b332b0b0e0f,
dataset/train/notumor/Tr-no_0773.jpg,notumor,no_tumor,3,train,0bddde2da4588961ac9a1b5a8dd73496c7dbac62a6b56cebd0e04ac7d0e56788,0f170b1717171717,
dataset/train/notumor/Tr-no_0774.jpg,notumor,no_tumor,3,train,f5d81910c4160f06ec27ae21368f22f860e7fbed5e4284487ef6d941dcba3d9d,0e1e17373317070e,
dataset/train/notumor/Tr-no_0775.jpg,notumor,no_tumor,3,train,ea2ef5b7033dc31e1f0dce350279139d6f2c25b154f547a10fa19275646058a4,0f0723232b2b0f0f,
dataset/train/notumor/Tr-no_0777.jpg,notumor,no_tumor,3,train,975fd5ea57048f695381b21075ad371f387c86eedbcb2bc57b7793ea483e949f,0713337371293307,
dataset/train/notumor/Tr-no_0778.jpg,notumor,no_tumor,3,train,2fc5160ae28cfb53b4d21a2cb098eed4f06f4e4ae122aad91da19e54eb54712d,8617171733331717,
dataset/train/notumor/Tr-no_0779.jpg,notumor,no_tumor,3,train,5febfb7cb397b9900f845a025aeadb5a7244a49feffcd9e6af0848c47ddd03b0,8e17171733331717,
dataset/train/notumor/Tr-no_0781.jpg,notumor,no_tumor,3,train,44a22876360230c9ff465532477b3a9e0dd4ce922856a26ca833de265a82f11e,070f33b2b2aa552f,
dataset/train/notumor/Tr-no_0782.jpg,notumor,no_tumor,3,train,1111e6db2f33eabc34a6c82da9b7d1b1f1c6e88e3fd086ea4ab11fb64f666789,4c8e0f170b2f2b86,
dataset/train/notumor/Tr-no_0783.jpg,notumor,no_tumor,3,train,d3eb1d0d9c022cdc5cea179f5825e1724664d2b7e6cf137c1b16dfb99884b8d6,8e0f2b2b2b23078e,
dataset/train/notumor/Tr-no_0785.jpg,notumor,no_tumor,3,train,5eed5f4469db6904469afad85b396855108204c53ab85d43614c49a98a5cc2e5,161f33733131330f,
dataset/train/notumor/Tr-no_0786.jpg,notumor,no_tumor,3,train,f5544e8c132575583b8ae8825062f1344f718a051d4c41f06e07a5a6cf983faa,17171717172b170f,
dataset/train/notumor/Tr-no_0787.jpg,notumor,no_tumor,3,train,cc6c2795310094ea9e9bc4a259b6c4ab7e56fd03303b7f3426849f9b573d05a8,8e1733331717070e,
dataset/train/notumor/Tr-no_0788.jpg,notumor,no_tumor,3,train,ef90188c7b02ceb86456ae379b353a3eebbc6b2b844b7570963c66cf460a0b52,231d37b2b2aa5523,
dataset/train/notumor/Tr-no_0789.jpg,notumor,no_tumor,3,train,4e040abc6e5b98c41c6d16a3e15e83865f8329a87264ae7557f68192d22d3f48,cc17173333030f8e,
dataset/train/notumor/Tr-no_0790.jpg,notumor,no_tumor,3,train,b5c108d489d9ef13f1046b6f5ba3fe5720d3dc4b77ced0726f56cb587555a3dc,0e1717373337170f,
dataset/train/notumor/Tr-no_0791.jpg,notumor,no_tumor,3,train,d8723069d6425a30345f16d9aba46c4205ba21532cc55ef038bf947264550903,0e1717b7b6961533,
dataset/train/notumor/Tr-no_0792.jpg,notumor,no_tumor,3,train,ba77ba859aeb96a0fdc6072a46f2449bd119d5d8df31e20c73968596a9ba5ed9,0e0f2b2b2b2b0f0e,
dataset/train/notumor/Tr-no_0793.jpg,notumor,no_tumor,3,train,a3caba23e63b0858347347deeefb13f241a34116ee8ff19ff099d1f0c04fcabf,0e0f2b33332b0f0e,
dataset/train/notumor/Tr-no_0794.jpg,notumor,no_tumor,3,train,b6a7fd10c633061dd2173bf5a2d95054361dfa038b31aef7a132b03ceeefa96c,0c0e0f0b0b07070c,
dataset/train/notumor/Tr-no_0795.jpg,notumor,no_tumor,3,train,6df1939c7a7aa989609421eeded83808d31d19f837ee9d4d070981aa0edc311f,8e8f0b2b2b2b0f8e,
dataset/train/notumor/Tr-no_0796.jpg,notumor,no_tumor,3,train,7b48cc47c3fe1e92857bb93ca2ee73802c61ad8325b0e0be83bcdb85a8dc0719,0f0f1333332b070f,
dataset/train/notumor/Tr-no_0798.jpg,notumor,no_tumor,3,train,1a56af5171af33f4df909b7732dbe59ca8f6b3eadf0a9ef48e2383b005946e61,9f2f332b0b290f87,
dataset/train/notumor/Tr-no_0800.jpg,notumor,no_tumor,3,train,798324f97dd137055c18a0c703ef9380a9046ee6d5cb46d8c5a571d2dca8b29f,0e0707172333178e,
dataset/train/notumor/Tr-no_0802.jpg,notumor,no_tumor,3,train,59a2c84bbdc184158eda535ce9f97ece585bc385ea594f878394f8eff78efeca,4f0717173337078e,
dataset/train/notumor/Tr-no_0804.jpg,notumor,no_tumor,3,train,543743f311ac7ede8d2814ef7f2173f3fa5bbbb6f60df490ad4654ed1d141d16,0e0707072333078e,
dataset/train/notumor/Tr-no_0805.jpg,notumor,no_tumor,3,train,1f070cd9f11e9408ef8f7df770e5f98db3c905f5e7d407100684758b7e323758,ce0e0f0f0f0f87ce,
dataset/train/notumor/Tr-no_0806.jpg,notumor,no_tumor,3,train,0e2534dd9fd55be6da171440c493e8199b098b4cbf1fdd2d994da59fb10a9a78,8f0e2f2b2b2b0f8e,
dataset/train/notumor/Tr-no_0807.jpg,notumor,no_tumor,3,train,9d1829deb868b91a15dae8b8e5793ff516d6a5529b606adcfc6c3710b3ce3e74,8e0e373733278f8c,
dataset/train/notumor/Tr-no_0808.jpg,notumor,no_tumor,3,train,59870eaca7eb7777eec53f8d67aabfd31b287723dff1753991fcf05e9e341652,4e0f1f17131f0f86,
dataset/train/notumor/Tr-no_0810.jpg,notumor,no_tumor,3,train,9825288ca0ecdd46bb9b40ee15bfc5e27360ad86667442abd2e55972661ed8a1,8c8f273337378e8e,
dataset/train/notumor/Tr-no_0811.jpg,notumor,no_tumor,3,train,be7d707f8abe2913951100f084ebbb0784ba7ff7ac0f33ed484690505c3c5f7c,0c160e16160e0e0c,
dataset/train/notumor/Tr-no_0812.jpg,notumor,no_tumor,3,train,dd5e0845bfd97f6b294f6b2788067c35b034dd9331e6cf1f441cabe753eb8c78,0f0f2b2b3b3b0f0f,
dataset/train/notumor/Tr-no_0813.jpg,notumor,no_tumor,3,train,6211566a61a9eaea053eedfb276a368cb45a2e2a208b441add4802e70b0ea0e8,1b51aab2b2330f0f,
dataset/train/notumor/Tr-no_0814.jpg,notumor,no_tumor,3,train,21394c2b24a72a1fd87b246f9e290290417420a5ddfb70810a9209ad6d747c06,8e173b2b2b2b0e8e,
dataset/train/notumor/Tr-no_0816.jpg,notumor,no_tumor,3,train,05211769975b0d173d0ddbff52bf1ff6a93ddb1945f406874724a14feef2ba9c,37232b2b0f0f0b0f,
dataset/train/notumor/Tr-no_0817.jpg,notumor,no_tumor,3,train,12ef28cd1bf90cc898c6d59a9a84f85298110ea7c53eb7e1267a37a9f9be272f,0e1e0e16160e0e0e,
dataset/train/notumor/Tr-no_0818.jpg,notumor,no_tumor,3,train,6fa8eb9bb2ed899a8d0a5c0d0e679ffe93eb0e7d518219b43a8b2f5434852d37,8e0f131317179686,
dataset/train/notumor/Tr-no_0819.jpg,notumor,no_tumor,3,train,896aeba4c38ae004a7cd7c127a70931dd19d33cc7f42f10c7f2b75b463e9e791,0f0f2b232b2b0e0e,
dataset/train/notumor/Tr-no_0820.jpg,notumor,no_tumor,3,train,55253bf7b87e4937dd30007c7419dd079a94470c89dcb6f183c50435b6687a3c,0f0f4d0d2b2b2b0f,
dataset/train/notumor/Tr-no_0821.jpg,notumor,no_tumor,3,train,c4cb47faeb488806b904313c4a21780d779cfbe01b12358b2e42b0267472b8d7,860f0f13170f8f0e,
dataset/train/notumor/Tr-no_0822.jpg,notumor,no_tumor,3,train,1c2d997d9cd3b3168e84b8ffcd041e8e1ab826ba77f8bca07b88d0e5ec684334,0f172b1717171717,
dataset/train/notumor/Tr-no_0823.jpg,notumor,no_tumor,3,train,614745f43bcc2e38ff7649483497d36c5bab2d4d32ce19e202fa362e3b5cd3bb,0c0e0e16160e160c,
dataset/train/notumor/Tr-no_0824.jpg,notumor,no_tumor,3,train,07e6abf4d51558064e38530dc57423f8a0ec8abf105cd0d1eae58a66aae3246f,0607171333171b0e,
dataset/train/notumor/Tr-no_0825.jpg,notumor,no_tumor,3,train,a8009ea052d58b75559e9e5d5c99cc183e8b92ec80d7597d569c678ca33efd0b,8e17171733331717,
dataset/train/notumor/Tr-no_0826.jpg,notumor,no_tumor,3,train,63aa7a3bcfd52ad4e04e25c867d5e0c6345062c54fa5b2e312a0d868a08c8b97,8f0f17373713170f,
dataset/train/notumor/Tr-no_0827.jpg,notumor,no_tumor,3,train,e25de45b12843e4596ffca6e61d1a26a0589069ed0a81a0bb36c5ea763c8cc77,8f870f1717179787,
dataset/train/notumor/Tr-no_0828.jpg,notumor,no_tumor,3,train,31aad1489b3f69b2aef9cf221803169dae32403984e8d0a9bda328362c833285,cc8e0e0f0f179ecc,
dataset/train/notumor/Tr-no_0829.jpg,notumor,no_tumor,3,train,0729ee61cd7d09d2ec6ec054328331a5a76f30092cc882ca318532b20a024dc9,0f0f33b2b2aa511b,
dataset/train/notumor/Tr-no_0830.jpg,notumor,no_tumor,3,train,202b96508dfe277fccce086140c54e8ba0e048e87ebfb251bf1bb5d3cc11c37c,4c0e0b172f0b2b8e,
dataset/train/notumor/Tr-no_0832.jpg,notumor,no_tumor,3,train,662f93904d8ba56d840fc2898552e8adc95a635d368d0b1d0f6bd41a28738722,363b2b5717170e8e,
dataset/train/notumor/Tr-no_0833.jpg,notumor,no_tumor,3,train,df2906ba7e2dc5d018c368330e0f3dc30879b5b2cbac103a64e58d2779f76339,0e0e0e16160e1e0e,
dataset/train/notumor/Tr-no_0834.jpg,notumor,no_tumor,3,train,e4e59af6b70fdfd510384b898b121aa9207ffa90015edda999942594c82658e8,869e171713130f8e,
dataset/train/notumor/Tr-no_0838.jpg,notumor,no_tumor,3,train,90303780224f24f31368418234e9de10c2ad701f7d8fc64afb718b8f24f7350c,cc171733331f0f8e,
dataset/train/notumor/Tr-no_0839.jpg,notumor,no_tumor,3,train,2db2e0ab7cae5ab6bb3b3ed9ae2d585a204de3fefd75e4145dae878f8f2623bb,0e0f2b2323230f0e,
dataset/train/notumor/Tr-no_0840.jpg,notumor,no_tumor,3,train,6288f6902aa4859c9e38bd5e8189ae591d8465a20e576fe0af11c384ed41ce99,0e1e0e171707161e,
dataset/train/notumor/Tr-no_0842.jpg,notumor,no_tumor,3,train,7ee1f69d966ad5d30e75398ca8bd61eee48b2a8c3c1afc3dd3235e6329f1eeb1,072b2b2b712b1f0e,
dataset/train/notumor/Tr-no_0843.jpg,notumor,no_tumor,3,train,b28a6673a8f92619cd725a3b8bf948c49044c33168a2b81f92bf96bdf6a7d90b,0f0f0f0f2b2b0f0f,
dataset/train/notumor/Tr-no_0845.jpg,notumor,no_tumor,3,train,aff182708bd1fbbc5c5e97d755f010c031abe90aa01353e2c2d223afd22a4c47,0e0e0e16160e1e0e,
dataset/train/notumor/Tr-no_0846.jpg,notumor,no_tumor,3,train,9b2226c0b9f8ab1cd59851d6269133488b41238e95b06debbe305b4d1eeb7260,0d0f3733332b1f0d,
dataset/train/notumor/Tr-no_0847.jpg,notumor,no_tumor,3,train,55bbc9f7d883be81454a90632b3b241b57e8e073b407b88f8e472125be05fb1b,060b332b0f4b0b1e,
dataset/train/notumor/Tr-no_0848.jpg,notumor,no_tumor,3,train,c2e016e1965c1274f6ba351bebb97aadea6844a6f1a4fc2af96974eaa75faf15,17330f2723370f8f,
dataset/train/notumor/Tr-no_0850.jpg,notumor,no_tumor,3,train,e46f5d85df72f56bc2aa6204f83f8951b5c015ad8cf726ae231f41cee5ab3580,0e1f1f1f3b331f8e,
dataset/train/notumor/Tr-no_0851.jpg,notumor,no_tumor,3,train,2f94091c3dd7e715d186ffecfb3d327e64c133866158ff392179f9edf0a31e32,8c8f0f0f0f0b0e8c,
dataset/train/notumor/Tr-no_0852.jpg,notumor,no_tumor,3,train,1c3e63f75925d079060da9dcad74463d1ef6f7c4055fb0ff2d4daa2001711425,070d32b2b2aa710f,
dataset/train/notumor/Tr-no_0853.jpg,notumor,no_tumor,3,train,f74db364f3956e2822098c6aeadfc323301aedd299d42f1d05d73bcbb7def1d9,0e8f0b2b2b2b0f8e,
dataset/train/notumor/Tr-no_0854.jpg,notumor,no_tumor,3,train,ec0ec5fefeaa88f1ccee4e0b117c21e422a575a8b4f1e03a54a36ec2edeb4340,0e0f1333330f0f0e,
dataset/train/notumor/Tr-no_0855.jpg,notumor,no_tumor,3,train,64db7ecf017244f551f8757fef667bc2b3b233dfcdad83fcaf14e70f899d2533,8e8f1313331b0ece,
dataset/train/notumor/Tr-no_0857.jpg,notumor,no_tumor,3,train,216144235f80341092abdc4fd447133b0981352ced3a46f0edc78ba423031585,0e8f1f17172b2397,
dataset/train/notumor/Tr-no_0858.jpg,notumor,no_tumor,3,train,ceea03f4f2c5bbdfba1265c1eb9109decf59c27341816ccb63eeb75a2400401c,8e0f1f33331717cc,
dataset/train/notumor/Tr-no_0859.jpg,notumor,no_tumor,3,train,1c8c8783a6f563b0dbcd65ec42b1f7dda4d87822f9c397762fa62f3e2e447976,0f0713331317178f,
dataset/train/notumor/Tr-no_0861.jpg,notumor,no_tumor,3,train,121f276186123104940c0e2aaa776dad03241d480faf51f422e6adf555d97797,080e17270f0f0e0c,
dataset/train/notumor/Tr-no_0863.jpg,notumor,no_tumor,3,train,d7b43e8560c0be4667477174fa078bf811a9bda6d92b2cf62f334c783f6e59fe,8e0f2b2b2b2f0e8e,
dataset/train/notumor/Tr-no_0864.jpg,notumor,no_tumor,3,train,9e3ef8b3dacc3d4f92b27370f8ecced01626827073e4e4bd44f8970884f5c791,4c8e07130b0f2b86,
dataset/train/notumor/Tr-no_0865.jpg,notumor,no_tumor,3,train,158d04e6d973c091b89089703626b1eb39b0ebc73d43356b6cb1524f89b28a4b,8c17173333232f8e,
dataset/train/notumor/Tr-no_0866.jpg,notumor,no_tumor,3,train,5add81cdd45200e3f851282bffa1fbeb4b01e104ac6e8a3cc4802191d16a008c,0e1e0e16160e0e0e,
dataset/train/notumor/Tr-no_0867.jpg,notumor,no_tumor,3,train,442fe13dc6571735614894ecc8eef641357445b2276c4bf58a2324307c5df6fb,0f1f2b3333370f0d,
dataset/train/notumor/Tr-no_0868.jpg,notumor,no_tumor,3,train,75c2a48a3e922f47d95cd237eb578bae9b5ce17d5d451638c232fcb6d1f72413,8e17133333170f0c,
dataset/train/notumor/Tr-no_0869.jpg,notumor,no_tumor,3,train,081bcfab26e876dc90e39f896ed745bc3436d417207ac401ab9963def15b95b8,0c160e1616160e0c,
dataset/train/notumor/Tr-no_0870.jpg,notumor,no_tumor,3,train,6b47a02dcff598db0a13519a4bbd5998fcb749c409338cfaec145b86a10aa4bd,0e1b333313170706,
dataset/train/notumor/Tr-no_0871.jpg,notumor,no_tumor,3,train,60a26980077fb81c2b22a7a836a45a929a2e7e2768568d8f3c492fc7abef78e5,8e1f33131717078e,
dataset/train/notumor/Tr-no_0872.jpg,notumor,no_tumor,3,train,215f21ab7cf00415d45f282feac924265d603efb54021a785f7bd4ebdeb32b4f,0f172b0f0f2f070d,
dataset/train/notumor/Tr-no_0873.jpg,notumor,no_tumor,3,train,998e5187eacfd2de5ffa84de58e20220620e70fac2d9900d9999abef6ad16a4f,0e2737333337370e,
dataset/train/notumor/Tr-no_0874.jpg,notumor,no_tumor,3,train,07066a9fbd5996b6a2db1f21ad2cb12f9c324e68619eaea954ea610b216b217f,0733333333131717,
dataset/train/notumor/Tr-no_0875.jpg,notumor,no_tumor,3,train,c187507616186b4a2e341158a41f000310d2665e522ae2cc7412fc8c0ec2b61b,0f17332b2b1b1f8e,
dataset/train/notumor/Tr-no_0876.jpg,notumor,no_tumor,3,train,1046691dbc5f4354039ab7a946f1c13ba1f0021cde258cf5a1fbe7611528b3bb,17173333133b070f,
dataset/train/notumor/Tr-no_0877.jpg,notumor,no_tumor,3,train,9e16dfeb865c44a91f37fe814f3f06a0989311ca2a348bbb0d132dc3800f9d9d,0e070f0f0f1f0b06,
dataset/train/notumor/Tr-no_0879.jpg,notumor,no_tumor,3,train,be6ad251baa43cf4e22fe2382ba975783c01feb86b3cd27d34ebeb1875b5ac91,0f3369717133331f,
dataset/train/notumor/Tr-no_0880.jpg,notumor,no_tumor,3,train,06c0e51c24274c29260fc2918eb708cc7abf60c3da05817ff502766f95022d8e,171713331717178e,
dataset/train/notumor/Tr-no_0881.jpg,notumor,no_tumor,3,train,ae6a6d1d8c7502e38409b07c5336357a9160c8f11216c608f964c48551f15d79,3355969212171f87,
dataset/train/notumor/Tr-no_0882.jpg,notumor,no_tumor,3,train,c850a227b64a6c11c0642843de07d325ad88beac905d627409afb6a7863e2bbb,0f175b5337370f8f,
dataset/train/notumor/Tr-no_0884.jpg,notumor,no_tumor,3,train,87af705517a5acacab234a905b0f70d3d420fbd3d9af48817207503bd724d828,87971f07170f878f,
dataset/train/notumor/Tr-no_0885.jpg,notumor,no_tumor,3,train,ae01d9f5e34679aab4488d7f0b6c41dcf9a3940e38aa706e5d980f988f7a3c37,0b51aab2b213690f,
dataset/train/notumor/Tr-no_0886.jpg,notumor,no_tumor,3,train,60ec4e67e4c126c8889cb5321148433359a7256cedec00f1da9fe70e5ec52523,0c0f1717371e0e00,
dataset/train/notumor/Tr-no_0887.jpg,notumor,no_tumor,3,train,9e76a3bb0eee7e347d9c9ffb43350326d3e8eafa266aec9ad54f181cc3c7e8b7,0e17171733371f0f,
dataset/train/notumor/Tr-no_0888.jpg,notumor,no_tumor,3,train,dd8464bb81f9b983e6606da57006afc90d138b0d0d36a53bf92d39c2ad873413,8e3b2b2b2b2b0e8e,
dataset/train/notumor/Tr-no_0889.jpg,notumor,no_tumor,3,train,874e7c23b35e4c0e6aa61a39cdd6bd551643ac0a3a0c23931c82d5f9ef05e56e,000e071317170f0e,
dataset/train/notumor/Tr-no_0890.jpg,notumor,no_tumor,3,train,bbad9f3675757537d7df4ca3e8fffd004972709f3aa5c11cdea4957980d43134,0e3317171707064d,
dataset/train/notumor/Tr-no_0891.jpg,notumor,no_tumor,3,train,9a4f751424c4a7d903f01cfaaf53d612f4ad88c6352446e85e0a5cc2bd67ef18,0e160e16160e0e0e,
dataset/train/notumor/Tr-no_0893.jpg,notumor,no_tumor,3,train,7e717f1cca7d05e22d1ad8d7b5ae40ab68bc9e36e3c5dcf35e6b5f5157e555d8,0c07171717171f0c,
dataset/train/notumor/Tr-no_0896.jpg,notumor,no_tumor,3,train,aa1ab88b5dd2c99bfa434bf6df0d14c186bae4f2ca1b1a28eb9f8eabab8e8948,0e33617171232b06,
dataset/train/notumor/Tr-no_0897.jpg,notumor,no_tumor,3,train,e17c38523771602ada2f98dde9b77992d63bc04a1bf02aa0463e4ba13329826c,0e33737171332306,
dataset/train/notumor/Tr-no_0898.jpg,notumor,no_tumor,3,train,763527a6a5d96c7c7777f109a2910dd11c3d9b8b94f1e59b21bc2a52226f756c,0e0b594d596b1b1f,
dataset/train/notumor/Tr-no_0899.jpg,notumor,no_tumor,3,train,42f57c5489cadea13c23631c5a65b58d44b265478abf924373b577c11e682fab,0e0f2b330b0b0e0c,
dataset/train/notumor/Tr-no_0901.jpg,notumor,no_tumor,3,train,238498fbbf7fa7715a69ca463c2696a27043f88c213975b232c10e938ce0ef21,0f170f1717171717,
dataset/train/notumor/Tr-no_0902.jpg,notumor,no_tumor,3,train,35eedef6d88044cc5e8e4fcd5cc17cd082618c64f04b98de57f85b85381d2bb6,8e0f2b2b272b2f8e,
dataset/train/notumor/Tr-no_0903.jpg,notumor,no_tumor,3,train,cd2a52dc694609b8207c424774ccfe97c9cbc09338198175141cc13da1f4c8e5,0c0e1616160e160c,
dataset/train/notumor/Tr-no_0904.jpg,notumor,no_tumor,3,train,125242e04e2478a6f51603858a639ef269f8027588686d002da096eddebdb371,0c0606062716160e,
dataset/train/notumor/Tr-no_0906.jpg,notumor,no_tumor,3,train,9fad6d5f45ef9a1342e0a6bef1a6dae547f2f20115fc800dd1c88f88bf06df01,0f1f3b3b2b2b0f0f,
dataset/train/notumor/Tr-no_0907.jpg,notumor,no_tumor,3,train,696741154e452a20115cc6ccf501cf8f0002f8d5d3d3eb26118c6d6f28446fc4,8607171713331f8e,
dataset/train/notumor/Tr-no_0908.jpg,notumor,no_tumor,3,train,ee8aaf3f319d48b882744bbe13ae380df49b2c753de1ef75f925fd9fff0629f1,0f072f0f0f2b170f,
dataset/train/notumor/Tr-no_0910.jpg,notumor,no_tumor,3,train,6fb3bb7facb4a1ce49bd7fe43e2e9e426bdddb9cdcaa48b3462d80367dc60511,8f2b2b6969552b17,
dataset/train/notumor/Tr-no_0911.jpg,notumor,no_tumor,3,train,64491133e54022954317a012d8ab85e0932dd06b361d39b2f3a46dd7d808032c,0717133333333307,
dataset/train/notumor/Tr-no_0912.jpg,notumor,no_tumor,3,train,c41a3a80c2b79e5aa8ab08f5773bcf1df8e4d75511a50676895cd77f4965a7d7,8e1f1b2b2b33170f,
dataset/train/notumor/Tr-no_0913.jpg,notumor,no_tumor,3,train,2c8205977954fc5ff8c7996076d037e894a682500a67143b40250f19cda87a45,0e0717131717078f,
dataset/train/notumor/Tr-no_0914.jpg,notumor,no_tumor,3,train,008621858a0f998debf392faccc3b430b2971ec9ff7f8108391b22f35f787d16,4d1e1f171717171f,
dataset/train/notumor/Tr-no_0915.jpg,notumor,no_tumor,3,train,a826e407f87a0c96e01fa1d61e788c550a848ebab4de59677ea66fd066430aaa,1f3333717169330f,
dataset/train/notumor/Tr-no_0916.jpg,notumor,no_tumor,3,train,a73f738967070b5a96649b06a87ec7557fa62617775b0c3c16a68dfce74bfa04,8e17171733131717,
dataset/train/notumor/Tr-no_0917.jpg,notumor,no_tumor,3,train,1e044e724e7a39067eb86dd8df724afc45fa6a7eb1a8254f9faf4056d73a14fd,0f1f171292965533,
dataset/train/notumor/Tr-no_0918.jpg,notumor,no_tumor,3,train,03c8ba33e9897774838b68c219dacfbcb795d01b6643f309edce8c86fd992751,8f0f3737535b170f,
dataset/train/notumor/Tr-no_0919.jpg,notumor,no_tumor,3,train,8b6670d9bdda88176944dd291811f53484fad0f8dbebf7bc0b3b223ded24f56b,8e1313329622710b,
dataset/train/notumor/Tr-no_0920.jpg,notumor,no_tumor,3,train,fd8bbea7165cd7d8457e8096e44b73ba4430a8785fc5092f652bbb8e7f685f0b,cc8e0f0f070786cc,
dataset/train/notumor/Tr-no_0921.jpg,notumor,no_tumor,3,train,325eb22cf5cd99f6c571b8df642f96dc5fa1ea1bbeb3962e0eb12066510e1dc4,0e0f2b2b2b2b0f0e,
dataset/train/notumor/Tr-no_0922.jpg,notumor,no_tumor,3,train,c0d1e5abda85523b9d0dbe2bccc28a00e966e0f67a3e4168e39ad497ac7158e1,8f870f17071f9787,
dataset/train/notumor/Tr-no_0923.jpg,notumor,no_tumor,3,train,7ab0b7d284bfb14d725dfaa77f95f937e3e30da801971e80434021fc308d2c3b,1f6913b2b2aa710b,
dataset/train/notumor/Tr-no_0924.jpg,notumor,no_tumor,3,train,0e21af3f99c0db75a5552eaacb6237f11240d5b32eb92db648971477f49c6e3b,4c0e3b332f0b2b9e,
dataset/train/notumor/Tr-no_0925.jpg,notumor,no_tumor,3,train,bca46d27cc9a486f55a197c8c55e98a205f977151fa337b08646d6c393f1e6ec,8e1e0f2b0f472f9e,
dataset/train/notumor/Tr-no_0926.jpg,notumor,no_tumor,3,train,691d68f037d4b2d725d164c8e3fa073eb4e59fe8ad7ec62bcf73909f0ce4520c,0e0e0e16170f060e,
dataset/train/notumor/Tr-no_0927.jpg,notumor,no_tumor,3,train,519722d60cde110ce1433c3bed764fcbd4f494f3ae5b19a237e06dd45503bc97,000e1e3717170f0c,
dataset/train/notumor/Tr-no_0928.jpg,notumor,no_tumor,3,train,ad525a5529e5de143901e8c253446b981e9604776a6e2f9fb4963e9cec69de44,8e0f2b2b0b2b338e,
dataset/train/notumor/Tr-no_0929.jpg,notumor,no_tumor,3,train,a2851299bdc7e8f89c38d4f2c224ceefed497be95a022b9cf367af178464cb21,0e0e0e16160e1e0e,
dataset/train/notumor/Tr-no_0930.jpg,notumor,no_tumor,3,train,efbf14514572ed899be487bedbc3a9ea627f89639a10c7f706a7a8a402732c14,8e1717331717178e,
dataset/train/notumor/Tr-no_0931.jpg,notumor,no_tumor,3,train,80e201fae2dae2953697e104658c5fa26260cb81c624b464c0cc50428babda66,0c0f2b2b232b070c,
dataset/train/notumor/Tr-no_0932.jpg,notumor,no_tumor,3,train,40031cf5c3f55c8b2f98051be7485b940a455738b7b07233433ea2b15072cda2,0e0f071733330f0e,
dataset/train/notumor/Tr-no_0933.jpg,notumor,no_tumor,3,train,fb4f36cec8b0123a1579e9e02160a16a20e2c63b10241c496059f3b31148f359,869e3f13132b0f8e,
dataset/train/notumor/Tr-no_0934.jpg,notumor,no_tumor,3,train,c4ef1121f664289e8787ab63a3ff7c4fd5cf6c7ad7e7ca827c9a828285792bd7,062b2b717161330e,
dataset/train/notumor/Tr-no_0935.jpg,notumor,no_tumor,3,train,5d77ea8169be6d8ec11abfd8ab5cce778309f60571069554a7a1dddda0f6586f,0e0e2b2b2b2b0f0e,
dataset/train/notumor/Tr-no_0936.jpg,notumor,no_tumor,3,train,79fe7fdc4259ed31881bd31a2d5132a026d570e5d2dd91111dbefcae08b08c51,062333717173330e,
dataset/train/notumor/Tr-no_0937.jpg,notumor,no_tumor,3,train,f51d0fd545e66208eab8dd175f613462addcfb0d5dbdb6d493aedb8fa8cc11b6,17171717172f170f,
dataset/train/notumor/Tr-no_0939.jpg,notumor,no_tumor,3,train,f02decb2f38f7b0dcf3d05495e0c72e296fc0bad5ec66c5343e17af3692521a9,8e1717131317138e,
dataset/train/notumor/Tr-no_0940.jpg,notumor,no_tumor,3,train,4215a056888ab3ce72818e5b604cad965a3ae6026ede59e5752ac55cbbceb389,1707333337231f0f,
dataset/train/notumor/Tr-no_0941.jpg,notumor,no_tumor,3,train,02c8798f25febf7249e74bed752f4a25e205e674a647f0f37e2ba2b7cdcea275,8e1717171313070f,
dataset/train/notumor/Tr-no_0942.jpg,notumor,no_tumor,3,train,449aa7997cfee77d779ecabffa0ea767732891158b4c9e1f499604573b56b93a,0e0f2b23232b0f0e,
dataset/train/notumor/Tr-no_0944.jpg,notumor,no_tumor,3,train,6a3a0cec7ffa86b5e0e3170d728c367031a478ba92c1af75eeabc1deec3e7722,0c0e0f2f2f0f1e08,
dataset/train/notumor/Tr-no_0945.jpg,notumor,no_tumor,3,train,c2ba1e2132c272097f3b8ed80fbe3a13c932c20e0a058859fd9956702153048d,8e0e23232b1b0f8e,
dataset/train/notumor/Tr-no_0946.jpg,notumor,no_tumor,3,train,5c8b9340710c2d3be8c07eb02cd375d26ede088f74d3c1248c1292ba233c8854,072b2b2b51693b0e,
dataset/train/notumor/Tr-no_0947.jpg,notumor,no_tumor,3,train,048e254ee4d567c52d8e12aa00739ad6f8fe7b93a54dc838e5bd812df71dfddb,8e0e2b2b0b2b0b8e,
dataset/train/notumor/Tr-no_0948.jpg,notumor,no_tumor,3,train,3638762e35802a4a7eb0ada08c6bd1cdf17f43f5a328d45d9ce7656893659b0a,0d0f3733332b1f0f,
dataset/train/notumor/Tr-no_0950.jpg,notumor,no_tumor,3,train,114cf48b072d2e1983f7354e1a8505c56cfa64e9a4134ba4775aabe16a061e86,17330f272333078e,
dataset/train/notumor/Tr-no_0952.jpg,notumor,no_tumor,3,train,2c93d20ef3a295ac3553ad5bffe56076753ee2cb65f30e62022bd5c9ab32dfd4,0c1f17173333178e,
dataset/train/notumor/Tr-no_0953.jpg,notumor,no_tumor,3,train,9de46a6ed6c5c6ce5906890ff1d96ab5a544ec90d95c1712812889b72cc3593f,0e161f1f3b33178e,
dataset/train/notumor/Tr-no_0954.jpg,notumor,no_tumor,3,train,39e0e05182312576de8b46eea9c6b96908335a0ae2f4d25d50d86143b900d874,8e8f133b2b170f8e,
dataset/train/notumor/Tr-no_0955.jpg,notumor,no_tumor,3,train,944929c7b08e3c51e615e6c37b9f6fe5cd534c647c7428906caf9213a7730d73,0e8f0b2b0f070f8e,
dataset/train/notumor/Tr-no_0956.jpg,notumor,no_tumor,3,train,f70a80aea49fb68fdb3068eb134dda5bf5d4cea9075947e2c7e020e9d4adbad4,8e8e1313330b0ece,
dataset/train/notumor/Tr-no_0957.jpg,notumor,no_tumor,3,train,a4ed4586d703009da60b5a21b1202e9b828cf9e49bb29ccf38deb34756ce035e,8c0e071737070f9e,
dataset/train/notumor/Tr-no_0958.jpg,notumor,no_tumor,3,train,fee91ce33fea3d3b942c9b8d7dd62f568590e9913a2862839f6655a5bea2c881,0e8f0f1715292393,
dataset/train/notumor/Tr-no_0959.jpg,notumor,no_tumor,3,train,7586d1abc51137bd6659b59e83a38e9561fbe09cf300944459f4f08ccb56cae1,0e0b2b6b0d4d0f0f,
dataset/train/notumor/Tr-no_0961.jpg,notumor,no_tumor,3,train,04d198008786b8d2c347edd4d2f4273cbcebbe7085a1837c6cb91db5a0219e23,0e0f2b3b2b2b0f0e,
dataset/train/notumor/Tr-no_0962.jpg,notumor,no_tumor,3,train,682871b3c7250e0c56b28688840ac15101ec847a891e0b2d2cb72f0436ff8073,0f17173323373517,
dataset/train/notumor/Tr-no_0964.jpg,notumor,no_tumor,3,train,ff1df5849a35548de3ed553bc8c927511045cce13c42a2159c62f546c52230c9,8e33715554610f8e,
dataset/train/notumor/Tr-no_0965.jpg,notumor,no_tumor,3,train,50b07fb6e5b04d44340aaa19e0dc4aa6588af62e73a4ade8f3ec34cace05524c,0f0f2b2b0f0f0f0f,
dataset/train/notumor/Tr-no_0966.jpg,notumor,no_tumor,3,train,e34e448b7509d16d43c6a6505995cdbb7bf6b2ad29ee09a37ec740c8494f74e3,0f2b71596d692b8e,
dataset/train/notumor/Tr-no_0967.jpg,notumor,no_tumor,3,train,a3162569f0104e89e3950050d1d2f605cfe6bcf7c646f4bd596cb709d8b372c8,160f0f073713070e,
dataset/train/notumor/Tr-no_0969.jpg,notumor,no_tumor,3,train,d08b052913eb262dfd31fdd6d7ca904c5343087cdc458ca928c9e85bf41bf388,8f1f1b17172b1b0f,
dataset/train/notumor/Tr-no_0970.jpg,notumor,no_tumor,3,train,18cfaf6cee35ef130675d36429a4d0d9d944cef9942c203b01975b7130ff6df5,d68f0f073733070f,
dataset/train/notumor/Tr-no_0971.jpg,notumor,no_tumor,3,train,16bdc3ca286cca1bb4761deeca41c63f5626ac65aff85231686caf5c3897c210,8e0e17170f0f0f8e,
dataset/train/notumor/Tr-no_0972.jpg,notumor,no_tumor,3,train,0bc12dee429a9969519f71d07aea7accee2a5ff0bc4ef8871d1d0ffc22393c2f,1f1737333333131f,
dataset/train/notumor/Tr-no_0973.jpg,notumor,no_tumor,3,train,2d304e407ec526c967006fb16fb1c48c14e2971c54737bbc850d4b62ba3cbe85,8e0f2b2b2f2b2f8e,
dataset/train/notumor/Tr-no_0974.jpg,notumor,no_tumor,3,train,4f3c00ef520660295576c472a0cafc9f1bb400d736b352b736966af08bf09235,071f171713371f0f,
dataset/train/notumor/Tr-no_0975.jpg,notumor,no_tumor,3,train,5a3188e76509aef2e0668b515b6d88786e7f9e61aaf49f02f083e842ffbd4235,9e96171737370f8c,
dataset/train/notumor/Tr-no_0976.jpg,notumor,no_tumor,3,train,59b4ee83e5a97d77ddb3ea2c1036f578bc8fa9dd0b0e9896a346b74b7d511ad7,1e0f2b2f2b330b07,
dataset/train/notumor/Tr-no_0977.jpg,notumor,no_tumor,3,train,76a70a3f68103e335f080a323d763fbda5febc37e4714c2f9b54499795f13fa3,0e0f17171717551f,
dataset/train/notumor/Tr-no_0978.jpg,notumor,no_tumor,3,train,9d338079dd3288665657816ebeec6ada298761e0ff9f4c22a59f05c46768db14,081e0f0f0f2b0f0e,
dataset/train/notumor/Tr-no_0979.jpg,notumor,no_tumor,3,train,c50e621a36b08a9c2f28e239dc00b27ce321bd8ed715a48ced97515e965473d2,260b1f1737070f0f,
dataset/train/notumor/Tr-no_0981.jpg,notumor,no_tumor,3,train,c6d35e130bc719af5e19824979ce640e835635fc495a7383435df8b9aa16b023,9e9f17173717078e,
dataset/train/notumor/Tr-no_0982.jpg,notumor,no_tumor,3,train,136e27954eca1b7b887f3700f412b2c531153938a0d721d1557a94c3362497c2,0e0f2b2b2d31130e,
dataset/train/notumor/Tr-no_0984.jpg,notumor,no_tumor,3,train,d07ac7d4c62a45c3ca88e4b57cf485acd22b5d5f5e519110f769eb0cd9169d47,0c163333333b1e0c,
dataset/train/notumor/Tr-no_0985.jpg,notumor,no_tumor,3,train,19d1e5fece32f25cffe40d78ee005f41ff3c2598c7765ed122ffb29518274326,4c9613130f2b238e,
dataset/train/notumor/Tr-no_0986.jpg,notumor,no_tumor,3,train,42c0923d95ea398b1e00bc74e55fc93c23b42d8a10d623b66150bfbe4c9fbee1,0b0f0d3bbb132796,
dataset/train/notumor/Tr-no_0987.jpg,notumor,no_tumor,3,train,f9b574830e8bd289b44901ea99397d73d1d146b7c25d7e024966795180a49642,0e0f071733330f0e,
dataset/train/notumor/Tr-no_0988.jpg,notumor,no_tumor,3,train,f3805b7f17523c0c05f1ef5abea8e8995e853ab9e8bda289bcfe81a48034b743,1e1f13733131330f,
dataset/train/notumor/Tr-no_0990.jpg,notumor,no_tumor,3,train,bbff47f934ea46331f73aff755f7f95f2092f7752e12073be33506a0401194f2,86171717173b1b8e,
dataset/train/notumor/Tr-no_0991.jpg,notumor,no_tumor,3,train,c9d574a467241cb359d2359735e7e00ab4b44579d46454b73c6373ca6f5f1777,16171f17372f0f0e,
dataset/train/notumor/Tr-no_0992.jpg,notumor,no_tumor,3,train,bfcce139b2b992882ed67161669f89684eb87db34f22faf7ef5cd54f7f45b38f,9e335d4d4d55178e,
dataset/train/notumor/Tr-no_0993.jpg,notumor,no_tumor,3,train,c9687992fb9b08ab473b261f402dcf5c196db74f8f5b0a68a8dde724e6a58280,8c17173333232f8e,
dataset/train/notumor/Tr-no_0994.jpg,notumor,no_tumor,3,train,7f04f0b6fd5821e19cf5a273a540df06a1f6bdcaa63bb235743e274fff825fbd,171717171717072f,
dataset/train/notumor/Tr-no_0995.jpg,notumor,no_tumor,3,train,094d704894ade3c741e4468742b44b7e404cb3896f3735a3dce775b2ed2f1a51,0e17173733371f0f,
dataset/train/notumor/Tr-no_0996.jpg,notumor,no_tumor,3,train,e34b6fd8d386909b5697d82c506f20094d1fdbde49009baf7dfb2009fa43d07e,8e0f17173333078e,
dataset/train/notumor/Tr-no_0997.jpg,notumor,no_tumor,3,train,0e26eb1cc143b940fe223f1023625355992ee21e77e3ff1ee4cfd5764198989f,0f0f0b092b2b2b07,
dataset/train/notumor/Tr-no_0999.jpg,notumor,no_tumor,3,train,7bd4d5d58606af2e040836ab4dd73e35130ec425c538d619dc514f5494d84c39,8e8f133b2b178f8e,
dataset/train/notumor/Tr-no_1002.jpg,notumor,no_tumor,3,train,f215d878500f122adf52a6e15d62144cd3d433208061903edfffa64fc6cd71bc,0f2b2b2b652b2386,
dataset/train/notumor/Tr-no_1003.jpg,notumor,no_tumor,3,train,96eb6967090f99bcc7806d2bf9f194abcd66c9de089a1f642c1939cbc11e727b,8e0f0b2b2f2b2f8e,
dataset/train/notumor/Tr-no_1004.jpg,notumor,no_tumor,3,train,7e606d5851ec154ea6758b051d8371f5ee0cfa0db8da2e3d6bad68713e480421,0e0e0e16170f060e,
dataset/train/notumor/Tr-no_1005.jpg,notumor,no_tumor,3,train,744e69af8593f89a1e772aff23b8b52beef043f419337b5514ad90f4e0af748a,0c0c0c1e161e0e0c,
dataset/train/notumor/Tr-no_1007.jpg,notumor,no_tumor,3,train,f5c726bbddf4d79e8bb409819967264cd5b591e23f83d1ec78e3c847febda891,260f37333333370f,
dataset/train/notumor/Tr-no_1008.jpg,notumor,no_tumor,3,train,41efe60c9486d5c559d6ede0449c1da09b12bfbf8241ba4f28c60f82634cfe04,1e1f13733131330f,
dataset/train/notumor/Tr-no_1009.jpg,notumor,no_tumor,3,train,04248c478f495a3c88d414971223bcb94f659a66cf6a47fc22918ea94559e154,8e0f0b2b2f2b2f8e,
dataset/train/notumor/Tr-no_1010.jpg,notumor,no_tumor,3,train,19e8748780ca3019a4dbf5e876c2ee31bcfa17d44967ee7ba23211865e271720,0e0f1f17172b0717,
dataset/train/notumor/Tr-no_1011.jpg,notumor,no_tumor,3,train,10546b7ed6867429b6685d4d246dadf04b0f66f900ed197a68bd9f8a29e40ce3,16330f1b3b31170e,
dataset/train/notumor/Tr-no_1012.jpg,notumor,no_tumor,3,train,9f1843e9d1a4ed476714ed37cb22b406993a1e05b6a0869f052d46ad1e287836,0c16171717170e0c,
dataset/train/notumor/Tr-no_1014.jpg,notumor,no_tumor,3,train,79d7586597473b154fa184970a2b90b41dc65e931356111c1a57620cc0ebccb4,1e0f1313132b270f,
dataset/train/notumor/Tr-no_1015.jpg,notumor,no_tumor,3,train,3b098b0d2bee33d7fc3864ad7367a71538983f2b06eb83a23d72fa49a7ff5d3c,4d1e1f171717171f,
dataset/train/notumor/Tr-no_1016.jpg,notumor,no_tumor,3,train,f6b9367846473d64daf63aac8580e1c9ba73d2000d8aaa1d715a118a3a8f0ca9,4d0f0b0f0f0f170f,
dataset/train/notumor/Tr-no_1018.jpg,notumor,no_tumor,3,train,d7c5a293e3a869733e2f0ed4ec4e1afe1426444e61303c17e07141b7c5932f21,ce0e0f0f0f078fce,
dataset/train/notumor/Tr-no_1019.jpg,notumor,no_tumor,3,train,9c54a8ba366d8a9881e28dea8f4cc3f8e92fc74b2add2e6b7d7dfcacdee09bb0,8e0e2f2b0f170f8e,
dataset/train/notumor/Tr-no_1020.jpg,notumor,no_tumor,3,train,d8534287064d81600cc5db54606ecd3203df242f66abc35ab251bf7e59e84ccb,8e8e373733278f8c,
dataset/train/notumor/Tr-no_1021.jpg,notumor,no_tumor,3,train,7982b903d79440f68acb9e493c7e8c16b62d80cbef5231a1a01e9a6625158a84,0e0e0e16170f060e,
dataset/train/notumor/Tr-no_1022.jpg,notumor,no_tumor,3,train,5e984e1fb53f99176d490aa0122a7ebe4f5421c3f1dfe2d0e865efe621b67884,0e8f0f17130f0f86,
dataset/train/notumor/Tr-no_1023.jpg,notumor,no_tumor,3,train,ab01efa9ce7ad51de522ba8cafa0de7d46ce3332215227459fa9e5794b9ce053,0c0c0e16160e160c,
dataset/train/notumor/Tr-no_1024.jpg,notumor,no_tumor,3,train,91eb18f61d813028c6de3d9a78b79f807712662d006287ddec80b945f6edeb51,0c1e1e1e1f17160c,
dataset/train/notumor/Tr-no_1025.jpg,notumor,no_tumor,3,train,5933c7d02ae930f37d29bbe67bff5dd2890344a5c839c03ce3281a428a9c514d,17171717170b170f,
dataset/train/notumor/Tr-no_1026.jpg,notumor,no_tumor,3,train,c8280173142dbe052a428603990c3124edc9700d71fc33ed07975f164e07db50,0e0e0e16170f060e,
dataset/train/notumor/Tr-no_1027.jpg,notumor,no_tumor,3,train,ce8380b51fcf1dbb1347069191fbeabf20712e1b0673efc65c08c87c70b1a1af,0e0f133333131f0e,
dataset/train/notumor/Tr-no_1028.jpg,notumor,no_tumor,3,train,111aeacdd05f0a5d85933516c514f1f9626b4ac9a81438c0609847a2efddfa99,0e1717171733178e,
dataset/train/notumor/Tr-no_1029.jpg,notumor,no_tumor,3,train,e615defa5c0de164da4b279d1c8d9102250cd5b5189de0f5ca4596e7dc90fca2,9e2b0d0d4d432b23,
dataset/train/notumor/Tr-no_1030.jpg,notumor,no_tumor,3,train,173a41b949f0af0ea4e90b335de0e1885e92e9ad296cd59ab88646ac39e17fc7,1e1e17173317270e,
dataset/train/notumor/Tr-no_1032.jpg,notumor,no_tumor,3,train,f99dd2123cf3911d172622afe0541ad5048b98bcd1ac78a4acc55732a3167c8f,0f0f1333332b070f,
dataset/train/notumor/Tr-no_1033.jpg,notumor,no_tumor,3,train,ab2d50ea056994dda708a30bdd4b295da8c91653da936dcaa5474f5a077a5ab1,320e0e1616160e0e,
dataset/train/notumor/Tr-no_1034.jpg,notumor,no_tumor,3,train,d65b09e2ad414b8c2489207954eaf7887b054f6640ce8d03ad3d83bbdbaa3304,8e1717331317138e,
dataset/train/notumor/Tr-no_1036.jpg,notumor,no_tumor,3,train,cadc69402b71fdafac567216ada1281c48858cc5bde7b3b941fdf9c6bca09202,0c0f2b2b3b2b1f08,
dataset/train/notumor/Tr-no_1037.jpg,notumor,no_tumor,3,train,c81e9bcb1239482f94c524f182da91129a286f43e43804c519650803ea4eefcc,0e0e23232b2b0f0e,
dataset/train/notumor/Tr-no_1039.jpg,notumor,no_tumor,3,train,0d68dc0d87d099ad046fac3ec1359db1561e1c5d45a43e7c91e02a9f2f393df8,17736155d555690b,
dataset/train/notumor/Tr-no_1040.jpg,notumor,no_tumor,3,train,5cf2ebb7d8f93d7919b38b2e52a8d08a8843fbc3a019e10dda1e5fd24d2b6c9f,0d0723232b230f0f,
dataset/train/notumor/Tr-no_1041.jpg,notumor,no_tumor,3,train,a638ba6f81ce54a12698eeb5abda3ad60665ecb817d3d94ebeb5ffc73aff5a38,0e0f2b2b2b2b0f0e,
dataset/train/notumor/Tr-no_1042.jpg,notumor,no_tumor,3,train,e89b26e1115b48189869aaf3a7d3272fc90268ac400a2b36728cb106d9867858,9e96171737370f8c,
dataset/train/notumor/Tr-no_1043.jpg,notumor,no_tumor,3,train,0bbe8a2a1bfa6dd268852dee167c8e309391550370ef8dc656c360f260669abf,0c1e1e1e1f17160c,
dataset/train/notumor/Tr-no_1045.jpg,notumor,no_tumor,3,train,9519716335d92af19b045426a223124da676fdab837698ebd2aa0026c647620d,0c8e0b0b2b2b0f0e,
dataset/train/notumor/Tr-no_1048.jpg,notumor,no_tumor,3,train,6b8f5ec5f96e63fb543ffb0fef90857004942af0c44839abf5b9ad297b161da1,0f0f2b290f0f0f0f,
dataset/train/notumor/Tr-no_1050.jpg,notumor,no_tumor,3,train,7d5fb3078f6ed56884ebf8c14928f4e8e05ffd2065cf1b5f4b23cd6dfa3f49ef,0f4b6b2b694d2f1f,
dataset/train/notumor/Tr-no_1051.jpg,notumor,no_tumor,3,train,3e7a6a53891855f9773da2427b7621464e87e48634af7203ae4416761d087b60,8c1e173717171f0e,
dataset/train/notumor/Tr-no_1053.jpg,notumor,no_tumor,3,train,3c3bdbcf86cd640b0efb1f4a95726f65664a2b760cf385302947c2549ac78eba,17171717170b170f,
dataset/train/notumor/Tr-no_1054.jpg,notumor,no_tumor,3,train,b0e9017dfd12e7f886c4e202b2a5fb6b07c889c427d0ddc541b1b3ca214e859d,0d0f17333337170e,
dataset/train/notumor/Tr-no_1055.jpg,notumor,no_tumor,3,train,dc811fda9f7bc3506f21d4094da84c5e3a81d3878b28967b830536fda342a33e,0f0723232b230f0f,
dataset/train/notumor/Tr-no_1057.jpg,notumor,no_tumor,3,train,fb32f456cca40bf1867369a4abcae84ff15d634bc56637a568d09449114f95ae,960707073337178e,
dataset/train/notumor/Tr-no_1058.jpg,notumor,no_tumor,3,train,24d874e516a3da5ce8ada80135a0a62c8474538f72f098ad9d3e7ff794595f35,0e0f2b2b2b2b0f8e,
dataset/train/notumor/Tr-no_1061.jpg,notumor,no_tumor,3,train,743457a3776a3e16f567e63bfda50f51e5a4f2eeef0f5f7bd8904c0d90387cdb,870f2b0b2b332f1f,
dataset/train/notumor/Tr-no_1062.jpg,notumor,no_tumor,3,train,dd1bcc161b9ba29c97ec751de774e8d7e8b7e3d89798d0e915697d92f9925531,0f2b2b6969652b17,
dataset/train/notumor/Tr-no_1063.jpg,notumor,no_tumor,3,train,3fcd47df13022dff9310847e66344a301655fc62a565598336433f9c098e5074,170f2b2b3b69070f,
dataset/train/notumor/Tr-no_1064.jpg,notumor,no_tumor,3,train,fa0c1c4fb6eabf57c61ae1afd2f24efd5aa69d47a6df7d468579cdee91a86c8a,0f2f33230b290f87,
dataset/train/notumor/Tr-no_1066.jpg,notumor,no_tumor,3,train,c5482c04ad0af03abc08de261901fdaa6811a99ca11a270e8dc89c550e3ccdfa,4d06171717330f4d,
dataset/train/notumor/Tr-no_1068.jpg,notumor,no_tumor,3,train,d22f76ae6780bc947ddeb36446b3bb97bfcc5ada33b8db69753949c9d214111a,0e0f071733330f0e,
dataset/train/notumor/Tr-no_1069.jpg,notumor,no_tumor,3,train,fe20d08e5475898e9b66661cddbe32d6d006438e57c36cd87be27b8dd9c0676d,0e1607072323178e,
dataset/train/notumor/Tr-no_1070.jpg,notumor,no_tumor,3,train,ee17905768c01705c6abcc330d664f063c5ceada4e3ea6722be796cc9bc9986f,0e1707072323178e,
dataset/train/notumor/Tr-no_1071.jpg,notumor,no_tumor,3,train,a8bf58f1fee6cc15adfbbbbe78513606502269b917a52dfe0991621ad5ba401c,0e8f2b2b0f0f0f8e,
dataset/train/notumor/Tr-no_1072.jpg,notumor,no_tumor,3,train,23a839738271bed355a592894783aaec5b225a7ea883e26b116b63a6edb819a1,061f4b6927552f17,
dataset/train/notumor/Tr-no_1073.jpg,notumor,no_tumor,3,train,3e66ecd9f2d07394ea13b8f2ce9212677a14aea1066e13a1445b00cbc59b998e,1e0b2b2b17552f07,
dataset/train/notumor/Tr-no_1074.jpg,notumor,no_tumor,3,train,46e2b5f4f2ffc80a80a948ac0d47a6c41f183f9edcd26e81408bb56f1b78bc3d,9e335d4d4d55178e,
dataset/train/notumor/Tr-no_1075.jpg,notumor,no_tumor,3,train,2d07d5dc31a6f83f8119f83bb45d75666c3b905eafab47609e407daf9951fd4a,8617171733331717,
dataset/train/notumor/Tr-no_1076.jpg,notumor,no_tumor,3,train,7fee25502789cdb5539576d02fe3aa3ee9789559ded65b8fc7d67606d69f7ff0,0e1607072323178e,
dataset/train/notumor/Tr-no_1077.jpg,notumor,no_tumor,3,train,de08225737a2a8a8ddda2e0684baa925356b9c0fe77585f2992a0980398c2d07,8e0e2f2b0f170f8e,
dataset/train/notumor/Tr-no_1078.jpg,notumor,no_tumor,3,train,84acb850a9c5348cd00623122246c83dffd727e007aedc1d484e39d06e784c6f,8f0b33332b2b078e,
dataset/train/notumor/Tr-no_1081.jpg,notumor,no_tumor,3,train,b396caa83da170f384de32368fd40ab0fbb00232e12fd2b463eddff69741af44,4c8e2b2b2b2b0f8e,
dataset/train/notumor/Tr-no_1082.jpg,notumor,no_tumor,3,train,ae511b11b26309a2e60432852cb26d6b019057fc2aab35867badf8af04daa3b6,0f0f2b2b0f0f0f0f,
dataset/train/notumor/Tr-no_1084.jpg,notumor,no_tumor,3,train,f2d9f0979df98ce2e4aab669d3c141ca02ebce9eb15775267bfd6d4eae2a7d7f,861733333329178e,
dataset/train/notumor/Tr-no_1085.jpg,notumor,no_tumor,3,train,912cec46265a5793dd381105a63596ed462bb13e92cd61b8dc51c942a5f063fe,0e1717b7b6961533,
dataset/train/notumor/Tr-no_1086.jpg,notumor,no_tumor,3,train,d09b93a696c411e0ef88f7c979f07cc83a82ff8e5c468c186ae253dd8fd38127,9e335d4d4d55178e,
dataset/train/notumor/Tr-no_1087.jpg,notumor,no_tumor,3,train,01d1c6fbd532ffcffc8e8a12c8ce33f0f06a18d934e6a8eefd129837a318346e,260f37333333370f,
dataset/train/notumor/Tr-no_1088.jpg,notumor,no_tumor,3,train,9af05acd768793e89fc6776c3af838b0bf0747cfc3a3737e1cd3af44ea09c930,4c8f17171737170e,
dataset/train/notumor/Tr-no_1089.jpg,notumor,no_tumor,3,train,41d847d03ff8e8a80fde982029492adf6c622dc7d78fad2db48b14287c552296,280e06171317064c,
dataset/train/notumor/Tr-no_1090.jpg,notumor,no_tumor,3,train,f90baa21f7026f0f5c8595cb4c58a728618b80c679b18dbb42f4e77420262ac5,0e0e17170f0f0f0e,
dataset/train/notumor/Tr-no_1092.jpg,notumor,no_tumor,3,train,d56567916b5975d9f260f61a4cad99040696bd105293112af3d703c4bec42feb,17173333173b0707,
dataset/train/notumor/Tr-no_1094.jpg,notumor,no_tumor,3,train,df46c96890474f2ec5f08aa2c32e6bc1c6b5685f8b913501f954a515a6de02fa,9f1713333317330f,
dataset/train/notumor/Tr-no_1095.jpg,notumor,no_tumor,3,train,2ed15a662d8dcdf6077f3bf8bb4d21722e2a3b90ff2cf194db18b75933a4d322,0e1717173717170f,
dataset/train/notumor/Tr-no_1096.jpg,notumor,no_tumor,3,train,6e643c3263775b4637ad4e11620277c6ac65dcf63996826f76cac2dac5d8afdc,0e1733737323270e,
dataset/train/notumor/Tr-no_1097.jpg,notumor,no_tumor,3,train,4de73fbc94cb122829e9387d79a8260ac35bbf5f63e835c61764fb14cdbe2dfe,0e0717131335170e,
dataset/train/notumor/Tr-no_1098.jpg,notumor,no_tumor,3,train,5f8f1678ad394004fd0283ca2aeb020b78da7f0aac58e3b31a34e7384be7d479,0c0c0e16160e160c,
dataset/train/notumor/Tr-no_1100.jpg,notumor,no_tumor,3,train,6b73dc365fbc93ff66b40c68f2e5cd259e650193088389a5f1b968b8c537f4f4,37232b2b0f0f0b0f,
dataset/train/notumor/Tr-no_1101.jpg,notumor,no_tumor,3,train,e9a63334af63a2ec8cab2149ec091466c60df5fe115cf36cc30c9304dacbb376,8f2b2b6969552b17,
dataset/train/notumor/Tr-no_1102.jpg,notumor,no_tumor,3,train,17bd1588f84aafbccb846c974ae1f24cef5ce6f0fc0f32a4417af50bfe9f52cd,0f0f2b290f0f0f0f,
dataset/train/notumor/Tr-no_1103.jpg,notumor,no_tumor,3,train,a8d8bd68e37588a5be079ea92de410d9097988aea40552f6fd08ca44a7dd6c74,0c0e2b2b0f17070e,
dataset/train/notumor/Tr-no_1105.jpg,notumor,no_tumor,3,train,16d05c87bffe4fdd3313816728a6bcd3dbf3fa69a337a261937bffff184828dc,8e17373216b3551f,
dataset/train/notumor/Tr-no_1108.jpg,notumor,no_tumor,3,train,b7c27d5f1a82137601cc7630779fe2aa120bd9cfd9ddf3a2607c86255de7c9f0,1e1e17173317270e,
dataset/train/notumor/Tr-no_1109.jpg,notumor,no_tumor,3,train,6a4b29fe5a2a1f98fc7e9f7c0a0f4af0b2f44ba0937e81a87d18a666d167ae91,cc171733231b0b8e,
dataset/train/notumor/Tr-no_1110.jpg,notumor,no_tumor,3,train,7703b9670ac9265886cbf62735e2ff074c1507a654573807d0a8468a54c89dd7,0f2b71514d692b0e,
dataset/train/notumor/Tr-no_1111.jpg,notumor,no_tumor,3,train,cf67016627aedb51ffebc80d18bd21cba9dd61030788044907229b758e75d004,0e17173733371f0f,
dataset/train/notumor/Tr-no_1112.jpg,notumor,no_tumor,3,train,c3da82d44359f4a1507b3e235886d2e0e555d0d31fb27a32bb20e6937d401dfc,37232b2b0f0f0b0f,
dataset/train/notumor/Tr-no_1113.jpg,notumor,no_tumor,3,train,f932387c00c74ebaede60e0b5e0d79dbff6b944e066d510f4c95834f05050e3e,4d0f0b0f0f0f170f,
dataset/train/notumor/Tr-no_1116.jpg,notumor,no_tumor,3,train,49db0659a53802695ac4af817cff544f8034e7c9883a6751e0e321c86337f86a,0e0f2b2b0f072f8e,
dataset/train/notumor/Tr-no_1117.jpg,notumor,no_tumor,3,train,2ad6ffff97ce8cbfd5d4785955ea16a6ccf7090eb67a8015e47cd8902571b827,8e0f2f2f2b552917,
dataset/train/notumor/Tr-no_1118.jpg,notumor,no_tumor,3,train,3a34904d65c8cc7579373460050623901047e49eec67a5d635390374c5b48634,8c1e173717171f0e,
dataset/train/notumor/Tr-no_1119.jpg,notumor,no_tumor,3,train,1760da4ac516c8564bf06bc349176a1463dbb49f4de7b6d0b986ff015b96bd62,1713337371693307,
dataset/train/notumor/Tr-no_1120.jpg,notumor,no_tumor,3,train,1afec70a83c19e1f4fe2523c1470ec69528745d5c2e21a032d2eaba4b7595d90,1717333337231f0f,
dataset/train/notumor/Tr-no_1121.jpg,notumor,no_tumor,3,train,59050685601147d937789be7d96a7077bd2262f66146d0b1c72910d6fc14a53d,0f170b1717171717,
dataset/train/notumor/Tr-no_1122.jpg,notumor,no_tumor,3,train,9251febacd510bc6ab8fdebb28ac58c8db217df4d5e8af285a99547b2d3b8584,0e2b697161692b0f,
dataset/train/notumor/Tr-no_1123.jpg,notumor,no_tumor,3,train,a3d86920c0bc02e0c062091ab21078a4387ed519b881c89568ab969d3dc37d33,0e1717b7b6961533,
dataset/train/notumor/Tr-no_1124.jpg,notumor,no_tumor,3,train,ef8c79a52597147b71ba5d0e448c12f65b359f71a3222ba2f255c3205ab2abd4,0e0b594d596b1b1f,
dataset/train/notumor/Tr-no_1125.jpg,notumor,no_tumor,3,train,7adb02dafa127d16b635a76df10314f68ded12fa7a20457e4d666d2873a2130f,1e2b0b0b4f490307,
dataset/train/notumor/Tr-no_1127.jpg,notumor,no_tumor,3,train,2e9979eb629886f51f2e4b143f7526fe57537077b3bcb1bfd7d4ecad00b30547,8e0f17173333078e,
dataset/train/notumor/Tr-no_1128.jpg,notumor,no_tumor,3,train,b7217d07fe4b60f472aaeee4b36e8429d4a1685bbb9fd13c1d471835326e801d,0e0b594d596b1b1f,
dataset/train/notumor/Tr-no_1129.jpg,notumor,no_tumor,3,train,bd5b12c433485230720aa33032e1f6bd089702090481d7e56dccfa43435d6950,0e07071313353307,
dataset/train/notumor/Tr-no_1130.jpg,notumor,no_tumor,3,train,fd701e8cdd7a47b2b7198334e09d7947edf3d2efdd68b73b8d47282256f9f475,0d0723232b230f0f,
dataset/train/notumor/Tr-no_1132.jpg,notumor,no_tumor,3,train,4e2da5e2fcdf333fce0bc4b5c7f641178b6325c40c4d1119e609cf7dee719873,8e1717133313070f,
dataset/train/notumor/Tr-no_1133.jpg,notumor,no_tumor,3,train,7c103b082c141631e8475390a8b06ef7ef0cfba10e61cf2d4ce9dd1e2b08dfb0,4c17171717171f8e,
dataset/train/notumor/Tr-no_1134.jpg,notumor,no_tumor,3,train,220e62fca790bcec10dd87a812af63ee18019ee2a711dd3101602743e556b07b,cc8e0e0f0f179ecc,
dataset/train/notumor/Tr-no_1135.jpg,notumor,no_tumor,3,train,2779f5d9e97ff8a2283e34ab88a7e6de22c561367944758e2796f427fd2dddd9,8e0f2b2b2b0f0f0f,
dataset/train/notumor/Tr-no_1136.jpg,notumor,no_tumor,3,train,26cc2ac2fd2aa849ffdddc57eacb585a8fdbfe9824404a7d8860f46289571e80,8f2b2b6969552b17,
dataset/train/notumor/Tr-no_1137.jpg,notumor,no_tumor,3,train,aa66d8e967787f1f68a537f5300e72131b53cc4706620d41e67f74b1eb53d931,1e17151717170707,
dataset/train/notumor/Tr-no_1138.jpg,notumor,no_tumor,3,train,ef5addab9afd41d9a24d73711092b35f1610683975b03f80bff9d48d144970ef,000e071317170f0e,
dataset/train/notumor/Tr-no_1139.jpg,notumor,no_tumor,3,train,7a7fcfb55378e4367cb3f163dc510df7e4b5f95d8fee5e4407b6ef397d56e243,0e0b2b2b6d0f0f0e,
dataset/train/notumor/Tr-no_1140.jpg,notumor,no_tumor,3,train,4c2c103442bacc20c289e01799a028f732816b392a316671549e21810560ac30,0e161717332b0f0c,
dataset/train/notumor/Tr-no_1143.jpg,notumor,no_tumor,3,train,c46017f0fe39ce4146480f5c7b1cb6beca04b6ca042594726f12416fd2fdcab9,8e0f171733330f8e,
dataset/train/notumor/Tr-no_1144.jpg,notumor,no_tumor,3,train,b19b70050792743117c0ca8237e721b433a3d76b7cd1ae7e2bfaa50f73985957,170f053333231317,
dataset/train/notumor/Tr-no_1145.jpg,notumor,no_tumor,3,train,97b98afb01833015fe92bdb99c1b3c3b4837b5d11337b53471fa691d0e0fc0b8,0e0e0e171707161e,
dataset/train/notumor/Tr-no_1146.jpg,notumor,no_tumor,3,train,ca5a51914cad005d72af57fa6c9142fc9d650ca06ba23f3e839991c3fa4c8b36,4d06070f171f0f0d,
dataset/train/notumor/Tr-no_1147.jpg,notumor,no_tumor,3,train,9cb0bd6ba354991ae933b55af58ca040f3b8db01add876aba09159d7badd3599,0c0e162b2b0f160c,
dataset/train/notumor/Tr-no_1149.jpg,notumor,no_tumor,3,train,e3ea07d69e4b3242a2bc56046a2c9547c6e15d8169d3bdad7d4f8f9baf2a2442,0e0f2b0b0d2b078e,
dataset/train/notumor/Tr-no_1151.jpg,notumor,no_tumor,3,train,20b0c7de1c131e75deff54e8f0c51eef6c48116cdcbf7bb1f47fc7e4c7f07ab1,0e0f2b2b2b2b0f0e,
dataset/train/notumor/Tr-no_1152.jpg,notumor,no_tumor,3,train,65171c43207bd38c794fd14bf5f513325e8a4fe207f71539009bfb4f78b347d8,0c16171717170e0c,
dataset/train/notumor/Tr-no_1155.jpg,notumor,no_tumor,3,train,79b6fe05b46ee2a734c4da64cd109bc508bfd1b76f46e9c496dbb406f86139f9,0c0e0e0b0b0f0708,
dataset/train/notumor/Tr-no_1156.jpg,notumor,no_tumor,3,train,2cd1096a6415c70403948e7aaac0694451619850a4ce545b4f9134b06401248b,961717171703170f,
dataset/train/notumor/Tr-no_1158.jpg,notumor,no_tumor,3,train,d62ef020a79e42be55f4a6977457753c11364c69c1a842aab749f45b910a348f,8e1717168713170f,
dataset/train/notumor/Tr-no_1159.jpg,notumor,no_tumor,3,train,39c0884fa9dfa4bf3e2464f41480e240ad7db4eded8a5b1ced54c772956746e1,170f070707331717,
dataset/train/notumor/Tr-no_1160.jpg,notumor,no_tumor,3,train,0f89225efd176c55d0a06bdeb4c54b455a42921f86aa1f41deebc23f32e9275c,0e0f2b2b2b2b0f0e,
dataset/train/notumor/Tr-no_1161.jpg,notumor,no_tumor,3,train,4984bb79a4b6f8bbe65f017c74fd7c1dce3f24d94cc9d33f92e22b441a0866ca,0f2b2b2b652b0386,
dataset/train/notumor/Tr-no_1163.jpg,notumor,no_tumor,3,train,8d1b8cb2975b43db869caaecbffd11f51651b6c25d35928f84cc295215cfb822,0e0717173333178e,
dataset/train/notumor/Tr-no_1164.jpg,notumor,no_tumor,3,train,da9ef6cef60bdcf63e1cb2c07ebe5bfb5a1c08c74dadf280915d55d7c3e36d9a,1e0f1313132b270f,
dataset/train/notumor/Tr-no_1165.jpg,notumor,no_tumor,3,train,0df4c84f9c3a7e9fab1197ba6b9f31d1be65429c719ee296b7c884b51f2e9c60,0e0f071333330f0e,
dataset/train/notumor/Tr-no_1167.jpg,notumor,no_tumor,3,train,f305c895d86e72b70bdf6f2821e2a2b6aecfc7e68439909484bcf3f31309152b,4c8e07170b0f2b86,
dataset/train/notumor/Tr-no_1168.jpg,notumor,no_tumor,3,train,76d577713f1cf4414f780058f2079f7e6446aba86e89a86d7dd36401ca79a727,4d06070f171f0f0c,
dataset/train/notumor/Tr-no_1169.jpg,notumor,no_tumor,3,train,8a05324c1e59d079c88ad71e484739999eab506d3e7eb1bca857264329113b94,072b6d6d0f332b17,
dataset/train/notumor/Tr-no_1170.jpg,notumor,no_tumor,3,train,90b09a698e88ffae221f5f5c0c732e7a17e93387b4e91fc0be28b3aa3b91ba33,0f2b6d6d4d370b1f,
dataset/train/notumor/Tr-no_1171.jpg,notumor,no_tumor,3,train,affc1b4d529e3c1f06052e6fe5d27ef659071f0c1b14b4197c6d2c4f30ae93bb,960f2b2b69552b0f,
dataset/train/notumor/Tr-no_1172.jpg,notumor,no_tumor,3,train,7b7215fe7c1ff69732f367c385a03875e532d020bfed81085759df47199c21b2,0c0e0e0b0b0f0704,
dataset/train/notumor/Tr-no_1173.jpg,notumor,no_tumor,3,train,1cc081e753d825a7a043b7968fa48c166d3518426790468025d6674794791327,8f0f2b1557652b17,
dataset/train/notumor/Tr-no_1174.jpg,notumor,no_tumor,3,train,a8155f8b8f640f8464b58a380026d01471800d15e76cbfd9678848d669c7e3a7,376b61d5d055690b,
dataset/train/notumor/Tr-no_1175.jpg,notumor,no_tumor,3,train,29504dbbe42208cd4a37cf150c088b005656454befe4015caa1a94c2b2d7c0eb,0e070f0f0f1f0b06,
dataset/train/notumor/Tr-no_1176.jpg,notumor,no_tumor,3,train,96c0b12ceaca65c8647e28dd45d269f3c320b99784bad067ebaf03f1c264a11d,080e0e2f2f0f1e08,
dataset/train/notumor/Tr-no_1177.jpg,notumor,no_tumor,3,train,8df1125bc5a3901ae602be99db7d676e79744a93eb6ed69de91b86cdb087a7a1,8e0f2b2b272b2f8e,
dataset/train/notumor/Tr-no_1179.jpg,notumor,no_tumor,3,train,840e12a9d0fc509d61fab11db74d1716234312bd96939b632e19b8f102ace3cf,4d1e1f171717171f,
dataset/train/notumor/Tr-no_1181.jpg,notumor,no_tumor,3,train,c3f2d52e1a996bea716774c0051492202d3bdf76fdb53f9ade2b5c6289a6cb36,4c8e07171f1f1f96,
dataset/train/notumor/Tr-no_1182.jpg,notumor,no_tumor,3,train,dfbba0fc3e25b2cc10d6fde8faf975c6f475baa770ede5ea3fd1e495995736ef,0e33717054752b0f,
dataset/train/notumor/Tr-no_1183.jpg,notumor,no_tumor,3,train,7b73d6019deb1482bc5fb7027f12719bea983c8eb0b0c0f3e95feb61c90fafb3,8e17171733333706,
dataset/train/notumor/Tr-no_1184.jpg,notumor,no_tumor,3,train,3aba3fb7333c274490ed972905597b9be21c9413803816f4e0d7db2886d8544f,161f2b1717070e0e,
dataset/train/notumor/Tr-no_1185.jpg,notumor,no_tumor,3,train,a2e2c286c831cecbc9b4711f56aca139a9448724de18021654032784414fafbe,8e8f133b2b178f8e,
dataset/train/notumor/Tr-no_1186.jpg,notumor,no_tumor,3,train,86f1acd7e6ff5e5f800ac718af1deee21ed2029aa3759cf5d931c3957d21d547,0f2b2b2b652b2386,
dataset/train/notumor/Tr-no_1187.jpg,notumor,no_tumor,3,train,0c7d7e3362db30d84b34cfcc2a6eee4c6246d6150c52bf4fea0d900d24bfbeeb,8e0e37232b170e8e,
dataset/train/notumor/Tr-no_1188.jpg,notumor,no_tumor,3,train,8530b175ac1df0c0a4f09e325732cee2ae63b42d144b702648d8e6fcb47559bb,8e0f2b2b2f2b2f8e,
dataset/train/notumor/Tr-no_1189.jpg,notumor,no_tumor,3,train,56d1040bd866a4d323a2c51a67f8be4d46b499d9271187f5a56ad5b2576dce45,0e0e0e16170f060e,
dataset/train/notumor/Tr-no_1192.jpg,notumor,no_tumor,3,train,1282b728ea8af80b1d72048d4535d7dc555e03caad8f6a8bd5deb03f9f3084e6,0f2f33230b290f87,
dataset/train/notumor/Tr-no_1193.jpg,notumor,no_tumor,3,train,c0c1366974fcbed4ecea76ba9d2b8043a44168dcf522ea6e6bd9ab9dbb857d38,0e1607072323178e,
dataset/train/notumor/Tr-no_1194.jpg,notumor,no_tumor,3,train,23ad945a2fba6972b2eaa9c6983f7b4cae45bb6573c7ba34d8372a06657e8c4b,0e0717173333178e,
dataset/train/notumor/Tr-no_1195.jpg,notumor,no_tumor,3,train,71e009bf2b7388807dc1a7ea4543c59669e6e051b4f704c9fb7ad64e25ec2d4e,ce0e0f0f0f078fce,
dataset/train/notumor/Tr-no_1197.jpg,notumor,no_tumor,3,train,9e38578d8d8cd7dd19b789f441377e08abca23b363e785afdf8e0412d9129fbc,8e0e2f2b0f170f8e,
dataset/train/notumor/Tr-no_1198.jpg,notumor,no_tumor,3,train,dae58f5faefd3a8b904e12f207a380d75a02f5ad558b2c5076cf84a2d5f2dff2,0e0f071333330f0e,
dataset/train/notumor/Tr-no_1199.jpg,notumor,no_tumor,3,train,4899e88fcfb9cbc13d3b4bc9528a1bcad65d42500b08a83f2de83e9dc8337b13,8e8e373733278f8c,
dataset/train/notumor/Tr-no_1200.jpg,notumor,no_tumor,3,train,bd8280d85bf403a6647487a1911e3045e1b4a094a01de18aa0c3ef67c6fd0f3d,8c0e0717572b3b36,
dataset/train/notumor/Tr-no_1202.jpg,notumor,no_tumor,3,train,fee5edb18380168ce398b6a4662ec6d59d79cc787aaa5640b9c5a78aefbf50e5,0c160e16160e0c0c,
dataset/train/notumor/Tr-no_1203.jpg,notumor,no_tumor,3,train,7656c4aaa80937bc0135b900897e98862c15ef668d9db3c301d81bd05bae1cdb,0733697173331317,
dataset/train/notumor/Tr-no_1204.jpg,notumor,no_tumor,3,train,3c640c679ff2cd9f0c59d6f7bb94057122a7a0753c9f9eb5a5c4a73daeac8bbb,1717333317171786,
dataset/train/notumor/Tr-no_1206.jpg,notumor,no_tumor,3,train,7885b62a460199a352cb9df4117bae2b9cd9b2354614805f1b17bcf2cbcbe5e2,1e160717170f0e0e,
dataset/train/notumor/Tr-no_1207.jpg,notumor,no_tumor,3,train,f71a379e1d54e9eea8f531389fabc0915f6bdd6dba69659bc21b2ee2de9b6b32,2375aab2b2331d03,
dataset/train/notumor/Tr-no_1208.jpg,notumor,no_tumor,3,train,6b5118bc2c05b7d260c614a5b1f8e15edd4cf7ecf687ebd1b30049df1c3c10b7,0e0e3b3b2b2b0f0e,
dataset/train/notumor/Tr-no_1209.jpg,notumor,no_tumor,3,train,b944ccb1f8b4c09fb5231419837ef912d06e10d001ef0768cfc227c0e80d8e7f,0f2b2b2b512b3b1e,
dataset/train/notumor/Tr-no_1210.jpg,notumor,no_tumor,3,train,007df4da163eb3bd3f644512714535c2b7775e0d031d67c6409e5f6ce494191d,8e2b0f0b170f8e4c,
dataset/train/notumor/Tr-no_1211.jpg,notumor,no_tumor,3,train,e55bb9a6583a9504dbc7db02b03c81ff314943755f5b14faf4b405a61daf4edc,860b1f0f0b0f870e,
dataset/train/notumor/Tr-no_1212.jpg,notumor,no_tumor,3,train,f7bffee7b1c763bff3321b1a66dd57ece595f11fab1238839c6bcdfde2f53999,8e0f2b2b2b0b8f8e,
dataset/train/notumor/Tr-no_1213.jpg,notumor,no_tumor,3,train,22172f933e947add6f66a689d6924fc7dbfbe7824d31779d5755e4c5a2faf349,172b5569692b2b8f,
dataset/train/notumor/Tr-no_1214.jpg,notumor,no_tumor,3,train,39b8c88b93b1b64f6b83da51843937c211ae28c489edabeedf694959f7d80b1b,0f171717171f1e4d,
dataset/train/notumor/Tr-no_1215.jpg,notumor,no_tumor,3,train,46b3792a79c61057a09aff260024f7919e41e13308a1417dae4d74785cb5da35,0e0f2b2b2b2b0f0e,
dataset/train/notumor/Tr-no_1216.jpg,notumor,no_tumor,3,train,c48e0a107f985bec88dd81d6f27432ad61539aa516c4396a71fe9e55cdce351d,8c8e37371717868e,
dataset/train/notumor/Tr-no_1217.jpg,notumor,no_tumor,3,train,7a5a26a0032039fc8f9ee00aba86460ae5a65edf95e3febadb9bea5baf5b5e31,0733313173131f1e,
dataset/train/notumor/Tr-no_1218.jpg,notumor,no_tumor,3,train,5251cbe73ab9ba7b7c06c268b4c46b8741b7655d52eb5210373cc470ced739fb,0e0f2b2b0b0b8e4d,
dataset/train/notumor/Tr-no_1219.jpg,notumor,no_tumor,3,train,7e9376ca19b889811fd5c904b731fdea1e313413ee1ac882008847ae926d2773,1733313173131f1e,
dataset/train/notumor/Tr-no_1220.jpg,notumor,no_tumor,3,train,96152c5bfbd1d53c62398db5e62854e91456ab467fa5c504cce204ee4b6b0646,0c1e1e1e1f17160c,
dataset/train/notumor/Tr-no_1221.jpg,notumor,no_tumor,3,train,29640e5630fc34bacfcabe9e4669020c44be5f2223d93432b4b89df1077126bd,3b4713b2b2aa553b,
dataset/train/notumor/Tr-no_1222.jpg,notumor,no_tumor,3,train,138da28f706b893f2bbc65877117e7c456ff3df7d406b2b065a710027b92c050,0f0f0d4f2b2b0f0f,
dataset/train/notumor/Tr-no_1223.jpg,notumor,no_tumor,3,train,216effa15cdd3f403ec9c5423d503cb8081c11123e02952b2068fe80b68eef4d,0f170b1717171717,
dataset/train/notumor/Tr-no_1224.jpg,notumor,no_tumor,3,train,ca06f964bab906298da01a46237016884198562f55086c0e465f7a9aa23228a0,1e1e17373317270e,
dataset/train/notumor/Tr-no_1225.jpg,notumor,no_tumor,3,train,cec34d92b64b61517c2c75bbd070177af3e5262b739b36e90d82f646277bf762,0f0723232b2b0f0f,
dataset/train/notumor/Tr-no_1226.jpg,notumor,no_tumor,3,train,7a3b3888385d027b2be2fe13b89c7998edab72283cef267944fff8ca7f7a09b5,8617171733331717,
dataset/train/notumor/Tr-no_1227.jpg,notumor,no_tumor,3,train,389a371de918ef6f7e1f4088657a2845c37e655c5c2472bfd2238a0c4eb2933e,0e0f17131337170f,
dataset/train/notumor/Tr-no_1228.jpg,notumor,no_tumor,3,train,c97a66ac98a7dae4dcba99e0d895143ddb9c8f46fdb14db0ddfff6a3773fae24,cc8e0e0f1f179ecc,
dataset/train/notumor/Tr-no_1229.jpg,notumor,no_tumor,3,train,57e19ee1d04c819eee04405b306af18fea897e93d6795984e32138f7b215c3a3,0e0e0f171707161e,
dataset/train/notumor/Tr-no_1230.jpg,notumor,no_tumor,3,train,bea200d27010c2b30d2c813ffef8686efd02924314cba7d72b9dcb333c8a59f8,071d33b2b2aa752b,
dataset/train/notumor/Tr-no_1231.jpg,notumor,no_tumor,3,train,6aa103ff2ff051edcb48349b226b15b64fc0ae5382a33de8339f31429b899d41,0c0606060616160c,
dataset/train/notumor/Tr-no_1232.jpg,notumor,no_tumor,3,train,8f4c7f1f6533019316f71d734eeca9a4f4cb5b066bf91295d7ec98e4e7223e68,0f1f37331717170e,
dataset/train/notumor/Tr-no_1233.jpg,notumor,no_tumor,3,train,2e8a7a42d1d1b5cac0644c89fbb29a570ae282b9ef66500f8340ec8220468367,4c8e0f170b0f2b86,
dataset/train/notumor/Tr-no_1234.jpg,notumor,no_tumor,3,train,9c0af8a60f4c1f8db7b4635e8a9394221f54b5af4a862bb7d3b3029958ef7709,0e0e3b3b2b2b0f0e,
dataset/train/notumor/Tr-no_1236.jpg,notumor,no_tumor,3,train,a965bc16995def531b0b94dcf46eb46ebcb15e1c485efebcaed5081aea06b23d,0f0723232b230f0f,
dataset/train/notumor/Tr-no_1237.jpg,notumor,no_tumor,3,train,e5d0461d84fcaff5702c3ceab42d533eb7fcfde3242579d9862bf2262609c6c0,8e86171737378e8c,
dataset/train/notumor/Tr-no_1238.jpg,notumor,no_tumor,3,train,68e4a6e2fa36af0cda6ca472fd6f94eb84b7fbc4d808032b0ebf9952727c164d,1e1f137331313307,
dataset/train/notumor/Tr-no_1239.jpg,notumor,no_tumor,3,train,5e74a27d2103751a8dc39c59bc9a8effacb82c3914a6fc78c2d55e3c77703f84,1e1f137331313317,
dataset/train/notumor/Tr-no_1240.jpg,notumor,no_tumor,3,train,49162a07e2f8acbe34d48d550a1cb52fd3c916136d7d4988e4d0db5595aaee47,0f0f2b2b4f0f0f0f,
dataset/train/notumor/Tr-no_1241.jpg,notumor,no_tumor,3,train,580738fcbb7a6e65340fbdaea4ee0132ec6bacde94a82139d80c5cd4d9291524,17171717170b170f,
dataset/train/notumor/Tr-no_1242.jpg,notumor,no_tumor,3,train,d47e918928c4d21e7e6d266c1ce4013a9a99a0417eeca7680abdf3ae56ebf713,cc17173333270f8e,
dataset/train/notumor/Tr-no_1243.jpg,notumor,no_tumor,3,train,7fb3ddbb14d06fc17f27a24c124031463b8a5d410877d272495a460de1c5b841,0c0f17333313178e,
dataset/train/notumor/Tr-no_1244.jpg,notumor,no_tumor,3,train,b40c80842358663ba771d188038e44454bf6fcb5654ba953a6a2b946f9c65c3f,0e17173733371f0f,
dataset/train/notumor/Tr-no_1245.jpg,notumor,no_tumor,3,train,ced1f6dc23395c225b054892148e05199b79c670894f000606f1a6ffe32f5a8b,0e0b494d496b1b1f,
dataset/train/notumor/Tr-no_1246.jpg,notumor,no_tumor,3,train,c147c084cf14afcea5ea73fb631b934a52626df039f6c43f08f9c17c94c683fa,0e0623232b2b0f0e,
dataset/train/notumor/Tr-no_1248.jpg,notumor,no_tumor,3,train,91a564e72b7cd02bfd3d14592d0ac4ad84ee2b8e44bc5c1479f269e2f1ef0acd,8f2b2b6969552b17,
dataset/train/notumor/Tr-no_1249.jpg,notumor,no_tumor,3,train,7fc77a030dc7e2098bc82150d298940040ab470f13fc7eeeb0e5bb876e767b84,0e0f2b2b2b2b0f0e,
dataset/train/notumor/Tr-no_1250.jpg,notumor,no_tumor,3,train,2a85269a7484f04608c93c57c46bfd8f28a0c411189cd5cb2d1eb4e13be1a42a,0e0f0f373333070e,
dataset/train/notumor/Tr-no_1252.jpg,notumor,no_tumor,3,train,7adf2a6f7adfa45e65caf2818e2afccca62b96c370a254de3c860a154cc756f4,8e8f133b2b078f8e,
dataset/train/notumor/Tr-no_1255.jpg,notumor,no_tumor,3,train,9abc17e36fae0216bb2b2fe2829af1d92f05cf2db522947070e88f7ade9f266a,0c1e1e1e1717160c,
dataset/train/notumor/Tr-no_1256.jpg,notumor,no_tumor,3,train,dea6f3f009b126786a8925318e2b68d65826027cfe27a9fa235bf07941c641b5,0e1607072333078e,
dataset/train/notumor/Tr-no_1257.jpg,notumor,no_tumor,3,train,76fed85a9d67e5a53edc77a0e9bf18c9a7aaf09998e3bebaabdb91797b94eb4a,16330f1b3313070e,
dataset/train/notumor/Tr-no_1258.jpg,notumor,no_tumor,3,train,da242ce7b5523961d341ba274f4e87382e856a8223aa0e4793000ae2c8b4ed40,4f0717173337078e,
dataset/train/notumor/Tr-no_1259.jpg,notumor,no_tumor,3,train,0e54ec08409065096e291e346de78227b99ea5f0daca1f6fc968ea87d444eff6,8e9e171713138ecc,
dataset/train/notumor/Tr-no_1260.jpg,notumor,no_tumor,3,train,b2fd5ee388ee55d2379d51713bed67a7cca266291e8f3a8c6a1fbeef449f49e4,ce0e0f0f0f0f8fce,
dataset/train/notumor/Tr-no_1261.jpg,notumor,no_tumor,3,train,f6b0c61bfa2a0607ee37ff9b1fc7c3dd37e5bfd3ea501e37a443bac568293de0,8f0e2f2b2b2b0f8e,
dataset/train/notumor/Tr-no_1262.jpg,notumor,no_tumor,3,train,6ee6a66bde9c2bdff02b49daeceec936aa338c75df519148b7255a391d4a7c2b,8e0e373733278f8c,
dataset/train/notumor/Tr-no_1263.jpg,notumor,no_tumor,3,train,94d9a27262d2e96031f87785b92cd3bb889216e5a16f27c07064ec37e8489c14,8e0e0717172b3b16,
dataset/train/notumor/Tr-no_1264.jpg,notumor,no_tumor,3,train,a85697f68f9915cb255d94d8fd874b23aaebf2ef6f89eef06521cc9a16af32d7,0f0f2b2b0f0f0f0f,
dataset/train/notumor/Tr-no_1268.jpg,notumor,no_tumor,3,train,7eea0661786fe6467878af7385145e28c36462c18a4bf4388c99aebe85248792,0f17133737170f8f,
dataset/train/notumor/Tr-no_1269.jpg,notumor,no_tumor,3,train,eb24722154a51b65511c985ab4989d7b85d6da4c4b92118c9d451589e22ed859,2b51aab2b233471f,
dataset/train/notumor/Tr-no_1271.jpg,notumor,no_tumor,3,train,ba0eb3efd6559c9ca78d043c9e7d29646f87eda93d6e0966b0b4e2edbb74f210,060f373173733316,
dataset/train/notumor/Tr-no_1272.jpg,notumor,no_tumor,3,train,f015cab76c9b8378ef66902ba7829a46925e85719d87f78b3be4dfd897e4ba70,1e2f070f2f0f1e8f,
dataset/train/notumor/Tr-no_1273.jpg,notumor,no_tumor,3,train,3780abe010fcbb94ea719d0b01278f42e93c9f838644b4463cc0f57bdebb152b,8e0f2b2b2b2b0e8e,
dataset/train/notumor/Tr-no_1275.jpg,notumor,no_tumor,3,train,414705b05592d4ac130c7e518f8ed6372819e8be0b7d6e6d7a706fb96503047b,0f0f2b2b3b3b0f0f,
dataset/train/notumor/Tr-no_1276.jpg,notumor,no_tumor,3,train,b2b557367e280104aa990ff5b1116471c9a0895e48c6bad01725b8b14c138fb2,0e0f2b2b2b2b0f0e,
dataset/train/notumor/Tr-no_1277.jpg,notumor,no_tumor,3,train,1e8c600c9e7421f1308e2d10a8854ba8b86e52d312dbce15358948bcc9c901fd,8c0e13131717968e,
dataset/train/notumor/Tr-no_1278.jpg,notumor,no_tumor,3,train,02c2f0e942534a18965e8bf30f8d17df35b265d5587e8c920d8faed6032e537b,1633737331370706,
dataset/train/notumor/Tr-no_1280.jpg,notumor,no_tumor,3,train,6ce57e5943e2753a1642f6520d7b0b783af337fec0623e2cd4a8c604c17550c6,0f0f0f0d2b2b0f0e,
dataset/train/notumor/Tr-no_1281.jpg,notumor,no_tumor,3,train,fb431dc337cae81d48acf600434614115bb4e972a550395b396ff317f8e8523d,0f172f1717171717,
dataset/train/notumor/Tr-no_1282.jpg,notumor,no_tumor,3,train,73b8d229e52865c8ca3bf6f214c69544c4167f759f1562de40c89947fd7422c5,0c0c0e16160e160c,
dataset/train/notumor/Tr-no_1283.jpg,notumor,no_tumor,3,train,d10c29554c3eccaeaeff28573a81c71ea09483c27b23ab67693d5e2c1eb8509d,0c0e2f2f332b0e0c,
dataset/train/notumor/Tr-no_1285.jpg,notumor,no_tumor,3,train,8927ebe063a6ae13a712b63337c07ee2ed17c1f68e4644f1acdd2f9189c27e43,0607171333171b0e,
dataset/train/notumor/Tr-no_1286.jpg,notumor,no_tumor,3,train,96d55b46d8270ad1b4aceb9069ba23ce65ec2b1c4a9a9763062729715d0e48a9,173733317169331f,
dataset/train/notumor/Tr-no_1289.jpg,notumor,no_tumor,3,train,2da4892ae42747cfdda846378af2e16282996d376d758a5700e8a2c297080a33,8f0f17373313170f,
dataset/train/notumor/Tr-no_1290.jpg,notumor,no_tumor,3,train,88a15f695036adbb23aa18fa0c77fd5a17a349df724e1f53d2048ee3436e60d6,8f870f17171f9787,
dataset/train/notumor/Tr-no_1292.jpg,notumor,no_tumor,3,train,e0c4e90be96ecadc5b633a6dea95cbafefd17bce417e81291ff9c6e778b621a5,4c8e0f172f0f2b8e,
dataset/train/notumor/Tr-no_1293.jpg,notumor,no_tumor,3,train,3f9bbd6bcf3ed8d611183024645200a6573970e6c04f9d1cd30e94c98b2bad58,8f1e0f2f0f072f1e,
dataset/train/notumor/Tr-no_1294.jpg,notumor,no_tumor,3,train,29bcc1f60d3f8c79fa3b19fc5de3a888957e0d834630ee95a519c17d35b056a8,000e1e1717170f0c,
dataset/train/notumor/Tr-no_1295.jpg,notumor,no_tumor,3,train,5865295199900345459fc27f5627714da942a67d44d5005f43fb7d31d1f6889c,060f373173733316,
dataset/train/notumor/Tr-no_1297.jpg,notumor,no_tumor,3,train,7f4893c200922446c40dee9b80d47b7db205c32fd75d613b7271baebb95886e2,4d06071717171706,
dataset/train/notumor/Tr-no_1298.jpg,notumor,no_tumor,3,train,ff327029647fe54de0a6bcf042b5f4914eb71fa7d60647fd6aafefedf9fc7fdb,0e0f2b2b2b2b0f0e,
dataset/train/notumor/Tr-no_1299.jpg,notumor,no_tumor,3,train,7910d64875068af85b6de1da00b6ded567df9fee073ee903f8b07d2e06b741bf,0e0e0e16160e1e0e,
dataset/train/notumor/Tr-no_1301.jpg,notumor,no_tumor,3,train,ce6093596321b795e9c3eaeddba59cf700e766b11731592c4d9389383b5598ad,0607373173733316,
dataset/train/notumor/Tr-no_1302.jpg,notumor,no_tumor,3,train,c69f02452d498465d7c2da27b4e04a64ddacd7f51bbb4e1cba181e4befa0913d,0d0e2f2f232b0f0e,
dataset/train/notumor/Tr-no_1304.jpg,notumor,no_tumor,3,train,bc802bac8ff69922680339822c1e173b9c28ad6979a1a648a314a4592ae828af,0e0f2b2b0d0f0f0f,
dataset/train/notumor/Tr-no_1306.jpg,notumor,no_tumor,3,train,e6b33fecf8045e0bc7abc70fc15eed83fa7e20cfd8af95ea96b02b46224f97c8,963345454757178e,
dataset/train/notumor/Tr-no_1307.jpg,notumor,no_tumor,3,train,c74e4880a72b8e540582bbbfa648f10a129b661651e61b23c7a0c8534e0229a5,3b55aab2b213473b,
dataset/train/notumor/Tr-no_1308.jpg,notumor,no_tumor,3,train,4580b59f02f21e9873f8183f2237a3e489d37061cfd2c4442c3748312af6a8b0,8f1717133313070f,
dataset/train/notumor/Tr-no_1310.jpg,notumor,no_tumor,3,train,a28f2397c962d7e4207c9239404af0ae174a5e5ef4045ad85e929ad58f721bf8,0e2b2b6969552b17,
dataset/train/notumor/Tr-no_1311.jpg,notumor,no_tumor,3,train,402fcfa164480358b2e92c40c9d41a18fbb132dca3a09cebe9a24d26cde2ea87,0e0f2b2b2b2b0f0e,
dataset/train/notumor/Tr-no_1312.jpg,notumor,no_tumor,3,train,781dec82f6af164b82ede227379741cc4cc898b14d0af1380c246d374caf3a95,0e0f0f1333130f0e,
dataset/train/notumor/Tr-no_1317.jpg,notumor,no_tumor,3,train,c2353df44f417f9e43873aef86e51eebd9d23863b94766834d210618b89b4b26,0e0e0e16160e1e0e,
dataset/train/notumor/Tr-no_1318.jpg,notumor,no_tumor,3,train,6bbd598920e7e8473cd34f3543be8a4d46b4f593ed26935de5daea9fbcbca628,0d0f3733332b1f0f,
dataset/train/notumor/Tr-no_1319.jpg,notumor,no_tumor,3,train,23a2be16cb8ca2772593b365bc3016b5c84aa1267e4fa2d82128678b29bd5904,0e0f2b2b3b3b0e0e,
dataset/train/notumor/Tr-no_1320.jpg,notumor,no_tumor,3,train,e69ab02cc85462e6194a6931db2759b14dd1298d708e1f854662d9b85c652397,0e1e17373333270e,
dataset/train/notumor/Tr-no_1321.jpg,notumor,no_tumor,3,train,f7dc467d49233a4fe34bc1a36369250a38a68d54042bc11bd45376cc78ee9bac,0c0606061616160c,
dataset/train/notumor/Tr-no_1322.jpg,notumor,no_tumor,3,train,925becfda8733c27027b4c4d6e38ad4ef8c0ba136177dbc9e1f0c54f7065ecfc,0c0f17333313178e,
dataset/train/notumor/Tr-no_1323.jpg,notumor,no_tumor,3,train,d1e83afe507db54907646f7b17ad524d821efa3e19343532712870a6c381b339,070b33332f2b0f1e,
dataset/train/notumor/Tr-no_1324.jpg,notumor,no_tumor,3,train,b1b258f417fb1dd61e6c530031e231bd351464c402ac80ada15642ed3cdbdf71,8e171f1f1b331f8e,
dataset/train/notumor/Tr-no_1325.jpg,notumor,no_tumor,3,train,d8239cea80725a8ab8c5e66dda7a6cd08f7834806edbd40efbdbc552f5cd446d,17330f2723370f8f,
dataset/train/notumor/Tr-no_1326.jpg,notumor,no_tumor,3,train,5320f1056b0c6bed19df56dc3cfdce2f415cc986ce67f2406514a5a9d7cedb40,0d1f171733131f8e,
dataset/train/notumor/Tr-no_1328.jpg,notumor,no_tumor,3,train,f96479a07b08255511c3e4df39eebb87ea3d6bc41c0b6a5ddb6f29462a6d22c9,8c8f0f0f0f0f0e8c,
dataset/train/notumor/Tr-no_1329.jpg,notumor,no_tumor,3,train,83d7a49f701e50fe38666dd108d3af0b6ef2128c0d6fde14473f39f07ff10197,0e8f0b2b2b2b0f8e,
dataset/train/notumor/Tr-no_1332.jpg,notumor,no_tumor,3,train,fd1cdad6cbf8fa8dc2f67f5bf931313042ab22e0246488d120a7d51a760e8875,1633737331370f06,
dataset/train/notumor/Tr-no_1333.jpg,notumor,no_tumor,3,train,9665a634778add156fdc68dd68695ced8f9fa37b606398dc169b31938aa2d7f2,0e8f1717172b2397,
dataset/train/notumor/Tr-no_1335.jpg,notumor,no_tumor,3,train,5668800a67d13c63586c08dfb5b7728ca279819f6112076bee641871d20063a1,0f0713331317178f,
dataset/train/notumor/Tr-no_1338.jpg,notumor,no_tumor,3,train,8e1c4b47069ea594a974470089f7e7487605e9bc636910af4a0596ddf52e2b03,8e0e0b2b23270e8e,
dataset/train/notumor/Tr-no_1339.jpg,notumor,no_tumor,3,train,7db498b0c0da45b720bf64225ab78d2bb03023c9fad87303f07758d7b549471a,1e1f2b712b2b2b0f,
dataset/train/notumor/Tr-no_1340.jpg,notumor,no_tumor,3,train,b0e0960d2e4272a386e30df5c6be4f226cd4401b5e5bfe4ad71035ab652b5c4a,8e0f2b2b2b2b0e8e,
dataset/train/notumor/Tr-no_1342.jpg,notumor,no_tumor,3,train,14ef06b0b1863b247fdd4e305826bf78df0d7861d7cf0d0cd2b3d0cb4fc09b3b,0e1717171733178e,
dataset/train/notumor/Tr-no_1343.jpg,notumor,no_tumor,3,train,35152f4387b20cf97412b154dc31133f1dab1f9c8b046a49f72e44cf63bf2234,171b6b594d590b0e,
dataset/train/notumor/Tr-no_1344.jpg,notumor,no_tumor,3,train,eed7c6503c6f5fa2b9c0bf17e4f1eb55835c5b71353c08842b4039c62f2289dd,0c0e2b332f2f0e0c,
dataset/train/notumor/Tr-no_1345.jpg,notumor,no_tumor,3,train,6961473365de7b6378f5572fe8556b980ca08140c23210c7d77533430fa904aa,1e0f2b2f33330b07,
dataset/train/notumor/Tr-no_1348.jpg,notumor,no_tumor,3,train,85c49c178011e38b128c46b38054f9e8d31a793ea56764be0e07a0a0bbf1124a,0e1b173313170706,
dataset/train/notumor/Tr-no_1349.jpg,notumor,no_tumor,3,train,78c0ff19b71d9c8bef0458fe599f6dd7e7f452b257988b19a36852e160c5ecf5,0f0f232b3b3b0f0f,
dataset/train/notumor/Tr-no_1350.jpg,notumor,no_tumor,3,train,43c9289ac5c1d0e3b95034faf0e0d6597a50023325686c032c95c999085dc646,0f170f0f0f2f0f4d,
dataset/train/notumor/Tr-no_1351.jpg,notumor,no_tumor,3,train,734b5ba695008974e9d1dffa5a2f3b10b3a7d0fcdc753370ef21649118977303,0f13131333131b0f,
dataset/train/notumor/Tr-no_1352.jpg,notumor,no_tumor,3,train,d5e2a3c0f54875c7f3291a7c651b091db54d4aa1a6a7bc39a00b97cf3b3e3494,0e2737333737370e,
dataset/train/notumor/Tr-no_1353.jpg,notumor,no_tumor,3,train,0841062307b8a925d89cae0ddadb015d9213153952aad7490b6c9c7df5864e77,0733333333131707,
dataset/train/notumor/Tr-no_1354.jpg,notumor,no_tumor,3,train,0cc3de7aa5dd5d7b3456f85f323f0049d6fbbc32a08d3bbc9c087145bc1d290b,0f17132b2b1b178e,
dataset/train/notumor/Tr-no_1355.jpg,notumor,no_tumor,3,train,38fe0004cd2687faff096d4f69f781dd10e03b4950129d38023ac46a701ad402,8f0717171317074e,
dataset/train/notumor/Tr-no_1356.jpg,notumor,no_tumor,3,train,bce62a8ea2cf130bcf91de7c03c2c6e9c8e93d4f0b0fd07915dcc493a5af0b52,1f33697131333717,
dataset/train/notumor/Tr-no_1357.jpg,notumor,no_tumor,3,train,fbaa8d065f778f2b7e1b7723351fcbd2347756bc00a0c7b5860906bcb8af68cd,335796921217178f,
dataset/train/notumor/Tr-no_1358.jpg,notumor,no_tumor,3,train,208c35463539c6d8b138d2644234d1e0f790df935eb5214dd3849c7b35967f86,0f17533737170f8f,
dataset/train/notumor/Tr-no_1359.jpg,notumor,no_tumor,3,train,193b1ca0bd3352e41e46d90ae247d0c706e61579889e814403de1c091bfe9bf1,0f2f0f0f2b2b2b13,
dataset/train/notumor/Tr-no_1360.jpg,notumor,no_tumor,3,train,a2a1103d1f5e1cc125a15049d0f9f9027c4d716782e6dabe131dba6d74436ff8,073333717169330f,
dataset/train/notumor/Tr-no_1361.jpg,notumor,no_tumor,3,train,384faba98e97f13d58c91f82db66f2c6588b9fc1639d6498feec62604f45ec5e,07552297b313138e,
dataset/train/notumor/Tr-no_1362.jpg,notumor,no_tumor,3,train,c38c368116fc00a41aa598c97a4a6d3d89ec8e52a63a8d55ecf74c1dc05f1cfe,cc8617070f8f8ecc,
dataset/train/notumor/Tr-no_1363.jpg,notumor,no_tumor,3,train,0c7c551a0a247e33aa03901bcfa5a3cc63d72dab805d03ac6c7d7854decd640c,0e0f2b3b2b2b0f0e,
dataset/train/notumor/Tr-no_1364.jpg,notumor,no_tumor,3,train,92a322e56c4901f5f15ccbae7c8be951d73ac18f882c7b7bdbb8992d481904f3,87971f171787878f,
dataset/train/notumor/Tr-no_1365.jpg,notumor,no_tumor,3,train,8c8a599794a2d0c950d35630524037ff3411d4741086084b9c6e3152cd401ff0,0f51aab2b2b34d0f,
dataset/train/notumor/Tr-no_1366.jpg,notumor,no_tumor,3,train,fbc22e6422e4080e0cc43f4183359d813487f41df1b5fdf7c68e463c5951c7a7,9e2b0f2f170f8e4c,
dataset/train/notumor/Tr-no_1367.jpg,notumor,no_tumor,3,train,8a47d6d488d122406a6af786e347f342089b6dc2b763895324f9fedac98b6026,0c0f1717171e0e00,
dataset/train/notumor/Tr-no_1368.jpg,notumor,no_tumor,3,train,89663f18a09d693ce01dc05b0b28254082efff91761d64448f4cb86a009268bc,8e17171733331717,
dataset/train/notumor/Tr-no_1369.jpg,notumor,no_tumor,3,train,da403175d7fad140cfc7f2026fdc171a6a23a10c19cea69b522d3eeb757be19a,8e0b2b0b2b2b0e8e,
dataset/train/notumor/Tr-no_1370.jpg,notumor,no_tumor,3,train,9ec249b45f842e1e6d5b4f5d12684174f890135bb82393cbeda04557e7ac693c,061717171707064d,
dataset/train/notumor/Tr-no_1371.jpg,notumor,no_tumor,3,train,4be242d24f503e383f7631090a7de2df84f1805570a9a146ddd9f5942d6fdc64,8e1717173317178e,
dataset/train/notumor/Tr-no_1373.jpg,notumor,no_tumor,3,train,1e497ddc88e70fb61070941f96497f06778d4919c2ef53075861d6d6013c5856,0e0f1333330f0f0e,
dataset/train/notumor/Tr-no_1374.jpg,notumor,no_tumor,3,train,dd7af9f5e54b40896c522ab0d6b7042d5d58a98bbaf9cf2c4541f3358bd5e06e,0f0f232b3b3b0f0d,
dataset/train/notumor/Tr-no_1375.jpg,notumor,no_tumor,3,train,36a771c8d5d8fbe4ae847d31503aa0dcd667fa43e82178201d3ea6300aa75f98,8c0f131317179686,
dataset/train/notumor/Tr-no_1376.jpg,notumor,no_tumor,3,train,7023c4dcf7120a2bd4dd9064ea400f14aa323af508bd805eadee4c928e021ff8,0e33737331370706,
dataset/train/notumor/Tr-no_1377.jpg,notumor,no_tumor,3,train,d5cd4bb740e0745035d1d702d7e75fb1053386f06d8d08955f97b4f7b4568f3f,0e0f13133525170f,
dataset/train/notumor/Tr-no_1378.jpg,notumor,no_tumor,3,train,e16f9dc53246a23892b21a1da8af3e0029df02b09c262c4a6b184284abb8e25c,0f0f0f0d2b2b0f0e,
dataset/train/notumor/Tr-no_1379.jpg,notumor,no_tumor,3,train,c318738441125eabe7c3a6b2e3da11c6962416f340001b646d453f891668fd50,0f172f1717171717,
dataset/train/notumor/Tr-no_1380.jpg,notumor,no_tumor,3,train,bc33cb9bd0d69926571f394d57be884d831a864a3506f4b6db65a7bbf1ad3045,0c0c0e16160e160c,
dataset/train/notumor/Tr-no_1381.jpg,notumor,no_tumor,3,train,764714ba40505a6169dc1eabab98eab43a03a74f77c1e5d80f3494510b3538f4,8e1717171733178e,
dataset/train/notumor/Tr-no_1382.jpg,notumor,no_tumor,3,train,36d2baee29de4e8dcea2bcbe2bdb22ce156cd2171a3f8f5437794b5d0f87d86e,1e0f2b2f2b330b07,
dataset/train/notumor/Tr-no_1384.jpg,notumor,no_tumor,3,train,b79ec74d5f7686394f48d176332f0db7cc86f4d2f4f6aed6a474b7ac2f464002,0f0f3b3b2b230f0f,
dataset/train/notumor/Tr-no_1385.jpg,notumor,no_tumor,3,train,21a9b35e3ebd7911c7687c15b1b8ac97204756a076480962c6fd9bd4f5bd11ac,0e1e0e171f07161e,
dataset/train/notumor/Tr-no_1386.jpg,notumor,no_tumor,3,train,410e3ae47ad56ed269b81be74e42519dfaba661fd9429449b21dc0d505533bb9,8607171713371f8e,
dataset/train/notumor/Tr-no_1388.jpg,notumor,no_tumor,3,train,c6eab5a180a3db800d5eeb4531d01b57ae5aa432171cfafa8b1f8cfecfed4c53,0717133333333307,
dataset/train/notumor/Tr-no_1389.jpg,notumor,no_tumor,3,train,77c03bf0bdbf7d7f70c89b85855d4d3a299bb0bcc74f931641d9620b274e9e0b,8e171b2b2b13170f,
dataset/train/notumor/Tr-no_1390.jpg,notumor,no_tumor,3,train,910fb825186027431acdc9664e9afb2ddbea0736c3be1214c9c2d2d3f9316c56,0e0717131717078f,
dataset/train/notumor/Tr-no_1391.jpg,notumor,no_tumor,3,train,1e394438009755fe13c8d32c8f27d49f1ba28dce7d6fd00de8ab8b3714a19a33,17072b17171f0f0e,
dataset/train/notumor/Tr-no_1392.jpg,notumor,no_tumor,3,train,4e64b29b7ca606c525409384c4b947ebf415bcd065bd739f1f95c2e74b261046,9e17171733331717,
dataset/train/notumor/Tr-no_1393.jpg,notumor,no_tumor,3,train,b12a59c1d52b2588972e8ee936e0cebba985e5c126b19c46c93d12c1a9170b4b,0f17171292965733,
dataset/train/notumor/Tr-no_1394.jpg,notumor,no_tumor,3,train,fdd96cf03b0731b6850ae5ff76eccd951868d4d6a2b876ca531fa8ea7f22eab7,034937b2b2aa512f,
dataset/train/notumor/Tr-no_1396.jpg,notumor,no_tumor,3,train,8d8e2b5d1b09b10df30a1352aa16f6951d7765cf58c19035076e3cb3627aa2de,270f0f2322371b96,
dataset/train/notumor/Tr-no_1397.jpg,notumor,no_tumor,3,train,eedbd031170773347d9faca9626b34b82c3f989aa8a0890f76e95248e12608fc,8e1313b397225507,
dataset/train/notumor/Tr-no_1398.jpg,notumor,no_tumor,3,train,0d03b683c130b56f02af618fdc28d4063393f976f7e17d1fb87c0d4780614bdb,8f8f8f17071f9787,
dataset/train/notumor/Tr-no_1399.jpg,notumor,no_tumor,3,train,7a110c7f3eefb9003a5af9f67f43d03366451a9844525637f806143b08ddfb7f,0f4793b2b2aa710f,
dataset/train/notumor/Tr-no_1400.jpg,notumor,no_tumor,3,train,b85761e66260b5fb7c8198db594c455c16b926705379433315443af308c60de3,4c8e0f172f0f2b9e,
dataset/train/notumor/Tr-no_1402.jpg,notumor,no_tumor,3,train,f9db6c451eb3bd3fa309844106e461aea682cbb08395fa8cae70e49e19feffaf,4c8e231b0b2f2b86,
dataset/train/notumor/Tr-no_1404.jpg,notumor,no_tumor,3,train,29273d7176d172d331108aabfa065c4ae7ca6dd366549a9b141259b3967b33df,8e0e2b2b0b2b0b8e,
dataset/train/notumor/Tr-no_1405.jpg,notumor,no_tumor,3,train,70c586be13ad8ed0f19b5e416b3aaf1c0fea720f23ec4a7df1f0e09519d66c64,0e0e0e16160e1e0e,
dataset/train/notumor/Tr-no_1406.jpg,notumor,no_tumor,3,train,c1865a7d0979fb7726e1ec00bf23c6a32cd0592dd4777baa4bc8129e8e18621c,8e1717331717178e,
dataset/train/notumor/Tr-no_1407.jpg,notumor,no_tumor,3,train,c4669032b38b760872c7bcde1090d24e7294ff817b6c4e63ee62f42a63cea373,0c1f171717170f0c,
dataset/train/notumor/Tr-no_1408.jpg,notumor,no_tumor,3,train,fe24daa88baf76924782a693df2e59e39ffceaa4ff75212ffbc8d3a5d25aaef0,0d0f3b3b2b2b0f0f,
dataset/train/notumor/Tr-no_1409.jpg,notumor,no_tumor,3,train,51dd3cfab8c5fd3f9222390f595f9559d5d7ba2c8469a01e7c4e74bc3e6691f5,8696171713130f8c,
dataset/train/notumor/Tr-no_1410.jpg,notumor,no_tumor,3,train,8a45b787f89d6dd6accedda6d9399445ae04a0fdbcfe00cc97d6a6c1217fdd3c,963345551717178e,
dataset/train/notumor/Tr-no_1411.jpg,notumor,no_tumor,3,train,b8052107fc01a03c9ea936bb3cc16b50ecea33821b76b93d15403cbf3330cad9,000e071313170f0e,
dataset/train/notumor/Tr-no_1412.jpg,notumor,no_tumor,3,train,1244107d98c9a8b438a226dbed6e776517b9e2a38e1704c7dea6283f9d493758,060737317373330e,
dataset/train/notumor/Tr-no_1413.jpg,notumor,no_tumor,3,train,e58e2b84af6654a25cac176c521a4f754de589736dc950314b45d88cca37e03c,0e0f2b2b0d0f0f0f,
dataset/train/notumor/Tr-no_1414.jpg,notumor,no_tumor,3,train,6ced304ed3adbe48aeba4e5d4731d7702b9afd5ec8564588335ef0db4e37ee4d,17171717172b170f,
dataset/train/notumor/Tr-no_1415.jpg,notumor,no_tumor,3,train,e8a0c918da9bad8a26e2e5ac950a03dc2711eb7454741a89ddc4272fc22ea9e3,8633454d4d55178e,
dataset/train/notumor/Tr-no_1416.jpg,notumor,no_tumor,3,train,1a5c86bf6d8cc8e34ba31a382066684192e7924ec2d547598c782457dbf034c3,cc171733231b0b8e,
dataset/train/notumor/Tr-no_1419.jpg,notumor,no_tumor,3,train,0baf6f0119238a2541b20c2821986f07164a1849d34dbfa02fd507dae84d9e59,8e0f2b2b2f2b238e,
dataset/train/notumor/Tr-no_1420.jpg,notumor,no_tumor,3,train,80c1e26515b602303a00bdcf8ace68439b07bf2cf68fde044ece9bd66661e3d3,0e0f2b232b2b0f0e,
dataset/train/notumor/Tr-no_1421.jpg,notumor,no_tumor,3,train,102fa3d1e695596fe1dc29e98c8f75c4790a9ad436186fd18c628ad36f517531,0e0f2b2b2b2b0f0e,
dataset/train/notumor/Tr-no_1422.jpg,notumor,no_tumor,3,train,2878465e9b9bd057896c25ec5841beeaed60fad75475096834a1a57e376044f0,8e0e37232b170e8e,
dataset/train/notumor/Tr-no_1423.jpg,notumor,no_tumor,3,train,bbb969da9e00cad757ce4cfed82cc780afa9a95f02720d0a9dcbaf64423f166b,0f2b2b2b512b3b1e,
dataset/train/notumor/Tr-no_1424.jpg,notumor,no_tumor,3,train,781facc8c7496205fa19266d803d315c55fb0e9e250f436433ea6642753c348a,8e0e2b2b0b2b0b8e,
dataset/train/notumor/Tr-no_1425.jpg,notumor,no_tumor,3,train,bdef603b240dd8e891ba1dc5e738ed36439029bc87085399ac7ea06a458db07a,0c0606060616160c,
dataset/train/notumor/Tr-no_1426.jpg,notumor,no_tumor,3,train,b10cac313e55aab0da2c7445d973c89ccb32603fddcbc9b4c4ea14db1f7e9fbc,060b33332f6b0f1e,
dataset/train/notumor/Tr-no_1427.jpg,notumor,no_tumor,3,train,a04f7a2254302402e81ad80a6a5ca1ef424df124b7e2ada86e53402f996c89cc,8e171f1f1b33178e,
dataset/train/notumor/Tr-no_1428.jpg,notumor,no_tumor,3,train,f4a1d4c3d0a9c1b373be1c073d86138dd2c4fbda191a030000a9eee81fbcd3b0,8f2b296969552b17,
dataset/train/notumor/Tr-no_1430.jpg,notumor,no_tumor,3,train,2a3b9b423f3d550d79219fca9633548aeb909b9b514497dca4e662829a1fc094,0e0f0f3333130f0e,
dataset/train/notumor/Tr-no_1431.jpg,notumor,no_tumor,3,train,38dfe45378698299ba30251d083745ffd2865c1f320c3227be16f97d0bbe9d26,0f130d6969130313,
dataset/train/notumor/Tr-no_1432.jpg,notumor,no_tumor,3,train,dcec21068465d771bb815fe25baafbe607a6452e4d3d35060aaff7f1748dbf4d,8c8f0f0f0f0f0e8c,
dataset/train/notumor/Tr-no_1433.jpg,notumor,no_tumor,3,train,34d45fb699f5183b9b859f9bc071e1f23d9b0d3ca77129699c25191c313d22ae,0e8e1313330b0ece,
dataset/train/notumor/Tr-no_1434.jpg,notumor,no_tumor,3,train,440b5229fa098b3b180aae3a1c6a2bc4362c46e0f80261e4546713d699779833,0e8f1717152b2393,
dataset/train/notumor/Tr-no_1435.jpg,notumor,no_tumor,3,train,caec4c2809ef3f3f943f8fa22cb564d9fb998be43cb0bad27f4895b677ca953b,0e0f2b2b0d0f0f0f,
dataset/train/notumor/Tr-no_1437.jpg,notumor,no_tumor,3,train,a23838b6281d2fe4496c1122ae4c2284ece545a009577438ed49577df3b1a5c5,9e2b0d0d4d432b23,
dataset/train/notumor/Tr-no_1438.jpg,notumor,no_tumor,3,train,4eee49e2f60ad31735106ffcdce241a02c08303bf8fd4dbc4641c4dd48133a27,8e0b1b23331717cc,
dataset/train/notumor/Tr-no_1439.jpg,notumor,no_tumor,3,train,8f4ef79856f1fc0a9cb81ee959c78c85df8d9c7b37a1f290f453a5f8c84f123e,0f0713331317178e,
dataset/train/notumor/Tr-no_1441.jpg,notumor,no_tumor,3,train,ff1f0ec772796998808d4b171e4842e0995da59c23ba54f803c3508f14c73a1e,172b5569692b2b0e,
dataset/train/notumor/Tr-no_1442.jpg,notumor,no_tumor,3,train,1213a51af133b06ae1be9f2c724c17e4c64c0b2d0bcda72175dd29bab67e2750,1f2b2b2b6f2f0f0f,
dataset/train/notumor/Tr-no_1443.jpg,notumor,no_tumor,3,train,098eadaf0e35aef92003ca4352795e7156a19f303b9516cb371efda69eece18d,0e0f333313070f0e,
dataset/train/notumor/Tr-no_1444.jpg,notumor,no_tumor,3,train,da6936779e8db4c1fad48c802e36230cf0b51ec882134446685aebc24b7829e3,081e0f2f2f0e0e08,
dataset/train/notumor/Tr-no_1445.jpg,notumor,no_tumor,3,train,4eccc20320ba58dff7472b35b154f1bafcf941e78a7ae1063843a7db356a41f0,8e0e172b23370e8c,
dataset/train/notumor/Tr-no_1446.jpg,notumor,no_tumor,3,train,e762ef22e00722af08f691e5442285152be29ac1b297dffd8724e158b2ec522c,8e1717331317178e,
dataset/train/notumor/Tr-no_1447.jpg,notumor,no_tumor,3,train,c84a66636fe92271311d54bef432765ec45aadb216ede8770c5f4688d9bd4c17,8e0b2b0b2b2b0e8e,
dataset/train/notumor/Tr-no_1448.jpg,notumor,no_tumor,3,train,d09d2f9a7c8c699f980c21a2924579572df6154450db27f3580872edff5e5ac2,0e1e0e16160e0e0e,
dataset/train/notumor/Tr-no_1450.jpg,notumor,no_tumor,3,train,f8781057441adb80e28f2a08fb573dd71e67b0d793fd7c2c9da4927e56f3474a,0c1616060606060c,
dataset/train/notumor/Tr-no_1451.jpg,notumor,no_tumor,3,train,e16a2a24b2764e4719eb40895cd29937f5d5efca5a2fe9f7c9bac3810ef21348,8e17133333170f0c,
dataset/train/notumor/Tr-no_1452.jpg,notumor,no_tumor,3,train,e5996ba69ce3955174a4ac90bb72484b6260914348c59e3c5dec7aa53a7ba973,1e0f4b2f33330b06,
dataset/train/notumor/Tr-no_1453.jpg,notumor,no_tumor,3,train,a55539d13d137f43a7af01f6ad97a8a88b4e495fbe9d0a5803611c908b03f5a2,8e17554d4d5d339e,
dataset/train/notumor/Tr-no_1454.jpg,notumor,no_tumor,3,train,d2415a0edbf2b07965c430d3aaf4a2e149f3afeec3480d521d800a757b69d447,0f0723232b2b0f0f,
dataset/train/notumor/Tr-no_1455.jpg,notumor,no_tumor,3,train,e22d67d921a2663d6bf14de06248488fcc2feb8984ba1fd2a3951f02057b3206,8e17554d4d5d339e,
dataset/train/notumor/Tr-no_1456.jpg,notumor,no_tumor,3,train,c75e3a81c47a1fe7741c595eccc96456a9e40abe992e9ba537ba52de622bbdc7,8e2f23333317178c,
dataset/train/notumor/Tr-no_1457.jpg,notumor,no_tumor,3,train,2efebb3666e534338df87352b667c5a31ce913fe877960f9daf662bf0ff2f935,1f1b6b594d590b0e,
dataset/train/notumor/Tr-no_1458.jpg,notumor,no_tumor,3,train,3bdea941af422f4ce83048fd3f8b2eef9d07ea639e87e061b6a2d56ff63df7ab,1e0f137331313317,
dataset/train/notumor/Tr-no_1460.jpg,notumor,no_tumor,3,train,c39002f0707b330af0043db8c58aed85b4b13dd79da7f442a444d496a832d1c9,072b2b2b090b0f0f,
dataset/train/notumor/Tr-no_1461.jpg,notumor,no_tumor,3,train,03e248ffc72dc76fa9bec9e742867f1ed95fac71faf30b2e6249eee1b1e2a766,0e0f2b2b2b2b0f0e,
dataset/train/notumor/Tr-no_1462.jpg,notumor,no_tumor,3,train,d2766e3fcb581dc53fcda4bf40b7e9eae2e524e71c5ac4601da745923699e2ff,04070f0b0b0e0e0c,
dataset/train/notumor/Tr-no_1463.jpg,notumor,no_tumor,3,train,c30681f8b28b6cc26f12177aeefe29d3e45a1ba0275a3e0bba0d55ce61321490,4d06171717330f4d,
dataset/train/notumor/Tr-no_1464.jpg,notumor,no_tumor,3,train,f4950bd9cb329adc2478c9bed9f3bf9e041f3f845e39b209f79d052d07114119,86232b652b2b2b0f,
dataset/train/notumor/Tr-no_1465.jpg,notumor,no_tumor,3,train,1d9c9f0e06ea80897c95d816c7ea55f6e217781de993759da522afe11f60ad68,8e2f2b2f2b0b0f8e,
dataset/train/notumor/Tr-no_1467.jpg,notumor,no_tumor,3,train,0790454183ebd29490578919e0dc9d91909bd39679b70cd1aba0ba3e5f61e160,0c16171f1e1e1e0c,
dataset/train/notumor/Tr-no_1468.jpg,notumor,no_tumor,3,train,9e3370a38da7cc705145018245022d2ee3e67db2b09d6bab21078f84a799d2da,232b434d0d0d2b9e,
dataset/train/notumor/Tr-no_1469.jpg,notumor,no_tumor,3,train,6ba1c1f8fd72214b603ab1b654d8a01b36c4e903226b58190da2f614eb348077,0e17373333170f0d,
dataset/train/notumor/Tr-no_1470.jpg,notumor,no_tumor,3,train,233edd18fdd991f4fd5960eb0076de22f3347afe983cf303f40f7bf154ac4bd6,8e1723230707160e,
dataset/train/notumor/Tr-no_1471.jpg,notumor,no_tumor,3,train,ac995ed4a41ff23f2c8646d83ea024d4e95e14e61fa38ea4edcbc21bea9c3eae,0e0f2b2b2b2b0f0e,
dataset/train/notumor/Tr-no_1472.jpg,notumor,no_tumor,3,train,25cfc5504689ad704bbf6ecd5c7ffa8a8d0c03250ebf43a38a40841cd4344165,0e17313b1b0f3316,
dataset/train/notumor/Tr-no_1473.jpg,notumor,no_tumor,3,train,a5a11e528b6d4756c9a8b3180d40410efe1b27b2a5ad13ecce512fa3bf214330,8e1733331717070e,
dataset/train/notumor/Tr-no_1474.jpg,notumor,no_tumor,3,train,e4ffd8cd98fc469a2d402a7cb4a5dcdde14cba76a3ebfbcd5afc4564ef869132,ce8f070f0f0f0ece,
dataset/train/notumor/Tr-no_1475.jpg,notumor,no_tumor,3,train,6f94742aa97b416c86a75709d1ec3af8f697cbdd9e9366bd22af4e3a3eb38ec7,8e0f170f2b2f0e8e,
dataset/train/notumor/Tr-no_1477.jpg,notumor,no_tumor,3,train,a0403fae82625981833d0e4727deec2d6109244f740dd56ddc8b87bda3c7fa6c,0e27173317171e1e,
dataset/train/notumor/Tr-no_1478.jpg,notumor,no_tumor,3,train,4453e2325932d861c16712a4d73303de901666016822b57ac92067674b39b931,0f0f0f0f2b2b0f0f,
dataset/train/notumor/Tr-no_1479.jpg,notumor,no_tumor,3,train,4ecb46f875c1e55e2d87191df563e22a308afb2c21f1059adac320e5e7cc6d73,0c0c0e16160e160c,
dataset/train/notumor/Tr-no_1480.jpg,notumor,no_tumor,3,train,e6a9288e50d9d34a78a859692e43a0529311ae9389345684874fdc6bd32699c5,8e860317372b0f8e,
dataset/train/notumor/Tr-no_1482.jpg,notumor,no_tumor,3,train,d40d92532a039b9826ad4e94e3b6606944ba11b1fae6b257ae56dd9ccd026348,4d8e0b0b2b2b0f0e,
dataset/train/notumor/Tr-no_1483.jpg,notumor,no_tumor,3,train,a1661a8202874ff2a6a244a3e1a96978a7d994b30b9ce857a3e677089295f72e,1e1f137331313317,
dataset/train/notumor/Tr-no_1484.jpg,notumor,no_tumor,3,train,29ccdffcab86e68a3c02fa995b2d9702a8726a3897722e059155618a39be6612,17171717170b170f,
dataset/train/notumor/Tr-no_1485.jpg,notumor,no_tumor,3,train,13b6227c7aa1df2940de091d9b5a0287feb6236d775ae3a1d38737f759aab821,2375aab2b2331d03,
dataset/train/notumor/Tr-no_1487.jpg,notumor,no_tumor,3,train,153620cd50478c8e2cf60eb8b853c5e02e3f1bd1a34a596d119ab65779eca867,0e0f2b2b2b2b0f0e,
dataset/train/notumor/Tr-no_1489.jpg,notumor,no_tumor,3,train,32a0eb4e3a870bbec5b8667ca563152d29a0fbe042b223d40879c42bd6621e68,0e073333170f0f0e,
dataset/train/notumor/Tr-no_1490.jpg,notumor,no_tumor,3,train,80934515f5b90d7280a96712d42102567958e18453f421b63c486905c519889e,0e060f17160e0e0e,
dataset/train/notumor/Tr-no_1492.jpg,notumor,no_tumor,3,train,e6a61061ea6a377caa69d01232e7a4e194e3e24d36c76bfd98efaaee398b4e32,ce8f0f0f0f0f0ece,
dataset/train/notumor/Tr-no_1493.jpg,notumor,no_tumor,3,train,9e3d760bc57c57ba974dc2d146ae911d649c3dc3181e3fbc69bbb54bba47cd49,163b2b1717070e8f,
dataset/train/notumor/Tr-no_1494.jpg,notumor,no_tumor,3,train,302df10d00e135b347f4475b911a5ce525d7f04020a61a2eb06559f65fc1480b,0c0c0e16160e160c,
dataset/train/notumor/Tr-no_1495.jpg,notumor,no_tumor,3,train,de3ece9dae81af89c99aec5bf08e92b5dcd97a2e266572b1cbf39bf6b067c6c2,0f0f3b3b2b2b0f0f,
dataset/train/notumor/Tr-no_1497.jpg,notumor,no_tumor,3,train,c86091470f7c55b51ff0c4ce4e85f477709f9858e3108cec5e2d4cec47aedda2,1e3b33717131330f,
dataset/train/notumor/Tr-no_1498.jpg,notumor,no_tumor,3,train,94de5f21de2ea7293f146d4f14024b336447e6816fd63b152cc59b725027990f,4c8e0f172f0f2b8e,
dataset/train/notumor/Tr-no_1499.jpg,notumor,no_tumor,3,train,0578ce3a9dc5761f9374d76cbd36a3d9c5937a6cedc02d44cfc6ee5c1abc6b90,8f1e0f2f0f072f1e,
dataset/train/notumor/Tr-no_1500.jpg,notumor,no_tumor,3,train,073bba96a776f5a2ffcb6c84782e8908bc372c478d80a928f0d49587a3a3e385,0e0e0e16160e1e0e,
dataset/train/notumor/Tr-no_1501.jpg,notumor,no_tumor,3,train,2a055cc23c75ea981e23554482566a4a60a130c27621bb4d70f888ca4c5f49ca,4d1e171717330f4d,
dataset/train/notumor/Tr-no_1504.jpg,notumor,no_tumor,3,train,0e1eeb0a5c28d0b74aca27f1ec212932f73d57032592ef4f5038d40709ec77c4,0607373173733316,
dataset/train/notumor/Tr-no_1505.jpg,notumor,no_tumor,3,train,c6015c1900cd1ed60ad2b0f1fefef8de6f70d65d40e8a03d3918cc82235055c9,17171717170b170f,
dataset/train/notumor/Tr-no_1506.jpg,notumor,no_tumor,3,train,9305ed12cb1d4091d9b99e5c6891b6cbe9254cf3471a494c5f1ab1b7b349d9f8,0f170f0f0f0b0f4d,
dataset/train/notumor/Tr-no_1507.jpg,notumor,no_tumor,3,train,38fbdf5a92e342a807e00b9fd622c72f379d6addcf01244ff721a2dad00e34db,17171717172f170f,
dataset/train/notumor/Tr-no_1509.jpg,notumor,no_tumor,3,train,7ae81216a482c2ed3f01ded4a70f9bf7e480405ff04811b42f17fbc054000002,2b51aab2b233470f,
dataset/train/notumor/Tr-no_1510.jpg,notumor,no_tumor,3,train,24886192c0b8853b52660fe46f93f24fb12d3fe2b5a8cfa78d2f8d3e0102dd23,8e2b0f2f170f8e4c,
dataset/train/notumor/Tr-no_1511.jpg,notumor,no_tumor,3,train,e35799cb2b818f86a36b62bc33779f8fb019bf8fc1c4fb60ed9166316ededf6c,8c0e131317179e8e,
dataset/train/notumor/Tr-no_1512.jpg,notumor,no_tumor,3,train,7b04a004841b4302bd06435e1aef24008fffcf2bfb097dab54766bd29f4a1ab4,1633737331370706,
dataset/train/notumor/Tr-no_1517.jpg,notumor,no_tumor,3,train,4afc550b85d145cdff8a9b9f734aa7fe76268082ea2663a62f61fe2dc80e9bcd,0f0f0f0d2b2b0f0e,
dataset/train/notumor/Tr-no_1518.jpg,notumor,no_tumor,3,train,ec2314a74699373fbe7aa757449a7c788804eb79aeebd23b0ae58fd80f83a906,0f172f1717171717,
dataset/train/notumor/Tr-no_1519.jpg,notumor,no_tumor,3,train,987f6c59964c7af4760e6b186080f4c896bdb48a23a2fc00f58becf1459733dd,0e0f1333130f0f0e,
dataset/train/notumor/Tr-no_1520.jpg,notumor,no_tumor,3,train,7cb5fa1606d107e3a5281a030bf95c565eb0542ca350382fbbe40866d4a39e9d,0e1e0e16160e0e0e,
dataset/train/notumor/Tr-no_1521.jpg,notumor,no_tumor,3,train,f83556aba135d959162ce3d677c3346ff0cde6683cd6eded32be53f51bcc7925,0f1f2b3333370f0d,
dataset/train/notumor/Tr-no_1522.jpg,notumor,no_tumor,3,train,8826a18f0354d2522083e6195bf793452bcf89fd63fe638167607322a6bc5735,8f0f3723270f3317,
dataset/train/notumor/Tr-no_1523.jpg,notumor,no_tumor,3,train,452942abff3995f74856ba442b88a802b260e0272ebf81bf758ff39b4ca796dd,0e16171b1f1e1e0c,
dataset/train/notumor/Tr-no_1524.jpg,notumor,no_tumor,3,train,96e0b30537dc76bbde04854bd9f2e8f315ecdb3d25d212a4b8fa77b430036e8e,8e1f133317171f0d,
dataset/train/notumor/Tr-no_1525.jpg,notumor,no_tumor,3,train,e246b1cab918f931273733935bb86c27d66de199124a1f256f4bd8968551272f,9e0f073717070e8d,
dataset/train/notumor/Tr-no_1527.jpg,notumor,no_tumor,3,train,ed09971821af521d9dd6c2c97d02ffe8b118b80b65b4dd0ffe14965d3f037c6d,0f0f0f0d2b2b0f0e,
dataset/train/notumor/Tr-no_1528.jpg,notumor,no_tumor,3,train,84085baab0226c38106fbbd6dcad4ecfb4b09da43f137c1a3802c9acbef2d1a3,963345454755178e,
dataset/train/notumor/Tr-no_1530.jpg,notumor,no_tumor,3,train,d721612a89ca5408c199219d5a33441bf912d5357921e6086f7addbc836401ca,0e0f2b2b2b2b0f0e,
dataset/train/notumor/Tr-no_1532.jpg,notumor,no_tumor,3,train,8e300af04a1c9b826b8d260c098e2f1dad04ae448fb331cf8556641a269f7a4c,1e1e17373317270e,
dataset/train/notumor/Tr-no_1533.jpg,notumor,no_tumor,3,train,f75e20a805f371c6d5e26401f6a5e6cdf991eae503dd3bc648158f68915ce3d2,8e0e27232b1b0e8e,
dataset/train/notumor/Tr-no_1534.jpg,notumor,no_tumor,3,train,03489779af4617033a1c8136c1fa838b590907eeab1d8a705ee69442427678b6,0e0f2b2b0d0f0f0f,
dataset/train/notumor/Tr-no_1535.jpg,notumor,no_tumor,3,train,864b804ff3c081862917b438344e07dab66f2e0748e4dc55951a5195fe7ea4de,0f17372b2b27178e,
dataset/train/notumor/Tr-no_1536.jpg,notumor,no_tumor,3,train,2a0d862cf6cebf385f5f7786553ff575d109f90c525719ceaa577e3481ab6b78,0f2b2b2b712b1f1e,
dataset/train/notumor/Tr-no_1537.jpg,notumor,no_tumor,3,train,84240ec60b33618eac7ffda5a505321f22dddb0be10ade2a418f999403e3f4d7,8e0e2b2b2b2b0f8e,
dataset/train/notumor/Tr-no_1538.jpg,notumor,no_tumor,3,train,1b19bf20364894e5435a1eb93791eea0499cb9b1e51a2687ea231775eeb60301,0e0e0e16160e1e0e,
dataset/train/notumor/Tr-no_1539.jpg,notumor,no_tumor,3,train,bd14ea171ca357ed6a4757207964945b655f74d787ce6f25920334045938f12e,0c0f17333313178e,
dataset/train/notumor/Tr-no_1540.jpg,notumor,no_tumor,3,train,70df451fc393f2aae317864049c7cb24b070a9db9a6d8a25604c5d7706443899,232b434d0d0d2b9a,
dataset/train/notumor/Tr-no_1541.jpg,notumor,no_tumor,3,train,dc758e1347a0d6393878f783fa5360a49de5a4e026b9426fa1f1d01127041f33,070b33332f2b0f1e,
dataset/train/notumor/Tr-no_1542.jpg,notumor,no_tumor,3,train,09780e2f773e7a8b532725d2cd508d56e6588e81d5a953b9ed88bbf0a6387957,8e171f1f3b331f8e,
dataset/train/notumor/Tr-no_1543.jpg,notumor,no_tumor,3,train,825542487ece46cac679016967f23c0771977b3d97f348b57d88267b7d100351,0c0c0e16160e160c,
dataset/train/notumor/Tr-no_1544.jpg,notumor,no_tumor,3,train,d4a63c560b06deec6d4e858321fc4c6e39d964a967ecc4c5018e3266f9e08c6d,0e1f171737171e8c,
dataset/train/notumor/Tr-no_1545.jpg,notumor,no_tumor,3,train,680425f849399c93d5fb0130a72f25e80d45766a143b319f130101c5736ff7b6,8e1717171733178e,
dataset/train/notumor/Tr-no_1546.jpg,notumor,no_tumor,3,train,8f32f8c179b5c2a49617237281b2b69de7ec49f943cdaf6a7aa71b4159b3ecbf,0607171333171b0e,
dataset/train/notumor/Tr-no_1547.jpg,notumor,no_tumor,3,train,2b2ea092113b72d563711d1d06b629af9c60987399a948743b02aa57e343548a,0f0f3b3b2b230f0f,
dataset/train/notumor/Tr-no_1548.jpg,notumor,no_tumor,3,train,fd0d2831396fc7676fe2872309985064ecde76e5526bd10a4c0792d6c1c39bd5,8607171713371f8e,
dataset/train/notumor/Tr-no_1549.jpg,notumor,no_tumor,3,train,2c5cb34155e0c757274659d6948d26b9bb6d461f123df46c7dccd8595c7941ef,0e27333337171e0e,
dataset/train/notumor/Tr-no_1550.jpg,notumor,no_tumor,3,train,e74d396c05403aa3c9b6bb4d18c7efc66ac7ce338162218958a506521e16f9fb,0e3737373337270e,
dataset/train/notumor/Tr-no_1551.jpg,notumor,no_tumor,3,train,229a9cb596bb8c38bc6ff0bca530ebc255ddcba6c8db546a3754355a89556eaa,0717133333333307,
dataset/train/notumor/Tr-no_1552.jpg,notumor,no_tumor,3,train,e81dc213af82dd767843da1fece52fc410277aac66c908607b6fabfe139e0746,8e171b2b2b13170f,
dataset/train/notumor/Tr-no_1553.jpg,notumor,no_tumor,3,train,fd124b9a5b67b46cd5a2309a028a4c2b55f70505b4aeda146cc81c7660101152,0c0e0b0b332b0f0e,
dataset/train/notumor/Tr-no_1554.jpg,notumor,no_tumor,3,train,5c12d946f493e7b0ca83a49840da335c51439207864eaa1bc03503dcfa7a6945,0733697173331317,
dataset/train/notumor/Tr-no_1555.jpg,notumor,no_tumor,3,train,91b99fd9286190da0e9b32ec230febff101e5e0bbda327e33adda41719376c99,173733317169331f,
dataset/train/notumor/Tr-no_1556.jpg,notumor,no_tumor,3,train,d1c6f44347a418bce190770dabb1406863a2fba31fe5624a82d5728d2edb415f,0f17171292965533,
dataset/train/notumor/Tr-no_1557.jpg,notumor,no_tumor,3,train,f0f3dba28b0b2e2f184b2c6d1a84d4642435fdfdd4f2ab01c1133fce0f7bd0da,0f0f2b2b2323070f,
dataset/train/notumor/Tr-no_1558.jpg,notumor,no_tumor,3,train,d45422237960316e6944889b7796756e0b96def02be9749c2b79ae91956ea6cf,8f0f17373753170f,
dataset/train/notumor/Tr-no_1559.jpg,notumor,no_tumor,3,train,c20b650777309dcebeeab766f3988746a135788d94c4e250b42f6a5a46443bde,8e13139397225507,
dataset/train/notumor/Tr-no_1561.jpg,notumor,no_tumor,3,train,3cd57cc1542dfabf30754e4c31d4c93c72155f33e17533172e7a2ed685510f5a,4c8e0f172f0f2b9e,
dataset/train/notumor/Tr-no_1562.jpg,notumor,no_tumor,3,train,c4f0a102942afa9db975be8c329ba502857a69045f12b49609d8b2605c21cdff,0e1e0f0f0f072f9e,
dataset/train/notumor/Tr-no_1564.jpg,notumor,no_tumor,3,train,95ca879ebc84c46066a4bbcd5ccb93d915a902563925c5e4cca24960c6e8db7a,8e0e2b2b0b2b0b8e,
dataset/train/notumor/Tr-no_1566.jpg,notumor,no_tumor,3,train,12dea1367f4c85486ca32acba4b915e86ec0a091ee87c9e8014385460753246c,8e07333717171f9e,
dataset/train/notumor/Tr-no_1567.jpg,notumor,no_tumor,3,train,bc54b86b73a644a2c67585c4d6b556ececc4713548066067779c86cd461db1bf,8e1717331717178e,
dataset/train/notumor/Tr-no_1568.jpg,notumor,no_tumor,3,train,5521c3e90fe00f3fb3402a6205d42b8ab16d9f0b33976fc56ad51bcb315e1ad3,4d1e171717230f4d,
dataset/train/notumor/Tr-no_1569.jpg,notumor,no_tumor,3,train,5686520a02cc01b823225b241c449c32086b9847f2cf1ef2febf81db8f6077c2,8696171713130f8c,
dataset/train/notumor/Tr-no_1570.jpg,notumor,no_tumor,3,train,f9c32ab22c24121cdfc9e4b27f87f96eb9bdb8ca97658d30d6c18d30ba5d8975,0c0e2f2f232b0e0e,
dataset/train/notumor/Tr-no_1571.jpg,notumor,no_tumor,3,train,033b1d33ec791d3888f4cf483521bb26c46a27b81a6cbb8384974d8239c5ca7c,060737317373330e,
dataset/train/notumor/Tr-no_1573.jpg,notumor,no_tumor,3,train,afd233df413cd30a6ff574eae7486c87dac76cfe7e5a0ad1ada1d16d76bf8391,0f172b0f0f0b0f0f,
dataset/train/notumor/Tr-no_1574.jpg,notumor,no_tumor,3,train,ed0fcbbc6d436f8544a6f821920635e5b9b9ccaa5a3c6eb79be0976df19e0bdb,1f2f332b0b2b0f87,
dataset/train/notumor/Tr-no_1575.jpg,notumor,no_tumor,3,train,71230ae86dcadacc54e26ca012aa57e02c2d9e0ec42527c491c89c48b2f76939,0e0f2b3b2b2b0f0e,
dataset/train/notumor/Tr-no_1576.jpg,notumor,no_tumor,3,train,a4110c65f3875b9cd837a33bc235d6c35fee3c3da3420a561de2fe8218d2c628,0e1b173313170706,
dataset/train/notumor/Tr-no_1577.jpg,notumor,no_tumor,3,train,0b9de205c7d1d5572a4ef50aa83c1a54a3664a653f98ed470d9fe5af82bb8772,0f0f232b3b3b0f0f,
dataset/train/notumor/Tr-no_1579.jpg,notumor,no_tumor,3,train,430ee4f67fa7d1d810985e2aa1080e7da56d7a41a2e54ac05517c41d20ab8069,0e17351313170f0e,
dataset/train/notumor/Tr-no_1580.jpg,notumor,no_tumor,3,train,726ad20e94b322ba2f51164f015b6972b5b5d080280998d643c622a45bd3a381,0f1b133313131307,
dataset/train/notumor/Tr-no_1581.jpg,notumor,no_tumor,3,train,970c05d3beaa4074b676fcc58bb8cc1d4dafd28e09063f12ad36d7f80f3d485f,0f17132b2b1b178e,
dataset/train/notumor/Tr-no_1582.jpg,notumor,no_tumor,3,train,846f56ed235636d20b2484d6bebef36869982ad90ab4b2e49ea99e554812d46e,8f0717171317074e,
dataset/train/notumor/Tr-no_1583.jpg,notumor,no_tumor,3,train,62751f230f31f89e713503b6d54027643d05cba54992afce10716efb4e013272,335796921217178f,
dataset/train/notumor/Tr-no_1585.jpg,notumor,no_tumor,3,train,60506456714ce82a48c1410a0bb0edbab95fa05edab712fc4d50ac62ff881cd6,0f2f0f0f2b2b2b13,
dataset/train/notumor/Tr-no_1586.jpg,notumor,no_tumor,3,train,8c456383de5bc89b4a058786d65ba3700414ea08c62c317d0fcc8ee7f2e7d830,1f13333333371717,
dataset/train/notumor/Tr-no_1587.jpg,notumor,no_tumor,3,train,6a0773c8ba10d0bbc1e1b49f045dd7bbf2b5b42a860ea8d83934335d80ea16b6,0f0b0f0f2b2b2337,
dataset/train/notumor/Tr-no_1588.jpg,notumor,no_tumor,3,train,9992b65d188a1316edcca1272833faa8c27ac2d4acf11c822d0f477974722be9,cc8617070f8f8ecc,
dataset/train/notumor/Tr-no_1590.jpg,notumor,no_tumor,3,train,0ba589063521e0a143aa504a7857d1cb32254c01213868a8bd31b130de66b841,9e2f070f0f0f1e0e,
dataset/train/notumor/Tr-no_1591.jpg,notumor,no_tumor,3,train,353a0d20df1c3dcf7c982e04f9bebee7b74b7a2a2fd098a349dc9690b1db7b89,8e0b2b0b2b2b0e8e,
dataset/train/notumor/Tr-no_1592.jpg,notumor,no_tumor,3,train,88948e4fe187de80e7f60913f1aaf8c6d3f3580a0347ae801f0661c52e571dbf,061717171707064d,
dataset/train/notumor/Tr-no_1593.jpg,notumor,no_tumor,3,train,56e59c568fce8096810d8a7e03d171330587df7fd8756f70138ddae23a2b1c1c,0f17332b2b27070e,
dataset/train/notumor/Tr-no_1594.jpg,notumor,no_tumor,3,train,23377addb366a253955df1e43c887b3202da5f23967f0bc20d5c1cdd4a11d3fb,0e0f2b2b2b2b0f0e,
dataset/train/pituitary/Tr-piTr_0000.jpg,pituitary,pituitary,2,train,66992eca54a17cd33dca57590925193da7c675e221dfaadcfc4c634b76a9ebf1,0f0f1733170f070f,
dataset/train/pituitary/Tr-piTr_0001.jpg,pituitary,pituitary,2,train,0abe2a79782500fc6ec3c7082e46f7dd7da4725e87d71a3c86440525ce0e5cde,8e13515117170f0e,
dataset/train/pituitary/Tr-piTr_0003.jpg,pituitary,pituitary,2,train,8261551302536c576ad38f301bd7ff22d2e3128e9cf445fcd5a378ff6ba1ffae,8e3355554d457553,
dataset/train/pituitary/Tr-piTr_0005.jpg,pituitary,pituitary,2,train,670e83f9182cfe0c097002322ff42cccda0fe426b6ab93487746f7f23aabcb84,4c1733153515373b,
dataset/train/pituitary/Tr-piTr_0007.jpg,pituitary,pituitary,2,train,cb20adda28855fae467d0910545a3c7bcd287a19072326ee1f04ce74a895f2c9,0e1733156d51350f,
dataset/train/pituitary/Tr-piTr_0009.jpg,pituitary,pituitary,2,train,a4ed1a2e34f60bbc8deb53dfe8c789a6765fec3d70b9919c0f19c40b8709d783,8c1717175579292b,
dataset/train/pituitary/Tr-pi_0010.jpg,pituitary,pituitary,2,train,9a63b51d98fb7d5aa1def8ef432cbed62796a6db95de5a04b1e6ea6e425645b4,8c17134d4d51296b,
dataset/train/pituitary/Tr-pi_0011.jpg,pituitary,pituitary,2,train,3527efa9cede765cf98fd0b1978b48b39738bf199d4eb9b7055b03ccc9419a41,8e1717154d55356b,
dataset/train/pituitary/Tr-pi_0012.jpg,pituitary,pituitary,2,train,6e8cc16bea89eef62eff38a84cc6cfabab1804172a48eb9e9a8a7844e68ba50b,96137131130f0f0e,
dataset/train/pituitary/Tr-pi_0013.jpg,pituitary,pituitary,2,train,8a52c45a4b3561782cb59cbe55e16d6de30ebe13ee52dc9d3c1a0ad9f67502f1,8e1717174d55354b,
dataset/train/pituitary/Tr-pi_0014.jpg,pituitary,pituitary,2,train,5072337e7f907af73f212ad03ff574dd4839d87afa68c62dfe999b812e313cb8,8e1317174d55374d,
dataset/train/pituitary/Tr-pi_0015.jpg,pituitary,pituitary,2,train,cbf0c6e83823bb9deca10e8df22caa30990ff5c1638d2808ed648deacfcd75e4,8e3315174d55774d,
dataset/train/pituitary/Tr-pi_0016.jpg,pituitary,pituitary,2,train,fbb38b463f3ff26342118aebac5e0ecd1e7b6cb2951f98ea7263cbc44a4c2a5d,9e3315170b55574f,
dataset/train/pituitary/Tr-pi_0017.jpg,pituitary,pituitary,2,train,612883797d661e00d1de5b584acd319684e96e687aec5182fec5021c1d2debf6,8e17174d4975554d,
dataset/train/pituitary/Tr-pi_0018.jpg,pituitary,pituitary,2,train,a2c4b5ea7da50e7be24713b8de8a5533887eae285785fdc3e2bb80c4de367dca,8f2946515962f919,
dataset/train/pituitary/Tr-pi_0019.jpg,pituitary,pituitary,2,train,6202045c980db4efd0747cf0ff62880374c25d24a1b528d35ee8815744ff432f,8f3116115460293b,
dataset/train/pituitary/Tr-pi_0020.jpg,pituitary,pituitary,2,train,22bf65b401d7b758e57010661ff40da7a18a6342bf870f98bbfa877af3f5d023,8f09161150603b1b,
dataset/train/pituitary/Tr-pi_0021.jpg,pituitary,pituitary,2,train,eb32825f129c509cabcb331ac2191a12850771eb5ae0ab048f1e7a30382c841c,8e334d2b92495103,
dataset/train/pituitary/Tr-pi_0022.jpg,pituitary,pituitary,2,train,619c95d49f80460a2723aca7b699d93583746b71cbf38cc878d85bf07bfac9e0,8e334d0a92492913,
dataset/train/pituitary/Tr-pi_0023.jpg,pituitary,pituitary,2,train,e347258cf08b55604a77b34f5449e3b9c24579f528aba1e191f1ec0897489c4a,96136d13130b0f8e,
dataset/train/pituitary/Tr-pi_0024.jpg,pituitary,pituitary,2,train,117736bc920454d1ae4e779216c15bd0c36b0723e23d091ab10ddc463513467f,8e334d0617494913,
dataset/train/pituitary/Tr-pi_0025.jpg,pituitary,pituitary,2,train,f225bab250a109486b978e52fddf1b478da7811ae759ace2bfa14330d601db77,8e334d2d156d6913,
dataset/train/pituitary/Tr-pi_0026.jpg,pituitary,pituitary,2,train,62fed2638ded6d0f1f9aecbaf71ed8800feadd41e00cb7f5b0630eaa398e0712,8e234d2b916d6911,
dataset/train/pituitary/Tr-pi_0027.jpg,pituitary,pituitary,2,train,6a3cbd7cfeec3597f894288b1c7abdce35da39896cb6884a10264ac8c5ff5695,86234d2b814d6913,
dataset/train/pituitary/Tr-pi_0028.jpg,pituitary,pituitary,2,train,5b490174983013cfdf7fba18d2b522e46073c7d9d289159ca21a286d85665148,4b17170d4d717175,
dataset/train/pituitary/Tr-pi_0029.jpg,pituitary,pituitary,2,train,f75bec4a247cc7c2a68717160d4302905cf47399875dda19674c6a97883e2b7c,8e3355968eccd650,
dataset/train/pituitary/Tr-pi_0030.jpg,pituitary,pituitary,2,train,3d4b908d39922072dc4ef972216f4062adaa62c3ce6622f860f21a039e171a89,55171d4dd555d4d4,
dataset/train/pituitary/Tr-pi_0032.jpg,pituitary,pituitary,2,train,805a331f00d33a927555fb69eb3c694ae4f0f008cbecc892a666b9dd63b89518,0f4b0b0a88d4d4e4,
dataset/train/pituitary/Tr-pi_0034.jpg,pituitary,pituitary,2,train,401c874169b2a1a0e0399f9f499735eb7539e9c2ea2ef37e376116174a242204,0e3f514971553b07,
dataset/train/pituitary/Tr-pi_0035.jpg,pituitary,pituitary,2,train,f59605a9076d7a3cff5cca14c7ec768a40e00f4e47e9f2f6e929170d02396d81,468b152d252b1736,
dataset/train/pituitary/Tr-pi_0036.jpg,pituitary,pituitary,2,train,b4bd72ae00a8a13da50534ebdde32366ab60b69b219515112356ac5a24b1bac1,0c0f5b493173230e,
dataset/train/pituitary/Tr-pi_0037.jpg,pituitary,pituitary,2,train,3804a20b65da56c2c75c3ac576c7bf93e80e0a80e0d9a179e4041764ac75fd58,5116132b4c2232b6,
dataset/train/pituitary/Tr-pi_0038.jpg,pituitary,pituitary,2,train,83f213d3d1f21f38bd43ad397774656ff87d0f1fe009b7a90ddad232aa70bb9e,6b1d358cccf0d4d6,
dataset/train/pituitary/Tr-pi_0039.jpg,pituitary,pituitary,2,train,2208db4f94c29e8f98223741b5778c837acd2aacff1f4ea29c7e3281d84586f1,468b152d252b1736,
dataset/train/pituitary/Tr-pi_0040.jpg,pituitary,pituitary,2,train,0b8eb0d5ea57ea7f094ed9fa29350f7201fae8333e044b89c70bb09664b6a6d0,0f0d33074c8e878e,
dataset/train/pituitary/Tr-pi_0041.jpg,pituitary,pituitary,2,train,5b434c06140079af48509d2a3c63f006684109bdda03090f84c57ed334c3c5cd,1c67470e67641114,
dataset/train/pituitary/Tr-pi_0042.jpg,pituitary,pituitary,2,train,24fba8ffc9164a5a20cc482473121deeb485cd25c7e8a03e737569bfe0f31494,1713170f2f537575,
dataset/train/pituitary/Tr-pi_0043.jpg,pituitary,pituitary,2,train,857318e9eb1f335d05f4700258466a78972a3e147365b2e3d0405def9eee3d26,0717332b17270f4d,
dataset/train/pituitary/Tr-pi_0044.jpg,pituitary,pituitary,2,train,ee78940b5ae5d8ca3af0fa6dd1bc77b1e522373cdf266c44201bb39fe4a91260,030711352d2b1313,
dataset/train/pituitary/Tr-pi_0047.jpg,pituitary,pituitary,2,train,454389a96853f36193737a5f5caacdc29b605ea188ac19949b0f96847dda34cc,8603072b092d2b13,
dataset/train/pituitary/Tr-pi_0050.jpg,pituitary,pituitary,2,train,a8d83b4a409171d5e2fbfc5bb45b3fca899f2a43a05277f951a361c2935204c4,862345094b692b1b,
dataset/train/pituitary/Tr-pi_0051.jpg,pituitary,pituitary,2,train,7e754b053fde0b657d3f4c4a3d4808304b6c2d39a31c75522185e42dd67e2183,8701031b5a716929,
dataset/train/pituitary/Tr-pi_0052.jpg,pituitary,pituitary,2,train,17348de7094bd75efa8be700086a44d480d539446cfd66f640d0cdb89644fcc9,8701039b9a556929,
dataset/train/pituitary/Tr-pi_0053.jpg,pituitary,pituitary,2,train,3ff24fe01a22cc7a29b5da4937df7a4faa6acd36ff4d587cdb47fa0fc6d26df7,8721039b1a75e929,
dataset/train/pituitary/Tr-pi_0054.jpg,pituitary,pituitary,2,train,5dc617b4e5e82154c5626d11ba9c751b8bf549c6a355069ec3b41c225ffa9cd3,8721039a1a714919,
dataset/train/pituitary/Tr-pi_0056.jpg,pituitary,pituitary,2,train,5356fe18570b280ba478b8334ff4ff1bb06131fecd66bbb8c92db12f79803a32,8e2f556975752b0f,
dataset/train/pituitary/Tr-pi_0057.jpg,pituitary,pituitary,2,train,1f0b1f08b16fd1d7172bc7633eca7d69ca10392607541fa45b1dc3c4282bf239,8335039b5a716901,
dataset/train/pituitary/Tr-pi_0058.jpg,pituitary,pituitary,2,train,d55f5e1110988831e955b84909a0175cf29d478ab715385996763d39e4d36274,8721231b52719981,
dataset/train/pituitary/Tr-pi_0059.jpg,pituitary,pituitary,2,train,0e3d0c18da9f9c54c9957d7b1a5bf41795310b1710ac50dabffc5a8c69eb5e0b,1307535153433575,
dataset/train/pituitary/Tr-pi_0060.jpg,pituitary,pituitary,2,train,fd9c92ad3e9de839602617fafde0ca04a3d5fb194c2c76d82be4fdc0a2833833,130752527363556f,
dataset/train/pituitary/Tr-pi_0061.jpg,pituitary,pituitary,2,train,9fda5386c137c79edb9299eec880295385f7df883134a4255c2dbea2e8120b3b,1307425252e3f737,
dataset/train/pituitary/Tr-pi_0062.jpg,pituitary,pituitary,2,train,9f63b6d6aa94de3d04b05a653bbe58a851edce2f20592baf5009e2501275b089,1303425053ab7327,
dataset/train/pituitary/Tr-pi_0063.jpg,pituitary,pituitary,2,train,11576cbb30883fcaae6d7bf292b4753abc5c8504d913a5d70e2874e09349d9f6,170f535053633367,
dataset/train/pituitary/Tr-pi_0064.jpg,pituitary,pituitary,2,train,d32fc61fa7079a1c9b1dc1e46f959cc83ef4eb407f86b36e92ce08d282947882,1307534853733377,
dataset/train/pituitary/Tr-pi_0065.jpg,pituitary,pituitary,2,train,79553eb9e0da2f6f54a0909d59a4fb07e013219b70a12e9c8dc81e2d7cb0dfd9,13037b4853733777,
dataset/train/pituitary/Tr-pi_0066.jpg,pituitary,pituitary,2,train,b35e517f8f891c6c79cfe47473d96a085550c9a3178413792693f24cda4ff097,c713161246696b3b,
dataset/train/pituitary/Tr-pi_0067.jpg,pituitary,pituitary,2,train,bfb27422febf755950e82f0403eacc775278799c400bd9e0278cc718bb630346,8e0f556d55552b0f,
dataset/train/pituitary/Tr-pi_0068.jpg,pituitary,pituitary,2,train,ee1f82ef6ec669fcf9acce1b77af8f7604a1880b15a3306e36f20d9d04e3ea31,cf13061242696b33,
dataset/train/pituitary/Tr-pi_0069.jpg,pituitary,pituitary,2,train,097af0282e23e240abe6f6d6492d46cfa7992f374647989d77cefbc46c6ec2dd,cf150c2272696b33,
dataset/train/pituitary/Tr-pi_0070.jpg,pituitary,pituitary,2,train,e8c1b5633b2e1a987e9a30697258a78509cd7cba6ab388d2cbc1651cb6ebf1f8,8713064262696b3b,
dataset/train/pituitary/Tr-pi_0071.jpg,pituitary,pituitary,2,train,47a7c0ad869afb29985e7d05ea020885bb6fb15d8e8469eb144a84dedec56b53,c713261250696b3b,
dataset/train/pituitary/Tr-pi_0072.jpg,pituitary,pituitary,2,train,3bd4e3a1635729598f0f665ed24acbce0695e9c2d9f1abda4050a36ee9e28b26,87130e0a5a6b6b3f,
dataset/train/pituitary/Tr-pi_0073.jpg,pituitary,pituitary,2,train,42231ab7fe57d5d19f542c507fc4146aca2a6eefa4426992e6a1448784631037,cf030a0a524b6737,
dataset/train/pituitary/Tr-pi_0074.jpg,pituitary,pituitary,2,train,9b6060250c99bd228c2fa14f190cfd90959504fb93223218a111c65d6ba59ac4,132333a957393b33,
dataset/train/pituitary/Tr-pi_0075.jpg,pituitary,pituitary,2,train,0c32dba4f62379edb1d0b6670bc6853badc1d3c18c78aa9878453be85437e472,1327738955697b33,
dataset/train/pituitary/Tr-pi_0077.jpg,pituitary,pituitary,2,train,f4a433b73da93954d529a73aec77c29f15649ecb43de373079c952ff0bfde74e,1321139153697333,
dataset/train/pituitary/Tr-pi_0079.jpg,pituitary,pituitary,2,train,b516b70c6785e9ca133745b3486e6e6639fd00be5ce542d27d2b8276ed4dd476,132153915369f333,
dataset/train/pituitary/Tr-pi_0080.jpg,pituitary,pituitary,2,train,1e52268bb60aff5502ed380763af0a9e52b14f404fd638df9adfc3b146f295b5,132553a97369f333,
dataset/train/pituitary/Tr-pi_0081.jpg,pituitary,pituitary,2,train,5534abc53fbac7fbffe4af8f436237c415f70bc3e5360117e7b2c90a0a253728,8613072b0f456b09,
dataset/train/pituitary/Tr-pi_0082.jpg,pituitary,pituitary,2,train,a5a95cb000ce8bfec97505017cc8778f3731aa8ef5186727ece718a859ea3530,86130d2d2b656b11,
dataset/train/pituitary/Tr-pi_0083.jpg,pituitary,pituitary,2,train,4fa0587d9070123d715af0204fa373a64846bc42a6ed1d55e5017196bd7b0113,8613090997656311,
dataset/train/pituitary/Tr-pi_0085.jpg,pituitary,pituitary,2,train,d927f8b4b691186b8070f2161d1c6dd13fbeadf51d2319689787308ff817c6e6,c61305232b656b13,
dataset/train/pituitary/Tr-pi_0087.jpg,pituitary,pituitary,2,train,fa835932d746ab2a7dfd382f13c8e7be99a2f60855bc484ac487d61ebebaf0b8,8e1b15513d21a767,
dataset/train/pituitary/Tr-pi_0088.jpg,pituitary,pituitary,2,train,b843611b7381ac2326524d41ef5cd990358d49076bf7b043e85b4bc57f7a696e,1306304861303313,
dataset/train/pituitary/Tr-pi_0089.jpg,pituitary,pituitary,2,train,6fceaa0c3235e9fe2105f1e1beeb9bc3334396aae30eb9aba6ad3936531a4527,0e17174d2b2f2b8e,
dataset/train/pituitary/Tr-pi_0090.jpg,pituitary,pituitary,2,train,18771a5f6c07a554a483f978a8fd31a12098dffc7e5fa6ac4b1ff7b80ef9fc37,130e32486178331b,
dataset/train/pituitary/Tr-pi_0091.jpg,pituitary,pituitary,2,train,f5314657eb72da26df12f5d89b602db19f941e59a2aeb034bbd77be56a459b93,1b06336161783333,
dataset/train/pituitary/Tr-pi_0092.jpg,pituitary,pituitary,2,train,3873f9a154315185f20744d373f2376f3578fee4256389f764bf70b0b55ffa54,130e936060793333,
dataset/train/pituitary/Tr-pi_0093.jpg,pituitary,pituitary,2,train,0320f2ea582ad1dfaa9c05864360b873f5fec1fee3e35cf6b5e6237c53351497,1106316860783333,
dataset/train/pituitary/Tr-pi_0094.jpg,pituitary,pituitary,2,train,e0d5d1154904c9cd2e1a571ca029578ae46ea3e2d869062685ea7b050f8ab591,870d370b45290b03,
dataset/train/pituitary/Tr-pi_0095.jpg,pituitary,pituitary,2,train,013fb05dc794ae389ed805767e26a11def0bff389c0e569f868be6ac8fd0a90f,0309051313290303,
dataset/train/pituitary/Tr-pi_0096.jpg,pituitary,pituitary,2,train,74e17e573688e7caf1a968212a414b3398dfde9376b56fe561c00a416a4ba480,8721455113290b03,
dataset/train/pituitary/Tr-pi_0098.jpg,pituitary,pituitary,2,train,97d915930127e6f5a024b182ebaecec6f8f796eb236da1dc26d886e2121068ed,8729535943298103,
dataset/train/pituitary/Tr-pi_0099.jpg,pituitary,pituitary,2,train,b7b77018cec94e4671e86b308de75bffc685a54e0f21ad9ce51fb32d6b803a96,8709331143299107,
dataset/train/pituitary/Tr-pi_0100.jpg,pituitary,pituitary,2,train,f30ed5f606402b91e4e5ec4fdbc0ab825cb494a48bcaaee4451f0dd1d09dacdb,0e07174d332f2b0e,
dataset/train/pituitary/Tr-pi_0101.jpg,pituitary,pituitary,2,train,dfdb6e40b5fdb41ab638409b48971ab15aadd91a1ec60e3470109bf1d698f390,870d3309433d1187,
dataset/train/pituitary/Tr-pi_0102.jpg,pituitary,pituitary,2,train,a3f2fbef5ba86a9391d686bba154ab3e45b05a3f5801cc659239723973338a9c,8613051302591903,
dataset/train/pituitary/Tr-pi_0103.jpg,pituitary,pituitary,2,train,d9adabf0b0ea24661b38872c9689bce9d0f84899b3e46fad6aebeccade28ffd1,861305230b652909,
dataset/train/pituitary/Tr-pi_0104.jpg,pituitary,pituitary,2,train,278c865065e2744ef9904c76c2b15595e63023bb6167bb419facae9b2a267eb8,86130d0303492909,
dataset/train/pituitary/Tr-pi_0105.jpg,pituitary,pituitary,2,train,c5662b6a9ac5ff4083d41ecd6be33e4692ffe16248596d5db04e3706d8b386ea,8713032149692b13,
dataset/train/pituitary/Tr-pi_0106.jpg,pituitary,pituitary,2,train,c52c1de88a87a899f1c5db55927006d3bb41014e85554d95b586357246b14b61,87330321686d6b33,
dataset/train/pituitary/Tr-pi_0107.jpg,pituitary,pituitary,2,train,dea65808e631f46024aaa034984629ab8a455f2b951ca7022f12fa9e62b7c8ff,87334109226d6931,
dataset/train/pituitary/Tr-pi_0108.jpg,pituitary,pituitary,2,train,dea65808e631f46024aaa034984629ab8a455f2b951ca7022f12fa9e62b7c8ff,87334109226d6931,
dataset/train/pituitary/Tr-pi_0109.jpg,pituitary,pituitary,2,train,901543968ed4941110082f375b9f163d8866c8bc21135bf5598de4310157f579,87330921226d6933,
dataset/train/pituitary/Tr-pi_0110.jpg,pituitary,pituitary,2,train,ddd225e7b6c584a9167cf040f591192f9bd3674ad2ccf6dc1c1b93e72665b1bb,1502151236110908,
dataset/train/pituitary/Tr-pi_0111.jpg,pituitary,pituitary,2,train,ea7d6b08b7112c10cb818c2ebb590ce9bb2cc5bb52f93bc37cc664cf881aefd8,0b17114d470f130f,
dataset/train/pituitary/Tr-pi_0112.jpg,pituitary,pituitary,2,train,23affe95d0bb96140f72e3f46e0179fecfa4cd9ce310088d725f101b966a2fd8,0d17230b3717270f,
dataset/train/pituitary/Tr-pi_0113.jpg,pituitary,pituitary,2,train,c6abfbc5ea797c3ba4d75d17bd2ac8798a2f9b58f6633a4396616f3de9655922,15060d1233310908,
dataset/train/pituitary/Tr-pi_0114.jpg,pituitary,pituitary,2,train,b433361a026675a250f22f0a71a080015c1e6ea1e85a954f529e3ca0329a8e25,860307330b456313,
dataset/train/pituitary/Tr-pi_0115.jpg,pituitary,pituitary,2,train,bc6ba73fa474b22796340c9f1b830f94ab593fee5c4a7540d453fef9628dbc8b,860307230b4d6b13,
dataset/train/pituitary/Tr-pi_0117.jpg,pituitary,pituitary,2,train,a7f1feac8a82c7da74d07afa3a66ad0fb595a8ab9c73195ea77dc1870a9b1028,860b070b056d6b33,
dataset/train/pituitary/Tr-pi_0118.jpg,pituitary,pituitary,2,train,81c7ef40437e991db214bcfd0552bc0215640a3dec9b82da622238ed23185e76,860b07230b6d6b33,
dataset/train/pituitary/Tr-pi_0120.jpg,pituitary,pituitary,2,train,69e80166e4e9903bdcf909fb33069d846ae20789d412be78830808a1e2fd9a7a,8307131343693b3b,
dataset/train/pituitary/Tr-pi_0121.jpg,pituitary,pituitary,2,train,59d337700c5185898453a717e791fb93403609f150138c2016976b990752f535,830f1213426d3b1b,
dataset/train/pituitary/Tr-pi_0122.jpg,pituitary,pituitary,2,train,0fa10a90752d99ee5543b3e76263ca7566a8e2f18d26e112c934d9973f5011de,830d161052617b1b,
dataset/train/pituitary/Tr-pi_0123.jpg,pituitary,pituitary,2,train,3434bfe5604d8dd0e0aad8e50b1a42b378b9b31e4e68a3988e22566d8a9f16da,0d172b0b3307070f,
dataset/train/pituitary/Tr-pi_0124.jpg,pituitary,pituitary,2,train,6c0a57ec9b31044d7ead0dd1ff3124a3c5ad222e31a8b2e8ddb700d20d3b865e,830512126261391b,
dataset/train/pituitary/Tr-pi_0125.jpg,pituitary,pituitary,2,train,8c550079ec553c39bbc38980f8392c1976fb37c5703e93855fc3aa4189df97db,8307122242692b3b,
dataset/train/pituitary/Tr-pi_0126.jpg,pituitary,pituitary,2,train,da37773fc37350e9fcab014dcb3009def0e4c4faf5bb6f6e3dc7652753b15ec2,830d130242693b3b,
dataset/train/pituitary/Tr-pi_0127.jpg,pituitary,pituitary,2,train,14fb1c17d91efa30b2b00c22970cc73817a7a9eb489329fbcc0b35206eaaea51,8b0a090026341137,
dataset/train/pituitary/Tr-pi_0128.jpg,pituitary,pituitary,2,train,cfabf4b6d86240b5c0d8b41509d63a8757bc3cad234050c0a3d4f103fef3d679,830a0b1222341133,
dataset/train/pituitary/Tr-pi_0129.jpg,pituitary,pituitary,2,train,ff4f5c412f7a34b723bfc9c0572f54be109031bdb317c008920fa6775ef422ae,8b02190420481f17,
dataset/train/pituitary/Tr-pi_0130.jpg,pituitary,pituitary,2,train,c5cc791e3c34a75c7dd5294057cf972d118738c34c02d55009ebba3e9437c82a,46072d33894b291b,
dataset/train/pituitary/Tr-pi_0131.jpg,pituitary,pituitary,2,train,5deebc6f15bd49c212271b69fd3cd083580b4225140e053d9db074abaa2e7529,46130d338b69294b,
dataset/train/pituitary/Tr-pi_0132.jpg,pituitary,pituitary,2,train,e2072eaa2bc858f6ccb4bc0eec8b9f844a9957f0bc2a0a0564a5306ea7b83cfd,460729231a61294b,
dataset/train/pituitary/Tr-pi_0133.jpg,pituitary,pituitary,2,train,68a212377e2252810edf3b67891b656ced1ea2639995165acdcbf04f136f073c,c607294791692989,
dataset/train/pituitary/Tr-pi_0134.jpg,pituitary,pituitary,2,train,fa722d489855c3b86aee183ec10619a5fb285ea210b7b212de43a8e6ee4a290f,0d0f2b0f3717170f,
dataset/train/pituitary/Tr-pi_0136.jpg,pituitary,pituitary,2,train,49b8e362ec3809a5c9701d679f368d530f990abef8c6470571631c7a93f284f6,ce070533094d6913,
dataset/train/pituitary/Tr-pi_0138.jpg,pituitary,pituitary,2,train,e99c672f26af250b3eded9b23e6ac650ffded757868636f7483b30e7bbcb7a1c,ce07052309656933,
dataset/train/pituitary/Tr-pi_0140.jpg,pituitary,pituitary,2,train,034fa02cddc4161d999241e4617fd1d1223249b8aeb76fd6f3e82349e33b41f0,ce072561596d6b1b,
dataset/train/pituitary/Tr-pi_0141.jpg,pituitary,pituitary,2,train,1cc6dd52e9e3f6b90046cbcf4fbb22ebb1388256d6ef6f3178499080f635f4ec,ce070921194d6b1b,
dataset/train/pituitary/Tr-pi_0143.jpg,pituitary,pituitary,2,train,81920af4b5738e9cd262af33d4cdea2d30410b7942ec4e550a4d30fd5e2f484c,c603031b231b491b,
dataset/train/pituitary/Tr-pi_0144.jpg,pituitary,pituitary,2,train,7f37320f54c70ee7debee6efe24c8f7c3a1193a48c68f6b91abf06e0a068a862,c703031b534d490b,
dataset/train/pituitary/Tr-pi_0145.jpg,pituitary,pituitary,2,train,13b5d2994a046400cddce42771ad82a47ee704a1734bd5ed27449826528d8878,0e1b2b4d4d172b0f,
dataset/train/pituitary/Tr-pi_0146.jpg,pituitary,pituitary,2,train,be1b0d02304dc1a217826b1659f7349e926b9d08ac28feeb6ec6cbfbc202944d,c70303130b1b191b,
dataset/train/pituitary/Tr-pi_0147.jpg,pituitary,pituitary,2,train,010841515b9457161c3065e47b2b983ebf5883edb809e206b1d43a4c745ca8d6,c70303131b0b2919,
dataset/train/pituitary/Tr-pi_0148.jpg,pituitary,pituitary,2,train,73b4d1045f85de28c25ac7cd09eb62f151c5fc94de4cd8270ccb6cedbb8ef384,c70307335b4f2919,
dataset/train/pituitary/Tr-pi_0150.jpg,pituitary,pituitary,2,train,8082b25fcb59c0adc03966144585a364dabb720055655e61eb2245166908b1df,c7130f135b3d2919,
dataset/train/pituitary/Tr-pi_0151.jpg,pituitary,pituitary,2,train,e02e6824a374663baad91c59340b8002e6f9bf8d10ba3fb046581b1972dcc301,c71703135b4b2919,
dataset/train/pituitary/Tr-pi_0153.jpg,pituitary,pituitary,2,train,c7f66f83f1c6b20c3aad82ff4fb4df53e01b14c8b52db1db656fa7007ae39f6f,c71303135b4b491b,
dataset/train/pituitary/Tr-pi_0154.jpg,pituitary,pituitary,2,train,a1a596cb0d5260808b5743fb727e8b81ddaeaa4a8e3bb095eec949e3ff8a561a,8f0d0a09516a3b15,
dataset/train/pituitary/Tr-pi_0158.jpg,pituitary,pituitary,2,train,44c816949c301091212df595aa3db5f598a27643d563d0595a7d23de9d1a71b6,8e37574d4955554d,
dataset/train/pituitary/Tr-pi_0159.jpg,pituitary,pituitary,2,train,6c374ab41105e5927d08e15103c8c27416f8e7d03c15c03d104ace5b310bd0ed,8e37574d4955554d,
dataset/train/pituitary/Tr-pi_0160.jpg,pituitary,pituitary,2,train,6c374ab41105e5927d08e15103c8c27416f8e7d03c15c03d104ace5b310bd0ed,8e37574d4955554d,
dataset/train/pituitary/Tr-pi_0161.jpg,pituitary,pituitary,2,train,886a008f152db4002ce438fdc12cf795a8f16ec749a33251a463a82c6a9aa529,cc1737154d51552d,
dataset/train/pituitary/Tr-pi_0163.jpg,pituitary,pituitary,2,train,8a80675672f9be41830b87889beb2ab5c8a4e3f728cde3b4e48d5ca50ac5fc0d,8e1755154d51552d,
dataset/train/pituitary/Tr-pi_0164.jpg,pituitary,pituitary,2,train,f4222a5ad9f3b58f8bb00a22f4a306ab14b9b8deef1e94c998724f4fea92cf8c,8e1745154949556d,
dataset/train/pituitary/Tr-pi_0165.jpg,pituitary,pituitary,2,train,fa40724a7210c30ee619fb77af6ada50148e70e55216d40bfbaf8e9c3f7ae462,8e1355154d4d554f,
dataset/train/pituitary/Tr-pi_0167.jpg,pituitary,pituitary,2,train,00c30197dc30f7dd8b029ebd3a700d0d63833a434fa54a1fa869c421494a7544,0e0f116d37230f0f,
dataset/train/pituitary/Tr-pi_0169.jpg,pituitary,pituitary,2,train,8a4a14e666a67b90bf01bac1b85170bacf41fda33c7a7394d5e82e83c6f6f324,0f09b66a505255f7,
dataset/train/pituitary/Tr-pi_0170.jpg,pituitary,pituitary,2,train,8a4a14e666a67b90bf01bac1b85170bacf41fda33c7a7394d5e82e83c6f6f324,0f09b66a505255f7,
dataset/train/pituitary/Tr-pi_0173.jpg,pituitary,pituitary,2,train,3719dd82c068737f685c63f7fcc79e13ec2cabd315ffbed93db49c010fd719a4,8721133b036b5b0b,
dataset/train/pituitary/Tr-pi_0174.jpg,pituitary,pituitary,2,train,58ebe415bb00af6702b457b014c58afd9c302861e503dbc5ee01cd0ac6b09036,872113238b293911,
dataset/train/pituitary/Tr-pi_0175.jpg,pituitary,pituitary,2,train,6e7df1c2518806102376ee4fd86b7512535cd89a8272c185d1932a438eb9eeb4,1329032b4b693911,
dataset/train/pituitary/Tr-pi_0176.jpg,pituitary,pituitary,2,train,61d93c3ed3679a865b1671fcfc8cf2e211e4fe2b0d702fb1506a073d36bcae33,132103ab4b697111,
dataset/train/pituitary/Tr-pi_0179.jpg,pituitary,pituitary,2,train,0dd42bcae44d080bbc2678c42ca3884e8c8682b95a0255ca19872029a36491d4,1325472609692911,
dataset/train/pituitary/Tr-pi_0180.jpg,pituitary,pituitary,2,train,4942c3df21bd714e4d0fe9db03de2c005143ca836e4f22d7aae05e9d6206ae90,1325033303492913,
dataset/train/pituitary/Tr-pi_0182.jpg,pituitary,pituitary,2,train,02d29847c192393f63c611d44d3e536c967913583dbde3f65aa9dac967435ede,c6134d011b596b33,
dataset/train/pituitary/Tr-pi_0183.jpg,pituitary,pituitary,2,train,2452fcecdd1db18968cdcfd4b6a8a33da671ea1899a3fff889847521fc728167,86134d45516d2933,
dataset/train/pituitary/Tr-pi_0184.jpg,pituitary,pituitary,2,train,a628596a412c41d030403a46a016021bee229ede9d44b4008a3e90e8cca7cb3d,861345054f691b09,
dataset/train/pituitary/Tr-pi_0185.jpg,pituitary,pituitary,2,train,a30902b53ded75d82bc63044ff156a3cc12c52a8b1d12cd860777c2dbe0fe5ab,070d170945697333,
dataset/train/pituitary/Tr-pi_0187.jpg,pituitary,pituitary,2,train,93d6fc0863ca5409c241367b0285c5c5d5f7f5e2dd96ffe4d69ad2cd74414b4e,070d072555697333,
dataset/train/pituitary/Tr-pi_0189.jpg,pituitary,pituitary,2,train,aae40d943f128a07eab4241a19115ae4d066eff59c251d615b4cc11cd8424e57,0e1f556973334523,
dataset/train/pituitary/Tr-pi_0190.jpg,pituitary,pituitary,2,train,de22eb828ef4e8a3fc3bc01957398196923119da5945efaf7cd9786413d91006,87130d3703692913,
dataset/train/pituitary/Tr-pi_0191.jpg,pituitary,pituitary,2,train,0f1cb299ff1c665492699839b5bc951b24819e229d6a4d0cff8557f2e09343b3,8713270a2269291b,
dataset/train/pituitary/Tr-pi_0192.jpg,pituitary,pituitary,2,train,c1724a49e6d78cdf98935f1e8eb671d659c99b3f547afc98f9621efa88429804,861307362261691b,
dataset/train/pituitary/Tr-pi_0193.jpg,pituitary,pituitary,2,train,32b7033da0e4acfbd51422d2692e37b962ffa1f9a0e779c89d4b38bb950bdfb8,861305332369615b,
dataset/train/pituitary/Tr-pi_0196.jpg,pituitary,pituitary,2,train,ac7cc8a3e74548137747b5e8f49a349fbfe53413fd4f270e1c50be94b923b22b,113b39206969090d,
dataset/train/pituitary/Tr-pi_0197.jpg,pituitary,pituitary,2,train,20df36cfc35d068c7a5784f33355cf971f53de120f1d0f56f5e56990dac74c61,1133302a29290d0d,
dataset/train/pituitary/Tr-pi_0199.jpg,pituitary,pituitary,2,train,4f6e88f42fe5fc77ace6a8ce229a13e9167eefb40b6d306685a1c0826de81e70,152930004c651919,
dataset/train/pituitary/Tr-pi_0200.jpg,pituitary,pituitary,2,train,b8a43367bff395d122fb645791fb48ca6d0f3331c268aa7898112e9a6397b48c,0e1f556973334d23,
dataset/train/pituitary/Tr-pi_0201.jpg,pituitary,pituitary,2,train,9922577861439c4f6eb2518eb54377db4bc147811dc55ef06f6b8f7f658985a1,051532404d51190d,
dataset/train/pituitary/Tr-pi_0202.jpg,pituitary,pituitary,2,train,d87f55bc186dbab65af05275fd1a51aae018eb9faee0751d458a7790fbff800e,051d30246d4d1d0d,
dataset/train/pituitary/Tr-pi_0203.jpg,pituitary,pituitary,2,train,8dd4f013fd797381cdcfebe8f00c7107b5d1d97a62c04df86824d7ef98d8c64f,031d39246d4d4d0d,
dataset/train/pituitary/Tr-pi_0204.jpg,pituitary,pituitary,2,train,bbd45ab46b78d0c71a4d06b87a20cc8ced4646521db8b5d65ef450e8a7254bc6,8603071b2327331b,
dataset/train/pituitary/Tr-pi_0205.jpg,pituitary,pituitary,2,train,ec1613b2f8e28abc1327eee31b6b4decb83d15f97422c9fcbcacd2fd1c4b3714,8305122960c6f333,
dataset/train/pituitary/Tr-pi_0206.jpg,pituitary,pituitary,2,train,9d38c41cd3a4cc9f80907a1ce7335efb151b605cfe15b2ce31ec47da7a6cf6eb,8b0b162145427b33,
dataset/train/pituitary/Tr-pi_0208.jpg,pituitary,pituitary,2,train,9d65acd152ccaa81d3531e73d412898186474f3eedbbbf9c3ae13ef4f341ef68,8305122c62687333,
dataset/train/pituitary/Tr-pi_0210.jpg,pituitary,pituitary,2,train,3006fcd22a70086e4994174ce9a92437d0440148532d9c84dde675c488ec5066,8b05124a62683b37,
dataset/train/pituitary/Tr-pi_0211.jpg,pituitary,pituitary,2,train,c600ac973f16350d21eb0320df22be91c47fd047859b2bf4b63bef31e8bd92bd,0f37335d4d552b0f,
dataset/train/pituitary/Tr-pi_0212.jpg,pituitary,pituitary,2,train,d24ed1577de77f289d9fff6eb001012389a169e57e99a1d8a80d553ed1188d3e,830d124c62583b17,
dataset/train/pituitary/Tr-pi_0213.jpg,pituitary,pituitary,2,train,86a29a42c81f4204cac89a9915aeff2e19225b346261ea1f6b8917fbf5d038d7,830d12444a583717,
dataset/train/pituitary/Tr-pi_0216.jpg,pituitary,pituitary,2,train,6e1b243fd3c78e5d161d93311c0dd539ae88ceec43b683ea21e7fc415e2b9cfc,234bb32b5369e1c3,
dataset/train/pituitary/Tr-pi_0217.jpg,pituitary,pituitary,2,train,89ef780c0cd2b86da2dc97763f038defb5ff3307147dfce9901854616cf069eb,334993135569e1c1,
dataset/train/pituitary/Tr-pi_0218.jpg,pituitary,pituitary,2,train,dcf5eee9d2c935c881e86c64886df813b33910e877a60879408fc0d9921ebbf7,130b333351696141,
dataset/train/pituitary/Tr-pi_0219.jpg,pituitary,pituitary,2,train,5ad5cba7d03927d82fc5985a79b57ff7c0f5d93427431f25b4f44838290f61fc,3343b12011696141,
dataset/train/pituitary/Tr-pi_0221.jpg,pituitary,pituitary,2,train,9add2d12a5b4ca15502fb6964d1353c4725c3e4affd5d6f9d142b1f70cf7e219,3343a32951492143,
dataset/train/pituitary/Tr-pi_0223.jpg,pituitary,pituitary,2,train,e740d14e4fcdfed23ad9b58b86914d01bf2066bdec9bcef075d6aca8190be581,0f33334d4d552b0f,
dataset/train/pituitary/Tr-pi_0224.jpg,pituitary,pituitary,2,train,3e0458aa51bf4574bd16d42413768eb5451887b59c8b9cdf508ce7032b9edc71,1343332953491b4b,
dataset/train/pituitary/Tr-pi_0225.jpg,pituitary,pituitary,2,train,8e2a3b157a7649233a936aa55b4b3c3174ab2d651fbf87f1af9070a58ddaef1f,8627532303496b13,
dataset/train/pituitary/Tr-pi_0226.jpg,pituitary,pituitary,2,train,a1ee82164acd190067400d50f236fbb6004c0002fe3c09e4cf2d71752865140b,8627572355496b13,
dataset/train/pituitary/Tr-pi_0227.jpg,pituitary,pituitary,2,train,a1ee82164acd190067400d50f236fbb6004c0002fe3c09e4cf2d71752865140b,8627572355496b13,
dataset/train/pituitary/Tr-pi_0228.jpg,pituitary,pituitary,2,train,19a6c0a87129e3bc3be050bfb95355f21a14788b9fa5d8ec1358f76488bda1dc,862357271559eb13,
dataset/train/pituitary/Tr-pi_0229.jpg,pituitary,pituitary,2,train,e578d23762d2b3736ff6b8d0c0ec8e6e40532e47228d7878250daa97d955ff76,8e274f0155496b13,
dataset/train/pituitary/Tr-pi_0230.jpg,pituitary,pituitary,2,train,54cd82638bdd10c0d459ec7ff9417b813ccc44cc41471d959add974cd302cb24,862747211d496b13,
dataset/train/pituitary/Tr-pi_0231.jpg,pituitary,pituitary,2,train,0aacc35e5930ea8e75ec9e42976bc4f4d104ec618d8797e5c5c3341df88fee42,8627572301496b17,
dataset/train/pituitary/Tr-pi_0232.jpg,pituitary,pituitary,2,train,d03ab191af0d13be18912d424aee462c1cc65da5c2a704ce4812d3a7c82a7015,8627532b01594917,
dataset/train/pituitary/Tr-pi_0233.jpg,pituitary,pituitary,2,train,33943605cf9def01a34236e38ed428bbf50cb7f889cbacea692e913ae2f0b028,8623532b11555557,
dataset/train/pituitary/Tr-pi_0235.jpg,pituitary,pituitary,2,train,303e83613fa2aed8932bf7ca1035153e807541b5b4ad6eeb89b22225d175ebc9,170522286268e973,
dataset/train/pituitary/Tr-pi_0237.jpg,pituitary,pituitary,2,train,fc848452cfe821fcf1d013530ae002c2f863447e453ffce056d61cea5d1d9d2b,172532286268e933,
dataset/train/pituitary/Tr-pi_0239.jpg,pituitary,pituitary,2,train,6747d3908e600f71db2c8b219df0d3c5eb0f6ba1fd228b06202053be0769a90a,8e2345a14b692919,
dataset/train/pituitary/Tr-pi_0240.jpg,pituitary,pituitary,2,train,de0474536d195a0fc4209cb2707a6a7d20fa3e6158989071c8815b09d2546c5e,8e234d914b2d7113,
dataset/train/pituitary/Tr-pi_0241.jpg,pituitary,pituitary,2,train,f0f807c33e892a71ec56d183f5a5956c2ffde3cfc9334aafe4fb748a5790a1bb,8e2347255b0d2113,
dataset/train/pituitary/Tr-pi_0242.jpg,pituitary,pituitary,2,train,9dd82ba057eed76ed646f547d3a24df84f66a3ecc4f50b23bd743c797f27b6fb,8e2357234b492919,
dataset/train/pituitary/Tr-pi_0243.jpg,pituitary,pituitary,2,train,337dc53236cb4b2d78a50b5c73323c66787fda550cf3fef17cb70603f7b8b370,072d0769db697b3b,
dataset/train/pituitary/Tr-pi_0244.jpg,pituitary,pituitary,2,train,9e4a16cf08dedf989025984901b55dc8dc8b78067bbb2bb251d580107e3176bb,07210f0c5b696b3b,
dataset/train/pituitary/Tr-pi_0246.jpg,pituitary,pituitary,2,train,ee3f9b41c2d75bf117fd49cbef26f526dc53cbac73066818dde1429bb7e0e367,07230ea45a696b3b,
dataset/train/pituitary/Tr-pi_0247.jpg,pituitary,pituitary,2,train,0dec5bfe981da76279f9b98735d7adcbe30bcc5e61bb2c9d4611ba3c48a6fef3,072527aa5b696b3b,
dataset/train/pituitary/Tr-pi_0248.jpg,pituitary,pituitary,2,train,b911f9d0054756eb919496a218099c5b535e680958058e257cdb966ac8fe6efd,8725276b1b696b3f,
dataset/train/pituitary/Tr-pi_0249.jpg,pituitary,pituitary,2,train,c86a932b2313c54b5ee10adf14da318ad76d07c9de0df5301c29bcc8301d56aa,870d178b454d7177,
dataset/train/pituitary/Tr-pi_0250.jpg,pituitary,pituitary,2,train,2fc97fcdbb74907e1f32a2ee95a97353a26c40076a53628a530f738f3292a1ee,870d17094445f367,
dataset/train/pituitary/Tr-pi_0251.jpg,pituitary,pituitary,2,train,e80f43f4f1febc8a8031b42cfaf228b1764355e42d0512505b8929ebf432dd60,87090e1cc4e96367,
dataset/train/pituitary/Tr-pi_0252.jpg,pituitary,pituitary,2,train,e4f48a4105f7f4e8dc9ea6f6a81eaa424fd42fb554a2e67a86dbcb40f5fe2bf1,8e1757554d555713,
dataset/train/pituitary/Tr-pi_0253.jpg,pituitary,pituitary,2,train,0a7449717c1352419403dfb54d64a7a0ee57853ca104902308f8bb1fa4633564,8e3757172b6f172f,
dataset/train/pituitary/Tr-pi_0254.jpg,pituitary,pituitary,2,train,a621d023075294efa0c20daa710bb9ce0582e5c3e5b003a6da26f889711572dc,8e3357572b4f570f,
dataset/train/pituitary/Tr-pi_0255.jpg,pituitary,pituitary,2,train,eb221075b4c98d851e75a3a58df90813e15077672ea696fca50956bf8bf5b50a,8e1717554d170707,
dataset/train/pituitary/Tr-pi_0256.jpg,pituitary,pituitary,2,train,9c55281145ad89b215c12f83dd29adecd66ace3272d6341e58930a6c2d78a30f,8e17334d69353513,
dataset/train/pituitary/Tr-pi_0259.jpg,pituitary,pituitary,2,train,0658cca24ed6e02cc6d8779d0e65732e284b6f8e6cd861c3455c18ff4fd4b78c,8e23175549131717,
dataset/train/pituitary/Tr-pi_0260.jpg,pituitary,pituitary,2,train,29f7d8cbe83c3d4f13c2a7a09bea6479aaadd3744a4db0b07cd35b159013cab3,8e3317554d371717,
dataset/train/pituitary/Tr-pi_0263.jpg,pituitary,pituitary,2,train,8cc006891641c908e4aec0c2a10f2d84a59a90b843c0ebf23a27a2258a0c84da,8e1717555555332b,
dataset/train/pituitary/Tr-pi_0265.jpg,pituitary,pituitary,2,train,2bf901bbe9c81f23f75e6c8b8f6ba3644015c844dc4d180dfa42c5c28c8c97e5,8e1355176955555d,
dataset/train/pituitary/Tr-pi_0266.jpg,pituitary,pituitary,2,train,cb8a36f3c7bf08eae66ff50faea0f1ff616a2a8c087b9ef1ec52f96fbfd29f44,861355176955555d,
dataset/train/pituitary/Tr-pi_0267.jpg,pituitary,pituitary,2,train,c707f62bd833251a20afe675431e77796960cf0d694567238db38408b3ed398a,8e17334d69153513,
dataset/train/pituitary/Tr-pi_0268.jpg,pituitary,pituitary,2,train,4226cdcacfe5729e7e7643cec5a2131359e75db088a69e4e96fb190a8e37df65,4e1f17476d31555d,
dataset/train/pituitary/Tr-pi_0271.jpg,pituitary,pituitary,2,train,9954e4a8d90d70f3eb0d6acaaa365ddda31fe28b1a1257c8f97e9c91c5be840f,8e1f174f4d4d5555,
dataset/train/pituitary/Tr-pi_0272.jpg,pituitary,pituitary,2,train,2c8f4332510fb895098c5d6fb6e5f5b991bc2abd1b10491523dda47804a19791,8e3b174f4d4d5555,
dataset/train/pituitary/Tr-pi_0273.jpg,pituitary,pituitary,2,train,7632831f8e0a76e0e1abbf512bd7fdbcaf9b2926ada2ee880712b6eba8952e24,8e3b174f695d656d,
dataset/train/pituitary/Tr-pi_0274.jpg,pituitary,pituitary,2,train,cd3f4e97721fa8bb0a23d92945e6e258f2777038dd09b09b1338deb76a089f5d,8c0f170f45371317,
dataset/train/pituitary/Tr-pi_0275.jpg,pituitary,pituitary,2,train,c5fae0f09610230c9e916ed7da7508c4d133f8fb8d5762f6f2d182414d49704d,8e07172f4d571717,
dataset/train/pituitary/Tr-pi_0276.jpg,pituitary,pituitary,2,train,ac62dd6ff602203e01d2bb6cc6ec679dbd9ecfbdc5956b5d810fbb18d344c27a,8e07172f4d171717,
dataset/train/pituitary/Tr-pi_0277.jpg,pituitary,pituitary,2,train,45bfb484733b3c9c87adf8053e8449d1a6e4f59c62acba918d38e394cf60a0cb,8e07130f4d171717,
dataset/train/pituitary/Tr-pi_0278.jpg,pituitary,pituitary,2,train,8812ef8e88fca80388f8c2c2d94cd87d5c110dc498c34db3a423a9afd848c307,8e17134d69151517,
dataset/train/pituitary/Tr-pi_0279.jpg,pituitary,pituitary,2,train,c695ce63d3797d58481d2b9b36973e4441577e5a887296583baca7abc70c063b,8e07170f6b171713,
dataset/train/pituitary/Tr-pi_0280.jpg,pituitary,pituitary,2,train,6c8faf8ddb7eb55c5228605110f32660552f95cf8fe7e8704043d502075e328b,8e0717172b171713,
dataset/train/pituitary/Tr-pi_0281.jpg,pituitary,pituitary,2,train,91fa221cb32645b8d9f52ba3ac1fe11dee5c745d65d0a76b1a0364d975f3fd45,8e0717132f133333,
dataset/train/pituitary/Tr-pi_0282.jpg,pituitary,pituitary,2,train,62a78b702593ff7e379675b20afe6e79366db5ee72244976e51d21b58ca5e469,8e17174d65171717,
dataset/train/pituitary/Tr-pi_0283.jpg,pituitary,pituitary,2,train,965a01763a8338819299be72a1dde9fbfbf5518fb4c457f4d8537e7495e0fdf5,8e07174d65571717,
dataset/train/pituitary/Tr-pi_0284.jpg,pituitary,pituitary,2,train,f577cd479a63dd0e82a84947ed2dd86f0d79fd5bb44863e0120eeefaf15f79d0,8e17172d65551717,
dataset/train/pituitary/Tr-pi_0285.jpg,pituitary,pituitary,2,train,84e577fd8f43864bfcd18563438878b07ca2bf460b5deee29c29ddb95ca8bedb,8e17170d75571717,
dataset/train/pituitary/Tr-pi_0286.jpg,pituitary,pituitary,2,train,1fadb135a51ace8f7a2a26560928bf8c7f705b1583306954c0fb2fd902c83a13,171737556d35176d,
dataset/train/pituitary/Tr-pi_0287.jpg,pituitary,pituitary,2,train,072c7b150f63eaae6d47414087c2802a9a0f03f6f03a19072588df9525f5e7c5,171737576d755565,
dataset/train/pituitary/Tr-pi_0289.jpg,pituitary,pituitary,2,train,9b04704b9b8ef627aca274e1f7971b0ab1ecf38447955f00c8243f3a41f11201,8e17330f69151515,
dataset/train/pituitary/Tr-pi_0290.jpg,pituitary,pituitary,2,train,1aa543b9341db2a5df86a5c1e9c5d0423a361a3c52361789da09f10bde2fbd53,3317371349555545,
dataset/train/pituitary/Tr-pi_0291.jpg,pituitary,pituitary,2,train,611fe8ce7986149f0693be2fa5ca0b07276487417ae90dedac16b83e4f6fd951,8e17171717717157,
dataset/train/pituitary/Tr-pi_0292.jpg,pituitary,pituitary,2,train,43079ffd91b6e9f24760cd3be48da2abb42f2d8c0225059f572b8549243e387b,8e17175351570f0f,
dataset/train/pituitary/Tr-pi_0293.jpg,pituitary,pituitary,2,train,165a68c1a51693d8710820a79c046dd25bd8c2fcfd92f0fd3a0a76b62c1cb057,0e17174b55554f0f,
dataset/train/pituitary/Tr-pi_0294.jpg,pituitary,pituitary,2,train,4acae295aaa6340a3d15c7a4f89f1faec9360399027cfcbbb170322c8814f315,0e1717175555570f,
dataset/train/pituitary/Tr-pi_0295.jpg,pituitary,pituitary,2,train,ee1f01512eaf7c962888aa9f2b772a524c6edc53fadb5d4d9f7f138d522f1da8,1617173351175717,
dataset/train/pituitary/Tr-pi_0297.jpg,pituitary,pituitary,2,train,14c093b2bd4ce077350d71a4018c16de1e346ca1d4bb3c180fb5cc04fcd0d8dc,8e33154d55657973,
dataset/train/pituitary/Tr-pi_0300.jpg,pituitary,pituitary,2,train,2732c9941ece0e9403ba78accf55708d2816dbd67a3e8581c857a981fd47053a,8e17334d69111515,
dataset/train/pituitary/Tr-pi_0301.jpg,pituitary,pituitary,2,train,9d52ef1e01a510dd5189e96e12daff9d03a95f82c4a4432b7673119ed2901c9b,8633154d69557563,
dataset/train/pituitary/Tr-pi_0302.jpg,pituitary,pituitary,2,train,985becedd72bb864ddefbec92e3cd20ca023b108111116dfd96356e443452922,9733554d69557569,
dataset/train/pituitary/Tr-pi_0303.jpg,pituitary,pituitary,2,train,9b7c2aa172ab98e143b7e9ef9059b0365cf8b998ad5b971d3c5348130406f925,1733554d69555571,
dataset/train/pituitary/Tr-pi_0304.jpg,pituitary,pituitary,2,train,a9621878f7ba2bcb032775326139a3c6d3282ab79bfeee39e768f75f2daf53c6,1737554d5d557571,
dataset/train/pituitary/Tr-pi_0305.jpg,pituitary,pituitary,2,train,e8d420b1c4bca25573a7b52523380a1bf0875ecdd06396797dda0536909efe21,8e1755555d51551d,
dataset/train/pituitary/Tr-pi_0307.jpg,pituitary,pituitary,2,train,3fb9fe721db4af7d621ba0a4a9fe7038968fd194ac045a9723449c7f2882e5ae,8e3755555955550d,
dataset/train/pituitary/Tr-pi_0308.jpg,pituitary,pituitary,2,train,348d58cfc04120f075df4bf25f5f8ce5264c8c4db354c1f31ecf2b0d5e157703,8e3755555d55550d,
dataset/train/pituitary/Tr-pi_0309.jpg,pituitary,pituitary,2,train,5a57f2ca38fbbfb354bfb562793880147a5591f268b2340cd81e0b44802f1a76,8e375555555d550d,
dataset/train/pituitary/Tr-pi_0310.jpg,pituitary,pituitary,2,train,07098fbf1270f93c1cab9c4b90f19ba1605f5bc8489d264b615f93f41f18e06d,8e375515554d5515,
dataset/train/pituitary/Tr-pi_0311.jpg,pituitary,pituitary,2,train,2e8d38cba8deed8e53e9934afd0901ddf095bec047a3674e616df51449c38ec5,8e17174d6d111333,
dataset/train/pituitary/Tr-pi_0312.jpg,pituitary,pituitary,2,train,e9732ddbbbe4891f6d1cefc7890f2bce1b7bd714c93351e3e4b55ed6a2365572,8e335515554d5551,
dataset/train/pituitary/Tr-pi_0313.jpg,pituitary,pituitary,2,train,36a29c054877743cdee0765607760598569bc949ad90ecdc90b4969e3212a987,8e171717535f3307,
dataset/train/pituitary/Tr-pi_0314.jpg,pituitary,pituitary,2,train,eb975fe37c2b670c57923f1195cbc5d678049ae20aec37cad252e5aa87ea40de,8e171717535f3717,
dataset/train/pituitary/Tr-pi_0315.jpg,pituitary,pituitary,2,train,3da70f4a1ba2ad5e016e40ae3e9fb379c055670aec6fd91b871c3169a2320954,8e171717134f5517,
dataset/train/pituitary/Tr-pi_0316.jpg,pituitary,pituitary,2,train,cd84d6c1a32dda1d5657556f1a0399c4cad978887b9258395fcf3729dbeb8f2a,8e3717170b4f5517,
dataset/train/pituitary/Tr-pi_0317.jpg,pituitary,pituitary,2,train,e7935292a097289221e523e0a29abaf126ba3f95888f958d284c2f20388f78cb,8e3317170b495557,
dataset/train/pituitary/Tr-pi_0318.jpg,pituitary,pituitary,2,train,a30c747f99de63bda282fdbe6835268357bfe99dcd6e644ca1b2dc22a1f6d6ff,2b17175555152b2b,
dataset/train/pituitary/Tr-pi_0320.jpg,pituitary,pituitary,2,train,8e2b4a6d3ce98d740a636942e40c14783eac078cf1758678c9d5aee948057aa7,8e1717154d55370f,
dataset/train/pituitary/Tr-pi_0321.jpg,pituitary,pituitary,2,train,8e2b4a6d3ce98d740a636942e40c14783eac078cf1758678c9d5aee948057aa7,8e1717154d55370f,
dataset/train/pituitary/Tr-pi_0322.jpg,pituitary,pituitary,2,train,193c915569ac5ac68e10d96e637a5f171f2f143cb6f72162103271b264bcf464,8e07151775153b23,
dataset/train/pituitary/Tr-pi_0323.jpg,pituitary,pituitary,2,train,03abfffad1040b692d33000086c2a2b1737f7ea025905d9dbd71176af2b57be4,8e171717554d1717,
dataset/train/pituitary/Tr-pi_0324.jpg,pituitary,pituitary,2,train,65ceccb445979d6cd2dd4df7c1b9ab24376e1ac904959aca82a5513d9168031f,8e1f174d71131517,
dataset/train/pituitary/Tr-pi_0325.jpg,pituitary,pituitary,2,train,10fe39e9e871b0c2987ce17f526fd67141d1ca91bc23cdda4cbe44adf196ce1d,8e17174d59551517,
dataset/train/pituitary/Tr-pi_0326.jpg,pituitary,pituitary,2,train,63e427a8f573ccfa07896da936543df416364180c0441259d5aec09d7123620b,8e17174d59551517,
dataset/train/pituitary/Tr-pi_0327.jpg,pituitary,pituitary,2,train,e463ae07fd3b4829dc717507f36915b89ecf22c40b7983eb7e94d7b1cfeb6f2e,8e17172d51551517,
dataset/train/pituitary/Tr-pi_0328.jpg,pituitary,pituitary,2,train,fb99032b96e86d497cd99177e9a2841d6e06421bf01feab4f71d4ba18ac5cfbb,8e17171755551533,
dataset/train/pituitary/Tr-pi_0329.jpg,pituitary,pituitary,2,train,31192e8feffb05ffcea2b0953cbf12adfe27829cbf596fc54d159e98ccb6f840,163717132d133313,
dataset/train/pituitary/Tr-pi_0330.jpg,pituitary,pituitary,2,train,f0d2fc593138f61e3e4813641580afff08621c19fbd0cc72daeccf0645a1e21d,1637171b6d133313,
dataset/train/pituitary/Tr-pi_0331.jpg,pituitary,pituitary,2,train,30739509d96815b29c929e2539a7ffd65d1fcc784408666f1e655db776e2d54e,161717376d193313,
dataset/train/pituitary/Tr-pi_0332.jpg,pituitary,pituitary,2,train,5d2460838911025131f9e667ce2afe1b9f0c160d171f47888bdb4324add71b9f,8e1717554d753317,
dataset/train/pituitary/Tr-pi_0333.jpg,pituitary,pituitary,2,train,a2144642197a1bc3b518f775a50406a704f36937d357c0384c3b9e000b859a3e,0b17154d4d47330f,
dataset/train/pituitary/Tr-pi_0334.jpg,pituitary,pituitary,2,train,d3092b7290507f5e0b336d7dff5f0c81a048e4e2fb1c7e8ee6fb0d51f7cdc429,8e17176d4d550f33,
dataset/train/pituitary/Tr-pi_0335.jpg,pituitary,pituitary,2,train,d6addb59f4164bfdc94f2137f87f3e4462646e5f377aaf02129bea7e503c53db,8e17575549757333,
dataset/train/pituitary/Tr-pi_0336.jpg,pituitary,pituitary,2,train,f1715a121119539eb8b4f725904859587e45cbcf9f2d2ec279e03ba68e5e436e,9e1717554d55550f,
dataset/train/pituitary/Tr-pi_0337.jpg,pituitary,pituitary,2,train,c7c2dcac47ada0d13857a269642ee92cb7ddfacf4d50706b124133005774d900,032572d840686b6b,
dataset/train/pituitary/Tr-pi_0338.jpg,pituitary,pituitary,2,train,86137c9107b4d273aa49a3ae9c7e1b19852242f83eea452a781c9be9e14b5aed,0325701840687b6b,
dataset/train/pituitary/Tr-pi_0339.jpg,pituitary,pituitary,2,train,7b0bc7ee320f1724100bfaa1484d63eceb50b02b5802a672532f79c1b56159a8,03021349436b9b1b,
dataset/train/pituitary/Tr-pi_0340.jpg,pituitary,pituitary,2,train,39352312b0fedb7e7c118495827984a04535f439ef3d0324dd0bddf1097159be,0b04135d5a6b3b33,
dataset/train/pituitary/Tr-pi_0342.jpg,pituitary,pituitary,2,train,8afa71fed3d0307237b24872056b750f3c06ee0d9527c35241b908eb7404080f,0b091125606b7b33,
dataset/train/pituitary/Tr-pi_0343.jpg,pituitary,pituitary,2,train,8afa71fed3d0307237b24872056b750f3c06ee0d9527c35241b908eb7404080f,0b091125606b7b33,
dataset/train/pituitary/Tr-pi_0344.jpg,pituitary,pituitary,2,train,e17e5e8773c5f822e0f3c281eb73dd46811a760f1556bccca31b53b7ebaaa073,870315215b5b3b13,
dataset/train/pituitary/Tr-pi_0345.jpg,pituitary,pituitary,2,train,173352bd120da4ef01cd87ecacc9ac4a55fcbd5b89f1d7807a39871c78455b02,8e1717694d551723,
dataset/train/pituitary/Tr-pi_0346.jpg,pituitary,pituitary,2,train,c2d27aead070acc3319117253b69af78c2ba7b4530918716cfdb63742e707a3b,870305235b6b6913,
dataset/train/pituitary/Tr-pi_0349.jpg,pituitary,pituitary,2,train,18c55f319af9fcbf7d6d2300e9f0ba4daadabc891614a8aa227fde26c9c4d909,871b15215969291b,
dataset/train/pituitary/Tr-pi_0350.jpg,pituitary,pituitary,2,train,6c50addf215f8070698ffdbdba3776c630bfff719b0e7e3c3a445e1a5e59de2d,870b11215b4b1913,
dataset/train/pituitary/Tr-pi_0351.jpg,pituitary,pituitary,2,train,dc7024c5becfb5e95f87452725502f1d5cafba36713512d023b3ead227e5c9f2,872932691868591b,
dataset/train/pituitary/Tr-pi_0352.jpg,pituitary,pituitary,2,train,6d45d2d3dd8a63165576b598ff499cccd04d0bbd60459b43c1b39550aec5d9c2,073966701828593b,
dataset/train/pituitary/Tr-pi_0354.jpg,pituitary,pituitary,2,train,54297bfbb3b601b30c2c683c51c70f50d3149f39cf819308701d49034ca49a3b,072532403838791b,
dataset/train/pituitary/Tr-pi_0355.jpg,pituitary,pituitary,2,train,56ebf4c1a544ae1e4d998444cb08b4c03ebd7c4e51def7d060e69b1923c06d8e,8305164269291b1b,
dataset/train/pituitary/Tr-pi_0356.jpg,pituitary,pituitary,2,train,3369bd0b2fc6f289b3f65f40ef7e05a79bfb083a80e2cf45d9cdf2493fb499aa,8f17170b4d171733,
dataset/train/pituitary/Tr-pi_0357.jpg,pituitary,pituitary,2,train,b66a6c1e11f627956b224a451cb4e4c5e0f291efb98de6587e4c2a459e71753b,870d564665691b1b,
dataset/train/pituitary/Tr-pi_0359.jpg,pituitary,pituitary,2,train,270e1278a573a6a559075a6a01d412d00f72ad831c457138db6dad38aacf870b,830d162469693b3b,
dataset/train/pituitary/Tr-pi_0361.jpg,pituitary,pituitary,2,train,7fa220a1897c05831b474a73ce2a2c1f54f1b3636a09f74c6f6dba49a42e4a42,830517254d696958,
dataset/train/pituitary/Tr-pi_0363.jpg,pituitary,pituitary,2,train,a5d80f7431c618a38e8c8554ba1a76d78cf67888a0eafa1b18949b543cc6a21f,87394e0765683550,
dataset/train/pituitary/Tr-pi_0364.jpg,pituitary,pituitary,2,train,50c21ea7acf1e4764a1eef56ba29745a58d57ec885640bc658f9b0888933ace8,07350725652c6d58,
dataset/train/pituitary/Tr-pi_0365.jpg,pituitary,pituitary,2,train,645df4a69cedf5ed8fd34976fd300304f805220e22bd5eed3ce2689a70ba55b1,03151725652d6959,
dataset/train/pituitary/Tr-pi_0366.jpg,pituitary,pituitary,2,train,bc47b354bb396bd3c9cb95b3c4bdbd5f5a49213a7e4613bd094160460ba31dd2,860305234b6b2913,
dataset/train/pituitary/Tr-pi_0367.jpg,pituitary,pituitary,2,train,35ca1eb8b8c69c3fda53cc2a595c0af6534eabfdee723d38b022ab1677923a26,1713174d4d171713,
dataset/train/pituitary/Tr-pi_0368.jpg,pituitary,pituitary,2,train,87b8a4532f3734242ee45cd61680f8c00e5b6066e00bc1aad6765370a9fb1c8e,861309234b696913,
dataset/train/pituitary/Tr-pi_0369.jpg,pituitary,pituitary,2,train,adfa04984681dcc8aa99c2a6f3ae5afb5b8acafbc8a6c935749fc4d137bbc771,87334b13416d6b13,
dataset/train/pituitary/Tr-pi_0370.jpg,pituitary,pituitary,2,train,19ef5a1c7b40af8108cdc471d43b53af4d0e4717edce1868476dffc6f4126d1b,87134503056d6933,
dataset/train/pituitary/Tr-pi_0371.jpg,pituitary,pituitary,2,train,411395c3c10c89ade0e4fe34a0debffb7c4d9f2ddf95396a9df60392dea546e5,8713052349c5691b,
dataset/train/pituitary/Tr-pi_0372.jpg,pituitary,pituitary,2,train,3482831604d5b2de54c7d30dc3c6e5cb6281b7128f7a049161d64020f6691f26,870305234145491b,
dataset/train/pituitary/Tr-pi_0373.jpg,pituitary,pituitary,2,train,ad17fbd8ab7e9543bfde95a55d2afc92cacaef1307bdfaf0cb004fa055ab9e3a,19061025686a7b37,
dataset/train/pituitary/Tr-pi_0374.jpg,pituitary,pituitary,2,train,260e5c685020e0627f552cf057769a83645dd7f27d2d87e28ae28992b26e5f0b,190651642a687b33,
dataset/train/pituitary/Tr-pi_0375.jpg,pituitary,pituitary,2,train,fac669efa56016704c36ff0e1063f361c975478822fff0d2b1939dd664356a13,0906502468687b33,
dataset/train/pituitary/Tr-pi_0376.jpg,pituitary,pituitary,2,train,c6c1383d57e844cb3e94b6b53128a2a981a65d0bf150adae3e4e59d5ee939ee1,070f3221406b3b33,
dataset/train/pituitary/Tr-pi_0377.jpg,pituitary,pituitary,2,train,9cf9b7c9e35b9f5a7ef60e9448f60bc89b5b3b28efd605f8087514a61a160886,170b326164eb3933,
dataset/train/pituitary/Tr-pi_0378.jpg,pituitary,pituitary,2,train,5a557308c28993b00e888916cb92c947b13bd5b550167b040be7ce2fd3023030,171717114d171333,
dataset/train/pituitary/Tr-pi_0379.jpg,pituitary,pituitary,2,train,5aae8a658c8a48719eb15a2006cfef7f2059106699215677f7c89b72ab5e7090,17075263606b3b33,
dataset/train/pituitary/Tr-pi_0380.jpg,pituitary,pituitary,2,train,0aad506c709fcdc275a946e718c85274f49b7b9c3034b48334bc701054592946,113211052a300b01,
dataset/train/pituitary/Tr-pi_0381.jpg,pituitary,pituitary,2,train,105aa22a22ce6dc818191eb9f738f74599b266f88c4f108454bbac1c1e1fd911,190211456a240901,
dataset/train/pituitary/Tr-pi_0382.jpg,pituitary,pituitary,2,train,4d56899f6e68c15728439e6a75953ba43840ba2c53a9b3f114f3f7b22780ef0c,190a11416a301101,
dataset/train/pituitary/Tr-pi_0383.jpg,pituitary,pituitary,2,train,47fcf8eb90047e9908b0bc23fecb2e71c2c9360cafa22bc7bd08745555998b2b,8305130b25311909,
dataset/train/pituitary/Tr-pi_0384.jpg,pituitary,pituitary,2,train,382e731c8bd40e71fe2753b9b8e23edc51315ee859be93ffea0b5fd2fd1ef037,83250b0125311909,
dataset/train/pituitary/Tr-pi_0385.jpg,pituitary,pituitary,2,train,e12510f20039c44510978f3a49f130bde75879ff5c7fed3dcbf766e201457c1e,9305070d2d350909,
dataset/train/pituitary/Tr-pi_0386.jpg,pituitary,pituitary,2,train,fc24fc9248c1a78f95f7b064ab58aaae6d20b2e31f7d3d6e887f22e4e4b3eff8,8b05170d27350909,
dataset/train/pituitary/Tr-pi_0387.jpg,pituitary,pituitary,2,train,888ae8d9710ba7e7b12900ee9ab10ca1452ce99f7be22fdaa0f6e65b9838d1dd,9b27120d0a2c6509,
dataset/train/pituitary/Tr-pi_0388.jpg,pituitary,pituitary,2,train,1233966ce8e805be57ca632d63199d4e2ed3955082bc35393fb8a854fc92aec7,9b2712052b2c8909,
dataset/train/pituitary/Tr-pi_0389.jpg,pituitary,pituitary,2,train,23af532520d496eb5c76e72177abe55c6e6b3d6f2e82866db28895a66b724cd1,3317174f71570f2b,
dataset/train/pituitary/Tr-pi_0390.jpg,pituitary,pituitary,2,train,e3104ad49f305b68dec6ae8c8e8689fb2c673d2a9cdf303e6beacfeb4394f62d,8734027250487933,
dataset/train/pituitary/Tr-pi_0391.jpg,pituitary,pituitary,2,train,14d3261551437ce7ac559378bc8d837b4ad99649a8bd0b7d962a6fa305f256b4,831d16644068797b,
dataset/train/pituitary/Tr-pi_0392.jpg,pituitary,pituitary,2,train,98205ae2f74a822b06943f61ce321d68375cb8ee6ec9e2d78cd2c2f8a58e4db0,170723694b69171f,
dataset/train/pituitary/Tr-pi_0393.jpg,pituitary,pituitary,2,train,37a4f0b19b916529241a370c8c23e4364173d1a5a6333ab1014257cd81806a3c,130f27616b291317,
dataset/train/pituitary/Tr-pi_0394.jpg,pituitary,pituitary,2,train,1331dcc11d7fa358653b0a63a4c2f17c9741f2643e384bc3370e8ba910f1dac7,130f266069695b37,
dataset/train/pituitary/Tr-pi_0395.jpg,pituitary,pituitary,2,train,fc8d6f4f05257846134218eabcebc8224018d1c8d080647c8de7a8e668d4b9cd,0b05236a69695b3b,
dataset/train/pituitary/Tr-pi_0396.jpg,pituitary,pituitary,2,train,24c3cc1fc9d86e91b1122911e110ee145560ca820abb22eeb4c8754007ec91e8,873116527a687bb3,
dataset/train/pituitary/Tr-pi_0398.jpg,pituitary,pituitary,2,train,f15a0a012faa87d2792c395ac5ddbbc5bc2f9af06e8a34511167dcdb2b8530fe,8f3146626a695bb3,
dataset/train/pituitary/Tr-pi_0400.jpg,pituitary,pituitary,2,train,3c42d2b7bd1d413ebbf053e0eab076e287b961acee51b864ec21f156bdaed437,2317174f55570f2f,
dataset/train/pituitary/Tr-pi_0401.jpg,pituitary,pituitary,2,train,899b1a25a7f144e7646ecc9fa10e0ef9721dfdb54ed4689556ae0db8907af393,8713054971397736,
dataset/train/pituitary/Tr-pi_0402.jpg,pituitary,pituitary,2,train,6d5041976ac234dd6163a564439d2d052cdd5c139c1f5d29b50f76457ac98ff6,8723154931797336,
dataset/train/pituitary/Tr-pi_0404.jpg,pituitary,pituitary,2,train,f201e240c765dd650146cb09c8197069a6f7fda60be0f6b9ca1286f15d02eb16,8f1b155929797336,
dataset/train/pituitary/Tr-pi_0405.jpg,pituitary,pituitary,2,train,1ee599ef78a688ee97a1b76f5fa577e47b377e4798e6892da63540dd3a8aae9f,871b05497139333e,
dataset/train/pituitary/Tr-pi_0406.jpg,pituitary,pituitary,2,train,937e091f6ea63f9bac21a86ef0b98ff1dc4fb9778d78d43b4fab9ce9448c1145,830516406b253737,
dataset/train/pituitary/Tr-pi_0407.jpg,pituitary,pituitary,2,train,1a978a472d36c94cabd8f4e78a28954d76c11e4acaeb0b730fc2f5069a2eb60b,830516242965511b,
dataset/train/pituitary/Tr-pi_0408.jpg,pituitary,pituitary,2,train,0a460f8b5dc7a944d20023245fae69c49f08753986de3a9a79b31cc156b7eb1e,83091662293d315b,
dataset/train/pituitary/Tr-pi_0409.jpg,pituitary,pituitary,2,train,fdc15001c8c628d30d5b4d769cd6e2e5bfb80687f0dfd4a46dce48409a7c8f7e,831d1646292d313b,
dataset/train/pituitary/Tr-pi_0410.jpg,pituitary,pituitary,2,train,9652199cdfa7c69285d570471399b2b8c892b6550d048f404ea138d1db882d6c,1713174d4d171717,
dataset/train/pituitary/Tr-pi_0411.jpg,pituitary,pituitary,2,train,2f66e9f714f6422e5f88362cd90bd2dbc922843c6c8a2d456a41153b633252eb,2b17174d55570f2f,
dataset/train/pituitary/Tr-pi_0413.jpg,pituitary,pituitary,2,train,1e7427e18eda9a569729c4617ebb6c0bb646baae199ff99c4586924c6d9bd1ef,8e37154d4d17110b,
dataset/train/pituitary/Tr-pi_0414.jpg,pituitary,pituitary,2,train,796b970d958c295274c690e58fe99371562c8fad19de331a3bee92c4f712abd4,8e37150d4d55350f,
dataset/train/pituitary/Tr-pi_0415.jpg,pituitary,pituitary,2,train,0b4c122bd8f333d3e4c6a4b133f3cb713133ab6990fdb44a24a686d6ef69dffb,0e17150d4d55150f,
dataset/train/pituitary/Tr-pi_0416.jpg,pituitary,pituitary,2,train,fa7e0cdfa197ae41a62ec58af9e2070337211361c57d90a74087262f8147a42c,0e1f570d49555505,
dataset/train/pituitary/Tr-pi_0417.jpg,pituitary,pituitary,2,train,5a9ab0765b566ab4d4797eceadf63a432242b035349ae19c234e20007ba07206,0e17150d49495515,
dataset/train/pituitary/Tr-pi_0418.jpg,pituitary,pituitary,2,train,12d17d53494bfc1317b34bb7ffa820e3781bf709a02fd7f67334fac3c4e4a2ae,0e3715155d497151,
dataset/train/pituitary/Tr-pi_0420.jpg,pituitary,pituitary,2,train,4cb7bc160d3349f441a476260a5a171115e07aaf9bf7ac22fe9bd98837b6ec75,0e33171d4d171737,
dataset/train/pituitary/Tr-pi_0422.jpg,pituitary,pituitary,2,train,ca3e36a6fe3d08360dcb5bba47e26cce07bb0046333a2e88e9fa2dd181096594,2b17174f4d570f2f,
dataset/train/pituitary/Tr-pi_0423.jpg,pituitary,pituitary,2,train,5747d697079b8100adaf72f45fcb9127e65de0177b4871ba32137e78dafea66b,8e17174d55370717,
dataset/train/pituitary/Tr-pi_0424.jpg,pituitary,pituitary,2,train,32d3a461be9d58933094c2cbaf5f0e947b31c61a9fc980d91913469570cf964e,8e17175d45171737,
dataset/train/pituitary/Tr-pi_0426.jpg,pituitary,pituitary,2,train,c3ff671aef3b76640bb5f052501c662619f5f1c63a3fea3b7dcbdea749a203b8,1613175d4d173333,
dataset/train/pituitary/Tr-pi_0428.jpg,pituitary,pituitary,2,train,67ee296e5c01518e303d90ed7d3034a39e3e8fdadfb53b27b15d000109c5acb3,8e33171515171717,
dataset/train/pituitary/Tr-pi_0429.jpg,pituitary,pituitary,2,train,cff9504f8d496036ddbfbfeafe078d13f77c1b0931d009bd85ddd47c7038d09c,8e3317154d171313,
dataset/train/pituitary/Tr-pi_0430.jpg,pituitary,pituitary,2,train,04c801927f76ea1db923da5c311315c9c48d672da9355db5d30ffc05b8801b14,8e3317156d131393,
dataset/train/pituitary/Tr-pi_0431.jpg,pituitary,pituitary,2,train,c05e778cda95f1aeeb1c6768862f59bfa76a4e53fa66bcd87735c6d99af1a38b,8e1717173317170f,
dataset/train/pituitary/Tr-pi_0433.jpg,pituitary,pituitary,2,train,5dbee04103ba69298735a82da51b30cb96449035c54592e8b0e36b77cd64d3cc,8e1717574d555757,
dataset/train/pituitary/Tr-pi_0434.jpg,pituitary,pituitary,2,train,eaea1fd087d0fa735ee3dd676adffc6577fb15427445c7ac53bd3f8dc8eca04d,8e1717170b15150f,
dataset/train/pituitary/Tr-pi_0435.jpg,pituitary,pituitary,2,train,68d38ce323605033ba3fc6597cd59016e4d53ccee2f6e7b6dc06767abc0ada52,8e1717173717570f,
dataset/train/pituitary/Tr-pi_0436.jpg,pituitary,pituitary,2,train,5d14603478e75cabc7636f972a4d84e7f7066e1957e993ba83615b15668c0e4d,8e171717170d5517,
dataset/train/pituitary/Tr-pi_0437.jpg,pituitary,pituitary,2,train,decd1d966e19fd5ba7cd8e11ea343212102f9a63e8a608a63d58ca0ac078db60,4c0f17554d31554d,
dataset/train/pituitary/Tr-pi_0438.jpg,pituitary,pituitary,2,train,5365a851fc1ee55019434142312aa3e8157e00ea8e6d81f06b0f433c6970cba7,4c1717154d51755f,
dataset/train/pituitary/Tr-pi_0439.jpg,pituitary,pituitary,2,train,ec2a14871455b127246e7d0ff50667408624486dbbd73870381b28556e76b1a5,4c0717154d515545,
dataset/train/pituitary/Tr-pi_0441.jpg,pituitary,pituitary,2,train,23703e283ae0fb06613fe7e3c8977a535ff2f3d046e8f9623b4c2d6f703d54ce,8e0f17176d555555,
dataset/train/pituitary/Tr-pi_0442.jpg,pituitary,pituitary,2,train,3bd54ab8a4eadad26fe4450b81b5e875dcb92bfcb039a1644c85c8d4ab63a7b3,171755554d151737,
dataset/train/pituitary/Tr-pi_0443.jpg,pituitary,pituitary,2,train,670cf710521bcdd224c3c569aba35f5cecc60c661f498d267dad4e5fdf113ac3,171755554d373733,
dataset/train/pituitary/Tr-pi_0444.jpg,pituitary,pituitary,2,train,50fa21cec7f9a1ac4d80f95f810d9890563f2e5b91160d4d83e945add7298660,1b37114d4d073b0f,
dataset/train/pituitary/Tr-pi_0445.jpg,pituitary,pituitary,2,train,788f2c670fc18ee25858b0ca87df641e2d17cea6702a9b2272002b99409ee345,8e1717174d551707,
dataset/train/pituitary/Tr-pi_0446.jpg,pituitary,pituitary,2,train,c1af54f2f9bdee2d2ecce4de81e56045b46c2bb70988dee44a73c4ea6331c846,131315554d332323,
dataset/train/pituitary/Tr-pi_0447.jpg,pituitary,pituitary,2,train,39783400c275dac344db2bf56cb38f44dbbcf8e1d55978bb9a02924f56e508cf,9617174d67170f0f,
dataset/train/pituitary/Tr-pi_0448.jpg,pituitary,pituitary,2,train,c8ed3822ad13236d7b3687c9fd1d99a58cbb138dd897b9912bd445bf5c0cc65a,1617174d6f171f0f,
dataset/train/pituitary/Tr-pi_0449.jpg,pituitary,pituitary,2,train,9bfe5dc231cac23932a04fa6d44d84d7ac74ae1a8bcb064dc2ee367710ff89f5,1617174d4b17170e,
dataset/train/pituitary/Tr-pi_0450.jpg,pituitary,pituitary,2,train,f8df03b7caf49fdeec2121098b04cfc78dd8b46b8b4a4e03d8edcbe829d28d9f,371775516f235b77,
dataset/train/pituitary/Tr-pi_0451.jpg,pituitary,pituitary,2,train,a515eb4a3a7280bac413978c9211ccef641587d1c328a9bf6422be1f6639f13b,271715456f335b77,
dataset/train/pituitary/Tr-pi_0452.jpg,pituitary,pituitary,2,train,7aec92ccd62386da2ef724e12486ce23443737754717b8e7e564080a58a6e17a,3715354559335b77,
dataset/train/pituitary/Tr-pi_0453.jpg,pituitary,pituitary,2,train,8da6ae1dd833f108fff62fcddc4033fbaaf340ebf4a3b781d3d990242e152da6,3315154559577333,
dataset/train/pituitary/Tr-pi_0454.jpg,pituitary,pituitary,2,train,7480a84d68678480135e2535f60dd64f440636de99681f5852c7f4ee10b91a82,1617171571150f1b,
dataset/train/pituitary/Tr-pi_0455.jpg,pituitary,pituitary,2,train,6ef46426f641b1feb53d9648e37c41276be1d4c9359e061d809e28c2f42d5ac7,1717155555550727,
dataset/train/pituitary/Tr-pi_0456.jpg,pituitary,pituitary,2,train,904443faf3e2497456d640dac17ee07d2a8b5a86994b9585d4b2ae495a77a55f,8e1717174d551717,
dataset/train/pituitary/Tr-pi_0457.jpg,pituitary,pituitary,2,train,85dcc55ce7154e7d2dfae90fc92cfa21cbb1786fd10c6e320870d2f255a1fa48,0717151755550f2b,
dataset/train/pituitary/Tr-pi_0459.jpg,pituitary,pituitary,2,train,ac99800ef216379ddc83e6a707047e311f92c2f5b155cc7c3dbac269720582f3,171715174d57170b,
dataset/train/pituitary/Tr-pi_0460.jpg,pituitary,pituitary,2,train,3e970de0a5eb345d460395176dd4524185ea19d9a6ae39beaad1aac7f3574137,171717174d171733,
dataset/train/pituitary/Tr-pi_0461.jpg,pituitary,pituitary,2,train,bdbe95f9ec6b7a87890ac7d288932d2f4fb7c522bb876009ec57023a8a36510b,1717171745133333,
dataset/train/pituitary/Tr-pi_0462.jpg,pituitary,pituitary,2,train,5c8bde4f66583b4bf64f55e6c9b86d66a709371f66c824d3302ea05c7a51ed14,235f151545150d3f,
dataset/train/pituitary/Tr-pi_0463.jpg,pituitary,pituitary,2,train,72c4d736543b2a020e0ae6392ca9885e3a1fbb6566aa5b8599087125add8790c,234f37174d15272f,
dataset/train/pituitary/Tr-pi_0464.jpg,pituitary,pituitary,2,train,79e5e65d8fe4327a500b0c0cdfb88f63d2de66f860fc80c5de26273abc7d96d7,235717574d15252f,
dataset/train/pituitary/Tr-pi_0465.jpg,pituitary,pituitary,2,train,84cdcb9b556da05793446791a0e594fbecea807483d8462558278cdc51dc2d64,235717174d15270f,
dataset/train/pituitary/Tr-pi_0466.jpg,pituitary,pituitary,2,train,9a94f147cc2efd10a2582c58935b06b9d60c88df70209376044424e61d52e02c,235717156d15270f,
dataset/train/pituitary/Tr-pi_0467.jpg,pituitary,pituitary,2,train,8bd8d992f706ae89b630a35133fe050b0de384ab1fcecd0455b8c3295e1baa53,8e1717174d551757,
dataset/train/pituitary/Tr-pi_0471.jpg,pituitary,pituitary,2,train,754cf18c00e16569deffd5afb54753751a1b04b3fe23805217a809271d8ef9d2,8e1317554d4b1333,
dataset/train/pituitary/Tr-pi_0472.jpg,pituitary,pituitary,2,train,7d5fd4745b9a6ce5cdcf9b2d1dd31c6e36a1a9e1aec63e656369022dd0cd9a7c,8e3317554d0b1333,
dataset/train/pituitary/Tr-pi_0473.jpg,pituitary,pituitary,2,train,9273fc5e305b3c9dc9eee8a222097c3d95d1f4795bb7b8af6071b24a9652e722,8e3317555547333b,
dataset/train/pituitary/Tr-pi_0474.jpg,pituitary,pituitary,2,train,7b620f6dc323d403afb8ffe83ac2c78116cc93849cc016f6f4217c94aa6e4a5b,1713176555554f33,
dataset/train/pituitary/Tr-pi_0476.jpg,pituitary,pituitary,2,train,7a37832960f5af36ad7ed583953d14e26870b1e85db3fe6651869eaedafca54c,1717174d45550f37,
dataset/train/pituitary/Tr-pi_0477.jpg,pituitary,pituitary,2,train,c7495e22ffb59fd9c4d24dc1c26fe07714eec3d326a9f7bd5853da2689e56e40,0717174d4d550f37,
dataset/train/pituitary/Tr-pi_0479.jpg,pituitary,pituitary,2,train,7c83596ebea3b67efe509e1a76f84863141801ed52363c9768bc830d974856bb,2b1317514d550f37,
dataset/train/pituitary/Tr-pi_0480.jpg,pituitary,pituitary,2,train,a05c9ce5e5d881a699864e9191a29a86dcbc615a4bbb7102974985d8b77c4fab,2b1317114d550f37,
dataset/train/pituitary/Tr-pi_0482.jpg,pituitary,pituitary,2,train,540668fe197377a5f521b503dc71b92ddde622519eac3abbca513500ed70af96,8e17174d4d553333,
dataset/train/pituitary/Tr-pi_0483.jpg,pituitary,pituitary,2,train,aec694abf291378cd7ea72cf9ade0ebf0a48b8571edf8a4df58fbcff6001054a,8e17175549532333,
dataset/train/pituitary/Tr-pi_0484.jpg,pituitary,pituitary,2,train,735ae73f6bb1d377c08a1636780f66f33cfd3d0635c0406d6f5f31af117ae3e0,4d17072b13370f17,
dataset/train/pituitary/Tr-pi_0485.jpg,pituitary,pituitary,2,train,df30274174729c0df0c8fd4e94cc43d0f7904e2eee37aae34bcfcedd158df915,0f17132b2f330f17,
dataset/train/pituitary/Tr-pi_0486.jpg,pituitary,pituitary,2,train,cae5bc54935b055a2082ffdd505abe014160234770705edccddb0f9f91e968ff,0f17172b2f330717,
dataset/train/pituitary/Tr-pi_0487.jpg,pituitary,pituitary,2,train,b33e1f05e32d9bbe0bcd712b44ffbbe2971182c89887612ddc866a18c093b83f,0f17172b2b171717,
dataset/train/pituitary/Tr-pi_0488.jpg,pituitary,pituitary,2,train,309fa403cb3b19f98f910c2380104e52fdab120c56385456f5afd6183ae1db04,0f17172b2b330717,
dataset/train/pituitary/Tr-pi_0489.jpg,pituitary,pituitary,2,train,fa1cd4c3598c3d5352be3c9211f555cdd4f94e21e5be76efc572d994c379b874,8c17331513791313,
dataset/train/pituitary/Tr-pi_0490.jpg,pituitary,pituitary,2,train,09cd823a79f25b43c4cc77fa7a3d384abeb00f29625749532e893195341d046a,8e13176d55170f17,
dataset/train/pituitary/Tr-pi_0492.jpg,pituitary,pituitary,2,train,a07d92151173d87fcc6db595fc2ade901f1ef67a772105ed8888d1e6a2954f16,9713176d45171717,
dataset/train/pituitary/Tr-pi_0493.jpg,pituitary,pituitary,2,train,f205a3db058de969817ebf824a7586f87db0d11c27861b86ec523c593a18bd05,8e17555133050f0f,
dataset/train/pituitary/Tr-pi_0494.jpg,pituitary,pituitary,2,train,e91215407672f252077cdd5c063455438c1c55ce0a8c76e79e5c88d91aa6f8fb,0d172b2b0f2f174d,
dataset/train/pituitary/Tr-pi_0495.jpg,pituitary,pituitary,2,train,90c38f90445e35eb3247b27b72d7058386a8c60cafabf283138942db5258e98c,0d1f332b0f2f0e0d,
dataset/train/pituitary/Tr-pi_0496.jpg,pituitary,pituitary,2,train,0d362c858fd9321628f9acee44096098fd08fd236761a27a8cde63a297fe449f,0f0f332b133b0e0d,
dataset/train/pituitary/Tr-pi_0497.jpg,pituitary,pituitary,2,train,09206f2d5b723082801fbf8e4b4c9488b4483a7bf7e54c1b42ab4cd3bfee1cdf,0f17332b13330f0d,
dataset/train/pituitary/Tr-pi_0498.jpg,pituitary,pituitary,2,train,fad27740b667c47774af77007e256ca35958f71d156c5fe63a1f5c30e7e7921b,0e17156d4d170f8e,
dataset/train/pituitary/Tr-pi_0502.jpg,pituitary,pituitary,2,train,9c2c4b66957c20ce74ed30e23571e885877da32ae12de47f99a9b008f5745fb7,0e17174d53352f8e,
dataset/train/pituitary/Tr-pi_0503.jpg,pituitary,pituitary,2,train,65ba59bbcde5d612e3ac0c4629e1bb60d79f7240f9da8e6bebb44889eb8f1a36,0e1717693725078e,
dataset/train/pituitary/Tr-pi_0504.jpg,pituitary,pituitary,2,train,bcf975c9a4f371ea4e30a1c293dfdc32425777d4a7418007ae41fdf189364039,0f17332b4f2b0f4d,
dataset/train/pituitary/Tr-pi_0505.jpg,pituitary,pituitary,2,train,72fe1f98706723a00af8904dc8ae759a54af0cb2420a5872491a29d2bde1781a,0717332f572b074d,
dataset/train/pituitary/Tr-pi_0506.jpg,pituitary,pituitary,2,train,6a236fc202b73ac0da364d1a23dc85075e157b1a0e369fb17dec47c65074bdeb,0717130f172b174d,
dataset/train/pituitary/Tr-pi_0509.jpg,pituitary,pituitary,2,train,8de9bf73b9a2a5ea5df336195b0b1da7a75b56d63b436466a10fa285fbfc10e9,0f17130b170f070f,
dataset/train/pituitary/Tr-pi_0510.jpg,pituitary,pituitary,2,train,afb255c2742ac9f946ae3cdcf90d5a235999d10a76a9ea0f73d34b894424abff,0f17130b1717170f,
dataset/train/pituitary/Tr-pi_0511.jpg,pituitary,pituitary,2,train,31ac1ace044ac3cf7b3e90c01f4cf0d564f59686fb291670cfacb8ecab9b4034,0e1717574d571713,
dataset/train/pituitary/Tr-pi_0513.jpg,pituitary,pituitary,2,train,cffc6b8395fdd325b5fe01933adff862fe062918feffa495ff46106714a64cba,0f1313311517230f,
dataset/train/pituitary/Tr-pi_0514.jpg,pituitary,pituitary,2,train,cecbf037af2f048672ef4ba07a0e74928f4ff2d672a537b9cdd10782a60751e4,8e1755452b070b0e,
dataset/train/pituitary/Tr-pi_0515.jpg,pituitary,pituitary,2,train,6a5297d22f19dd71bd4206cb01599d77f971a1e498f8bff96273ed21dc07b356,4d1f1f17172b0f4d,
dataset/train/pituitary/Tr-pi_0516.jpg,pituitary,pituitary,2,train,3e802dd22f483ce4d442fe2c7f1890c1c810ec8c1131b364fd4e4593bf0f268a,8e17574d4d552563,
dataset/train/pituitary/Tr-pi_0517.jpg,pituitary,pituitary,2,train,3e802dd22f483ce4d442fe2c7f1890c1c810ec8c1131b364fd4e4593bf0f268a,8e17574d4d552563,
dataset/train/pituitary/Tr-pi_0518.jpg,pituitary,pituitary,2,train,3e802dd22f483ce4d442fe2c7f1890c1c810ec8c1131b364fd4e4593bf0f268a,8e17574d4d552563,
dataset/train/pituitary/Tr-pi_0519.jpg,pituitary,pituitary,2,train,7e776e6a167da6c04583f344284ad1f6ae8228f4bee74a1be86bd5a772eaff39,060717174d571733,
dataset/train/pituitary/Tr-pi_0520.jpg,pituitary,pituitary,2,train,fa1b99a077c2038fb23ef239e11ae9c34bae7cb6ffcaf1fc44a4793a775384ce,0f17170b2b333333,
dataset/train/pituitary/Tr-pi_0521.jpg,pituitary,pituitary,2,train,10817da365a1c24d7a34fa9a7a830fb788611eccb53032950ea3682fe411f648,3349754927552b0f,
dataset/train/pituitary/Tr-pi_0522.jpg,pituitary,pituitary,2,train,53c244ce759f93b06e708f2229dc31b494a5aee44b4317354c70bc25e9a1b37f,1755456b21552b0f,
dataset/train/pituitary/Tr-pi_0523.jpg,pituitary,pituitary,2,train,53cf25a2e4879eab804e2fa56f1ad22f8d5c8082c5729ad027eb734bb854c986,034d372b4a693911,
dataset/train/pituitary/Tr-pi_0526.jpg,pituitary,pituitary,2,train,7d0738e4f6493b449e20a147b80f674c589dc478dd6b5ccd4fb6ea1c329f0cfe,862307ab9b4d5b2b,
dataset/train/pituitary/Tr-pi_0527.jpg,pituitary,pituitary,2,train,7d0738e4f6493b449e20a147b80f674c589dc478dd6b5ccd4fb6ea1c329f0cfe,862307ab9b4d5b2b,
dataset/train/pituitary/Tr-pi_0529.jpg,pituitary,pituitary,2,train,7d0738e4f6493b449e20a147b80f674c589dc478dd6b5ccd4fb6ea1c329f0cfe,862307ab9b4d5b2b,
dataset/train/pituitary/Tr-pi_0530.jpg,pituitary,pituitary,2,train,2b45285649b1b6dcc5f8d79e751c5a35315f6c515af966b7e6fe27f1a0c796ec,862347ab534ddb1b,
dataset/train/pituitary/Tr-pi_0531.jpg,pituitary,pituitary,2,train,47fb0e56ae77b0729a47f21cd1226910be3d42eec971376a62737ca4c448d9ef,862347a3d34f5113,
dataset/train/pituitary/Tr-pi_0532.jpg,pituitary,pituitary,2,train,f6346cc85d2e6661bd1c8fc0f9ddf794c359bcf7d9602942430fe1263f1d53a4,44873b450d612b0b,
dataset/train/pituitary/Tr-pi_0533.jpg,pituitary,pituitary,2,train,191ce712494ccfda4f1a2a43f3c6c8e8530a34774c3d6df1b4b6221d23b3d77c,4487334509216113,
dataset/train/pituitary/Tr-pi_0534.jpg,pituitary,pituitary,2,train,c311a5a5f69d793b73860932397a7b85db7c52bd86bb3b209c01666a259c38df,4c87335509656b5b,
dataset/train/pituitary/Tr-pi_0535.jpg,pituitary,pituitary,2,train,c591efc5cb6c606349fca7ae9ac60e34db1adb10379e45d413ee4625f8d37fb1,3106066462697333,
dataset/train/pituitary/Tr-pi_0536.jpg,pituitary,pituitary,2,train,3eab9d2399e5d3b1e754f3e2a8c55f975d418947a4315501777e21c7e534675d,8e13170d55171797,
dataset/train/pituitary/Tr-pi_0537.jpg,pituitary,pituitary,2,train,38ab38314afe35fd679fd4c68481f09d818dfab7bff03397394525828eb64571,870512024a697b3b,
dataset/train/pituitary/Tr-pi_0538.jpg,pituitary,pituitary,2,train,6d4f59f661247bdd290f3432a628db82fac30fc1afbabb3d801bac4146055ef7,072d12046869733b,
dataset/train/pituitary/Tr-pi_0539.jpg,pituitary,pituitary,2,train,cc2fba74aa724ca2f3c59562a3a4578b20b10ecff17058796424221022bf3ad0,86130d615b652109,
dataset/train/pituitary/Tr-pi_0541.jpg,pituitary,pituitary,2,train,2215206c95fadc542497cc6e26ec8f8579f0aaa63d954a1319043adb49028634,8f01051a51596931,
dataset/train/pituitary/Tr-pi_0543.jpg,pituitary,pituitary,2,train,2cee72de4b0234183c86e09a1a06af992ff34b060d58196bba3ed6502a4573db,0f3713232315230f,
dataset/train/pituitary/Tr-pi_0544.jpg,pituitary,pituitary,2,train,5e066539936f4693c92f1b465478dc6fd5182c2b477f3b1fd5be4bbfa63f6376,0e2753494f2b170f,
dataset/train/pituitary/Tr-pi_0545.jpg,pituitary,pituitary,2,train,e8ae2877be78382ab2cb00041e44099e9c195b0a654e7ed9de61897e759e4090,0b174d4d555b3b8e,
dataset/train/pituitary/Tr-pi_0547.jpg,pituitary,pituitary,2,train,1ddc5ccc4a192592b15e96d23e5bc20536915b59931a6e87b0fa629b9f24225e,0f0f1359072b1b0e,
dataset/train/pituitary/Tr-pi_0549.jpg,pituitary,pituitary,2,train,fe8493e02fe3f88f19e3849671cdfd86a8143d6cc467c0a969070c77007b03b1,0e17554d4f170b4e,
dataset/train/pituitary/Tr-pi_0551.jpg,pituitary,pituitary,2,train,2aead0b5290aabb6692ebc13e1f3903f775d5a4e3fae743807329c8eb057690c,0e17156137070f8e,
dataset/train/pituitary/Tr-pi_0555.jpg,pituitary,pituitary,2,train,70334e5860fa4fb7b90aad8b0f4610f0a844d8f41954ba921ff4e07dad757249,0f27234d4f330f4d,
dataset/train/pituitary/Tr-pi_0556.jpg,pituitary,pituitary,2,train,53a7cc5a84fc54cccda7288d9c89c6d3beff638273ce61c3dd6fef8ccec9df2d,0f27236d57330f4d,
dataset/train/pituitary/Tr-pi_0557.jpg,pituitary,pituitary,2,train,d60ecf5a2ea3fe4315dbf40a023dc838c66ae07266b3ab49be8beeb3733cd326,0f272b6f77330f4d,
dataset/train/pituitary/Tr-pi_0558.jpg,pituitary,pituitary,2,train,cfe4ad7e1504a741c8a20e7c0006b41a2e5d2b4c29051f41c191f17533921f2d,0e37715549170f17,
dataset/train/pituitary/Tr-pi_0559.jpg,pituitary,pituitary,2,train,c2eb40de407cccb68b425748f0fabae16ecd3745ff2f53b5f4b2367756b3fb49,0e37754533170f07,
dataset/train/pituitary/Tr-pi_0560.jpg,pituitary,pituitary,2,train,3062d3f70457960af8eda0728849b1747050d5fc4321feb7d87ad7ab6628fe7d,0e37757533170f0f,
dataset/train/pituitary/Tr-pi_0561.jpg,pituitary,pituitary,2,train,e768c7285ac62088ed8a10c68cf8b5ee1c77dbd4c54250c2f33af19a796b0591,0e17554d55552f8e,
dataset/train/pituitary/Tr-pi_0562.jpg,pituitary,pituitary,2,train,066b191d32c41e3832b347ae5fdb6f6930eb69e58caf500d67fd164a4becb04a,0e1735415555278e,
dataset/train/pituitary/Tr-pi_0563.jpg,pituitary,pituitary,2,train,455f8958327ddb42a83fa2c2f60aa13819692ab9a254473bdfba3f70ec068045,8c1717174d71172b,
dataset/train/pituitary/Tr-pi_0564.jpg,pituitary,pituitary,2,train,8745f0b4f86500b2bef12d10d47b2b24b95f25277cfdf17119de91efa1d35bb9,0e1735615355278e,
dataset/train/pituitary/Tr-pi_0565.jpg,pituitary,pituitary,2,train,2783e2f2826cef2cfaf626795d957fd243ed705416665402b666bc9fa49b7d23,0e17354d55552f8e,
dataset/train/pituitary/Tr-pi_0566.jpg,pituitary,pituitary,2,train,ade862e9fe92a2beb335640aa8b1ad31e78554b6c5ac1b8725be0c6b73fae3a8,0f17330f0f170f0e,
dataset/train/pituitary/Tr-pi_0567.jpg,pituitary,pituitary,2,train,e0880717a78aaeb6fb85e7c316ca249f40cd529f7809a70fa16dcecf4ea7388d,0f17330f170f0f0e,
dataset/train/pituitary/Tr-pi_0568.jpg,pituitary,pituitary,2,train,874ea23fc0bd01f04545ed6f880a492866b976d3d0731842883b630355e23b54,0f173b2f3717070e,
dataset/train/pituitary/Tr-pi_0569.jpg,pituitary,pituitary,2,train,87bcb7ff0b80ee6e111fa4b7fd6dba2d3e53323516597f9ea1c792e337308caa,16372b0f1717070e,
dataset/train/pituitary/Tr-pi_0570.jpg,pituitary,pituitary,2,train,394a2a3ce6712585c59208a38a4ce0dde271ed671c4ea0eaebf12e3796dc3b19,16330b0f171b070e,
dataset/train/pituitary/Tr-pi_0571.jpg,pituitary,pituitary,2,train,60c398ecf88f9cba7f4fb5eb03a3ddc02112207f994810cd8b61313b2e8370da,8c1717174d71374b,
dataset/train/pituitary/Tr-pi_0572.jpg,pituitary,pituitary,2,train,b42d5041d8c530b1dc2e8c3086426586e4c18b185d7f351c85b7ddbbb9bed9ca,0e17332f0f170f0d,
dataset/train/pituitary/Tr-pi_0573.jpg,pituitary,pituitary,2,train,1917cf11a66f068be75028215d0795510db90c59c333653e904340889c38e490,0e17330f07170f0f,
dataset/train/pituitary/Tr-pi_0574.jpg,pituitary,pituitary,2,train,c5898d1c6a700de9bfa1bd82a802318501301bf59165d7fcad5818685713f0e8,1713330f17070f0f,
dataset/train/pituitary/Tr-pi_0575.jpg,pituitary,pituitary,2,train,0e83f73c27a75d6063ff2ce1d0608e483eb67c67a2245240f0d0b462ebc4265a,0e17557133552b0e,
dataset/train/pituitary/Tr-pi_0576.jpg,pituitary,pituitary,2,train,677ad07d344037fc8c15eb5eee7dee8b6fd3c82750c3a6f053488c836c1a887e,0e17556133552b0f,
dataset/train/pituitary/Tr-pi_0577.jpg,pituitary,pituitary,2,train,4a5a54e0a5ca4178d549835f7065b3da2224e8bf43113ca842a83e7268a87dcd,0717556933353b0f,
dataset/train/pituitary/Tr-pi_0579.jpg,pituitary,pituitary,2,train,6c1e106147dd2ae9e4b6f78361f211d8d1f6deb7e53e219c10140e2b4cf9c3dd,0f372b2b1f2b170f,
dataset/train/pituitary/Tr-pi_0580.jpg,pituitary,pituitary,2,train,6d7a48f8eb7196e7111676510bc0983b7a110d21a1d5843fe9bf010c5c15be80,8e1717174d75170f,
dataset/train/pituitary/Tr-pi_0583.jpg,pituitary,pituitary,2,train,2ef5ee3a753e06b1cbaf151c1ba493506921b1e41e0ed49184ec045035616ab1,0b175d4d57170b8e,
dataset/train/pituitary/Tr-pi_0584.jpg,pituitary,pituitary,2,train,0d50d81e9b33e55e1edb0caf63b7285a7abdc8aa5c35fbd097eb82b6b248f23a,0f175d4d17170b8e,
dataset/train/pituitary/Tr-pi_0585.jpg,pituitary,pituitary,2,train,8101c9db813f501b561195e9baf1324c1b736c44df5499b8c223b25030b7970d,0f17556933170b8e,
dataset/train/pituitary/Tr-pi_0586.jpg,pituitary,pituitary,2,train,08cd316a43731a36ea32870b4250cf94d1263579ad9ea12a7a002161c6ce39a8,0e17494d37171b8e,
dataset/train/pituitary/Tr-pi_0587.jpg,pituitary,pituitary,2,train,67be465cd4b08a09327b4bfa6728226fd234cfa12e5c6c5cf0cb2fa1998fa596,0e174d4d37171b8e,
dataset/train/pituitary/Tr-pi_0588.jpg,pituitary,pituitary,2,train,e09c0efd7275fe6dcca7d375884a8a3bfdb440ccf7db0fe590457059f1daea1b,8e1717374d75570f,
dataset/train/pituitary/Tr-pi_0589.jpg,pituitary,pituitary,2,train,352e008e1018d3c2819adac79f88d5c22c147ea8eb9c1f36d8cebfc488e8229b,173755530f0d0b8e,
dataset/train/pituitary/Tr-pi_0591.jpg,pituitary,pituitary,2,train,9b6671dcbc7f725e2260b83cecf05f2b90b551e0be4e7d2e8fdfb6b3be71d26c,0f175d4d53150f8e,
dataset/train/pituitary/Tr-pi_0592.jpg,pituitary,pituitary,2,train,370550cb48abc22988396cd82c752a280c79356b4927f145ca573969713eadf3,0f1b190f170f270f,
dataset/train/pituitary/Tr-pi_0593.jpg,pituitary,pituitary,2,train,20f460159e8b0f1134a88672c65eedc1b50ee6226c196aedb865649d6f2bea1f,0e1b2d0f170f270f,
dataset/train/pituitary/Tr-pi_0594.jpg,pituitary,pituitary,2,train,82fc4228e4a0c2137a3167ec0b34c1559cad191b8485090b01158e8db9342319,0f1b2d17170f2f0f,
dataset/train/pituitary/Tr-pi_0595.jpg,pituitary,pituitary,2,train,130b423db0534d535ac335bf4124cbdd57307c12b7350c033308a1930793c32f,0f172d4d4d4d270e,
dataset/train/pituitary/Tr-pi_0596.jpg,pituitary,pituitary,2,train,535de7eda579869cc1c1bbba650b32a4067b9868f20c24bc219c7c036d478297,0f172d4f5d5d230e,
dataset/train/pituitary/Tr-pi_0597.jpg,pituitary,pituitary,2,train,d77fd5a5e0e34ac350484f731434989cd440feea68a58c073dbbe9e4c52e7391,8c1f375d6d4d554d,
dataset/train/pituitary/Tr-pi_0599.jpg,pituitary,pituitary,2,train,72274e133fc0dd456b714c7df073f130b650e0aeec2dfe8e5c0d3ce05cc1436a,1f3b2f0f57170f0e,
dataset/train/pituitary/Tr-pi_0600.jpg,pituitary,pituitary,2,train,4192a45ee0dca139358cdc81af4b9baa9a2a34a642ababbba6081d21af32b884,0f332f0f57150f0e,
dataset/train/pituitary/Tr-pi_0601.jpg,pituitary,pituitary,2,train,5b9f0e5c909d3087a9350490ade735eb27e10007babc76d582b5d406eefa1957,2b2b494933170f0f,
dataset/train/pituitary/Tr-pi_0602.jpg,pituitary,pituitary,2,train,58759635771025c8ef4c93739686c035cf6f55f495af139f3e1c25e93db7446f,0f13492d33170f0f,
dataset/train/pituitary/Tr-pi_0604.jpg,pituitary,pituitary,2,train,e9ccc36ccdbefa5fb2d05b38469d98e77aea14e7a4a7a35c6e45896cd27bfab8,0f17556d694d2f0e,
dataset/train/pituitary/Tr-pi_0606.jpg,pituitary,pituitary,2,train,24cb2880fe794d83b4bf2e97378d1dce5757a86b3d054c9df5cd682791b5b145,0f175569735d2f8e,
dataset/train/pituitary/Tr-pi_0607.jpg,pituitary,pituitary,2,train,a010656867b77239f55c6c8e7936b0170dc87674fa0493a4568f3b83693262bc,0f1f334f4f0f270f,
dataset/train/pituitary/Tr-pi_0608.jpg,pituitary,pituitary,2,train,68fbf9942b76cad1883696e51d5d86baa5b8049af7bf3bfd8f4018f23d7ea004,0f1f3b4f5d0f270f,
dataset/train/pituitary/Tr-pi_0609.jpg,pituitary,pituitary,2,train,60bbc02f497e29dee46e7c1b5f6935f3b5d1c6b17ef7a51961c78c06999a4e6b,0f1733471d17030f,
dataset/train/pituitary/Tr-pi_0612.jpg,pituitary,pituitary,2,train,a7b97ddff50de42ac10918d1ee94387d5579476cf59fd13fce3dd8aad2f0b9fa,450f0b6b0f2b330d,
dataset/train/pituitary/Tr-pi_0613.jpg,pituitary,pituitary,2,train,b52b210dcbdc4488777b4d8991fca0b982eb3ee2e5df62a042f54362c0f4371d,050f136b0313170f,
dataset/train/pituitary/Tr-pi_0614.jpg,pituitary,pituitary,2,train,b369dfb8f266c0726f0a1668cb177cd7ed0af2e15d0563ef815394c0ff30ef7a,8e3737554d5d5155,
dataset/train/pituitary/Tr-pi_0615.jpg,pituitary,pituitary,2,train,78e590a1637c7390ec297f555f54429cf95df40b4b38e8ebe5ba8052870af69b,0f3773613327170f,
dataset/train/pituitary/Tr-pi_0616.jpg,pituitary,pituitary,2,train,75f49af5933b522f7708a6b1065428cc73a15d52113ba7e0838accb7f8c2953f,0e17334d0f330f4d,
dataset/train/pituitary/Tr-pi_0617.jpg,pituitary,pituitary,2,train,72ad48da50eaff7286f161ae2e149fa6044b2cbe4108758a61097401b549bc96,0f133b4d4d2b0f4d,
dataset/train/pituitary/Tr-pi_0619.jpg,pituitary,pituitary,2,train,42db2d21b9b9975cfeecb9273a2e926dfb3228aaabf2db98983f0ead1148df8d,06172b4d152b0f4d,
dataset/train/pituitary/Tr-pi_0620.jpg,pituitary,pituitary,2,train,d99fba18f58e2098cc9332ef713d98c1ef093264dfa46971c361abc69649b5d1,0617294d17130f0d,
dataset/train/pituitary/Tr-pi_0621.jpg,pituitary,pituitary,2,train,9effc73b7c67b23cd1d1e5f55cebb5d910ce0e8a2bbad83afacf23d4b9487f94,0637294d17330f0d,
dataset/train/pituitary/Tr-pi_0622.jpg,pituitary,pituitary,2,train,973dd2fc395935d3f23ee0d2b77bf5e2695ec6286c2fc77c55d43ff9401cab11,8e3717156d555159,
dataset/train/pituitary/Tr-pi_0623.jpg,pituitary,pituitary,2,train,cbf4590e16586adc61e35f23beaa4cae1d54f72bb6aacef9b651e9ccbc373fe9,061331554707070e,
dataset/train/pituitary/Tr-pi_0624.jpg,pituitary,pituitary,2,train,f414d154689193923b979389256f55b99d479877f8ee32b8c85d8389466a8870,061315554f0f170e,
dataset/train/pituitary/Tr-pi_0625.jpg,pituitary,pituitary,2,train,f48db6f4e980df12a68ef8a8629251dbdd807ba746e8f8a8093b8dd1d59bcd61,06371555470f1b0e,
dataset/train/pituitary/Tr-pi_0626.jpg,pituitary,pituitary,2,train,82c88c6719d19311dac25cc5550726eef75353376d96faaa40c648e4a3ed768e,0637595557071b0e,
dataset/train/pituitary/Tr-pi_0627.jpg,pituitary,pituitary,2,train,3293977201549bf836f267330630728c527c3da7528298682f81efc21d0af509,0f0f330b4d0f2f0f,
dataset/train/pituitary/Tr-pi_0629.jpg,pituitary,pituitary,2,train,81f2db419099188059876414898ec19a59145f8bb20fb1995a694d6352d1fefb,0f1717070f070f4d,
dataset/train/pituitary/Tr-pi_0630.jpg,pituitary,pituitary,2,train,a8702df017101fc70cbefde3a6a3d43cacefaa05442af42d5f9775cb7cd73402,0d1f176b4d07070f,
dataset/train/pituitary/Tr-pi_0631.jpg,pituitary,pituitary,2,train,ab8ab7cc4ee406a8d8b708773da397a08396a7319d0e773c8ca61299a5d2fe33,0b175d4d555f2b8e,
dataset/train/pituitary/Tr-pi_0632.jpg,pituitary,pituitary,2,train,01facbc64962bb3ba6d8d5a8cf9a2eb6d3754300449eab06aa1146369c032a8d,8e3757155d595139,
dataset/train/pituitary/Tr-pi_0634.jpg,pituitary,pituitary,2,train,933dabb7739d807944d505fe002b4bfa403e430f0f6edcd2df16846d072dfa9b,0e17556d27170f0e,
dataset/train/pituitary/Tr-pi_0636.jpg,pituitary,pituitary,2,train,ce3f714e32bee416a61d22812a46f93a875a6c3022dac9d33160b950128675c9,0f1755693317370e,
dataset/train/pituitary/Tr-pi_0637.jpg,pituitary,pituitary,2,train,14fa61b19d2bae5ad6145a7a6bec82cfe4ad2ed5660ca0f5b47eec2b788ef51b,1e1755693333270e,
dataset/train/pituitary/Tr-pi_0640.jpg,pituitary,pituitary,2,train,e2f6b85374e93981fc5362eda26d8487eed83981b23552cacc8089c2b810ede1,1331707840686b7f,
dataset/train/pituitary/Tr-pi_0641.jpg,pituitary,pituitary,2,train,e3632c3db28f34854cc5cdccb42da8fa98e8207ea5449cea36acffa8aa1a245d,0e1757692b33170f,
dataset/train/pituitary/Tr-pi_0644.jpg,pituitary,pituitary,2,train,ea11d00c1dce521b3c1375cbdf87f0ef268708e1167d44c9f6d1f2caf53e0c6d,0f13534f150f070f,
dataset/train/pituitary/Tr-pi_0645.jpg,pituitary,pituitary,2,train,b3aa25154b8cc96cb537d78178e89eed1c3698c9b30d9fdb19bff850844d15ed,1f130b4d1707070f,
dataset/train/pituitary/Tr-pi_0646.jpg,pituitary,pituitary,2,train,c711207e6e46367c0f5003a1cbddf8a9ac90797eede32dd2d207e39c1e4eb016,17132b4d1717070f,
dataset/train/pituitary/Tr-pi_0648.jpg,pituitary,pituitary,2,train,96757b1c8a7fcdede67a6c1c66c75fda341e4606ab19605ad93367975d8ed5fe,0e13332b0f2f2b0e,
dataset/train/pituitary/Tr-pi_0649.jpg,pituitary,pituitary,2,train,3b7aa24d390beb1641274fda437655f427898a8e7a142f6bf03324b5b361a845,131572d840606b2b,
dataset/train/pituitary/Tr-pi_0650.jpg,pituitary,pituitary,2,train,e340988e91aacba549aa7c330a53d9d14a5a0bbca5bdc96759039f566d908bd0,0e17332b172b2b0e,
dataset/train/pituitary/Tr-pi_0651.jpg,pituitary,pituitary,2,train,c5cb06c7d654dad3bab137d1772c870c2cb96f4b2ac977151a249f6f3c60b6d7,1e1f134d4d0f170d,
dataset/train/pituitary/Tr-pi_0652.jpg,pituitary,pituitary,2,train,e6d2957611dd36324ac338eed0f1c17acd611ba81b81ebbb380bf3b9c97186e1,0e17174f4d0f070d,
dataset/train/pituitary/Tr-pi_0653.jpg,pituitary,pituitary,2,train,9f99d911e66ecc5e010cff0694465df42eb8be2fcd747cba19dc102276faf4c8,0e17130f5f0f070f,
dataset/train/pituitary/Tr-pi_0654.jpg,pituitary,pituitary,2,train,a3de65b332088979a3e9acc22fdc47e650b6b1b2d5aab39adf81f9d5bec4f06a,0f1f0f0f3707070e,
dataset/train/pituitary/Tr-pi_0655.jpg,pituitary,pituitary,2,train,dde390c88546e94830025de02c86127cdd32e546aeef7fab702fa89d36197fb9,0f171f07171b070f,
dataset/train/pituitary/Tr-pi_0656.jpg,pituitary,pituitary,2,train,06c0e1102e945e75650e5427be415cbbb4bc16df8becc18fa98d8c08f46b35eb,8e17554d7357451b,
dataset/train/pituitary/Tr-pi_0657.jpg,pituitary,pituitary,2,train,a52d8f94f6c05eb03bd3f45b4bc71a933a598f2f1f9fb900207688308a0f562f,035572d85060eb6b,
dataset/train/pituitary/Tr-pi_0658.jpg,pituitary,pituitary,2,train,e406e11fc41eeeadfb90f8ddb5202af455f2e953f0b5ab2154713f5f1163db68,0e1f556971514d17,
dataset/train/pituitary/Tr-pi_0659.jpg,pituitary,pituitary,2,train,f3d5b508c07875febcede2f8acbd89ca0685693338c7c2648821c3abce04d7b1,0e17556971715517,
dataset/train/pituitary/Tr-pi_0660.jpg,pituitary,pituitary,2,train,aa7a9bd5e81177c5e5ee7be54731f688da71b1925c8b08831513689a0710069d,0e17574d5517450f,
dataset/train/pituitary/Tr-pi_0661.jpg,pituitary,pituitary,2,train,f2704934bf4c3fafb58b89eec7e2ec75fbe55dc80ff163ba4eb13505f27011a0,0e0f334d4d0f130f,
dataset/train/pituitary/Tr-pi_0662.jpg,pituitary,pituitary,2,train,1f4da220ec9b219d0f0688c5124561d7795850d970da051b1dec56ca9b660484,0e17130d4d0f130f,
dataset/train/pituitary/Tr-pi_0663.jpg,pituitary,pituitary,2,train,71f17d2dbabdfd524d9f3298ca19be7d26d7787b16394196e88051ce7253c9c3,0e17330d4d0f030e,
dataset/train/pituitary/Tr-pi_0664.jpg,pituitary,pituitary,2,train,39f4f7b252d7809d8d3d2e4521607de2195bf0f66c0592587b1cebd632aac640,0e17330d0d0b230e,
dataset/train/pituitary/Tr-pi_0665.jpg,pituitary,pituitary,2,train,e90dc3f71e289ba330c0e39c7b0f7efa88e57c51e1dd7edd8160a34a390061d7,0e372b0f170b270e,
dataset/train/pituitary/Tr-pi_0666.jpg,pituitary,pituitary,2,train,7afbdea3da7eede0945b28d3a919d6c9d6e65336f17f9a0c856772920f26846d,132b52d16260eb6b,
dataset/train/pituitary/Tr-pi_0667.jpg,pituitary,pituitary,2,train,d18e158bc00f01d81fc4c7adbac7d4cedae5eb0090d49a0f839c251adea724b4,0e332b0f170f2b0e,
dataset/train/pituitary/Tr-pi_0668.jpg,pituitary,pituitary,2,train,02799f7863d49de182357e72179f3cc4e65e70099355f2d5aa2e39d356e492d9,8e13795d55557517,
dataset/train/pituitary/Tr-pi_0669.jpg,pituitary,pituitary,2,train,688becb1a46d9eccf3ec8c54c10bc2fb060c8da0968b1c6645de3b94c667fa2c,8e3371555d555515,
dataset/train/pituitary/Tr-pi_0670.jpg,pituitary,pituitary,2,train,0352d35b21998d26f81825ab1d8d110de51e9688c4215c5597fd077fac4a1f22,8e33715569515555,
dataset/train/pituitary/Tr-pi_0671.jpg,pituitary,pituitary,2,train,63cf4a70dbad6c02b2c70d260aa7adc7196eac66490fe5debab01b023711559d,8e3371556d697951,
dataset/train/pituitary/Tr-pi_0672.jpg,pituitary,pituitary,2,train,21c8fc5f8a8a80d137c3e42f54cc53221b77f0961db95d259ffcb255413c7cde,1717171369711f1f,
dataset/train/pituitary/Tr-pi_0673.jpg,pituitary,pituitary,2,train,da789c5da48dd6ef19caee5eba19a1371806120fc65c83f7e86c98a7e676d3d5,171717336b611d1f,
dataset/train/pituitary/Tr-pi_0674.jpg,pituitary,pituitary,2,train,1ffc396a73047d5737df4c77752830b2ff2a6b83500db43953e031a5315d376e,132132d84068eb6b,
dataset/train/pituitary/Tr-pi_0675.jpg,pituitary,pituitary,2,train,b479c0fd90d3f50028c8d31fe6078c4a93ab0bd616c75ce04dc6037335eccc92,1f17132333555d1f,
dataset/train/pituitary/Tr-pi_0676.jpg,pituitary,pituitary,2,train,690ed9d73b96706b833cfbb95e40543fe022c7579ab74693873e2c26766c5efb,8e0755554d5d555d,
dataset/train/pituitary/Tr-pi_0677.jpg,pituitary,pituitary,2,train,690ed9d73b96706b833cfbb95e40543fe022c7579ab74693873e2c26766c5efb,8e0755554d5d555d,
dataset/train/pituitary/Tr-pi_0678.jpg,pituitary,pituitary,2,train,25f8a20c433412d24450f61d7051151c45a85dd5b9e2c7e4d4922d3d368ba5c1,1717574d55174f0f,
dataset/train/pituitary/Tr-pi_0683.jpg,pituitary,pituitary,2,train,4f050f4420c932757fc8c47b5a623bbe67815c5056b47a463dabd158bb40b52d,0e1717154d55554d,
dataset/train/pituitary/Tr-pi_0684.jpg,pituitary,pituitary,2,train,7f75d5f2c625916417712266deb889f246c63ae3a989bd35e136aa354f0098a6,8e1717176955130f,
dataset/train/pituitary/Tr-pi_0685.jpg,pituitary,pituitary,2,train,a1d8352b9c16ae767d381d13ace7fbb9b8b136c68d05d8e27e7eee1b1f35470a,8e1717171155170f,
dataset/train/pituitary/Tr-pi_0686.jpg,pituitary,pituitary,2,train,906cfc7638d89309ffbe5d6a542ba43dc34c7f4f651dde4759c5f47b2144477f,2b43355575736b2b,
dataset/train/pituitary/Tr-pi_0687.jpg,pituitary,pituitary,2,train,19ca9a84a19ccbaf66d2e92f02725941a2683f8825a6d01c4c03d1d6a071c03e,2b57775555776b2b,
dataset/train/pituitary/Tr-pi_0688.jpg,pituitary,pituitary,2,train,8598bdd31b3b440d5121f6c84ac721bbc9f005997523f832570876aaf8bd8a3f,2b5775716575632b,
dataset/train/pituitary/Tr-pi_0689.jpg,pituitary,pituitary,2,train,b41c73b1bccaaf3d1d613f90ecac9ca4dd941667bf41d49d08889e2911ab2fac,8e1717555555170f,
dataset/train/pituitary/Tr-pi_0691.jpg,pituitary,pituitary,2,train,a85299682d201c279642624cbd064fb1962c15c3acc252ba9c5bda078b7ffad2,962b574d71554d2b,
dataset/train/pituitary/Tr-pi_0693.jpg,pituitary,pituitary,2,train,31a9bddf62935ff2fed532e172c546f2a6de8170e24a2fe08653c8e888fe9364,0f17170b3713070f,
dataset/train/pituitary/Tr-pi_0695.jpg,pituitary,pituitary,2,train,679631684a5682cfb59fde3416b9c8d65c9c525348132d598b8b14fe3c9ecf2b,83051640693d313b,
dataset/train/pituitary/Tr-pi_0696.jpg,pituitary,pituitary,2,train,dcc90f736f0c8c57f817f7d8129c1d97d90f48590f6555ee0912bed53a83f8f6,1755456333552b0f,
dataset/train/pituitary/Tr-pi_0697.jpg,pituitary,pituitary,2,train,65d655023aee8cd776cfba83e5db2e533acf65db14540d709377b8990089dde7,0f37716923452b1e,
dataset/train/pituitary/Tr-pi_0698.jpg,pituitary,pituitary,2,train,fa7bcc1175b6196b2b341fc02685f6f1776ed84e110c658a98af3308460941f3,17174d6961696b0e,
dataset/train/pituitary/Tr-pi_0699.jpg,pituitary,pituitary,2,train,4aab0d5e125c1aba01cff994911e87fabd5348087a300f3228eaba99114045fe,8633555545511353,
dataset/train/pituitary/Tr-pi_0700.jpg,pituitary,pituitary,2,train,23f4c925707b94c973d3fb46def1574fc19f8ff12c20c43b8a11edc2d6f7ecd6,162b574d51554d0b,
dataset/train/pituitary/Tr-pi_0701.jpg,pituitary,pituitary,2,train,b5e17076d1427e41a618f92bc72100c1be4df26608223512aac51c911ac1eb88,863355574d4b3b73,
dataset/train/pituitary/Tr-pi_0703.jpg,pituitary,pituitary,2,train,669c9deff6239c893d4aa6b2582029c843509648fd3ab8f1ff81626bb87da901,13334d4d71696b0e,
dataset/train/pituitary/Tr-pi_0704.jpg,pituitary,pituitary,2,train,b43008d80d9962a942b3a5e094bccba4986140eb882b59729fde9b7cb1e5fa5e,3b3345457169630e,
dataset/train/pituitary/Tr-pi_0705.jpg,pituitary,pituitary,2,train,c05038db76c2c74d59e5616fab4046b4229d29c9e0cc9dc78e49e1b92a1a9af3,0f17554d33171717,
dataset/train/pituitary/Tr-pi_0706.jpg,pituitary,pituitary,2,train,ed89b4c4359e5d632f1a783f8c4fe0786edd224c2bb0d86a908ba028a935b633,0e17554d33170707,
dataset/train/pituitary/Tr-pi_0707.jpg,pituitary,pituitary,2,train,6e35b3f86f547e5cd9f4f08492279a467cfb9f45d699112b4eff8f7bed1a35e3,0e17156933170717,
dataset/train/pituitary/Tr-pi_0709.jpg,pituitary,pituitary,2,train,3275c3825fe6ea7a94d7e958cf4fa15d0d3cf0337258abc843195bd9600b4bc0,0e17156913131717,
dataset/train/pituitary/Tr-pi_0710.jpg,pituitary,pituitary,2,train,ecb9603292cad935619bdac8830e4288116dbc1e1ea541193471ad6c55d505fb,061f334b4d07070e,
dataset/train/pituitary/Tr-pi_0711.jpg,pituitary,pituitary,2,train,53b899408d8068fd71e574ff4b61b547572668c74f53f888c042983148f5b5d6,0e17334b050f070e,
dataset/train/pituitary/Tr-pi_0712.jpg,pituitary,pituitary,2,train,934b52967d00fb73284336ff980fd9af7cc910f35faab92e67562b3bd4705d18,06372b4b3507070e,
dataset/train/pituitary/Tr-pi_0713.jpg,pituitary,pituitary,2,train,03bf6187fa392665517d8aa2f50eccc5e487abc2e1fd7eba4d9366a645d7a804,06374b4d3517070e,
dataset/train/pituitary/Tr-pi_0715.jpg,pituitary,pituitary,2,train,d90c88b227a505cda8e51e39715edff3109fd89669047cb7fb9d7e7bb7c2722b,8e0f4d4d5d171b8e,
dataset/train/pituitary/Tr-pi_0716.jpg,pituitary,pituitary,2,train,ea2c1f3b8b96328ee7c5b0660d63d114e6e10d020657127f25420912869bb071,8e0f4d4d17071b8e,
dataset/train/pituitary/Tr-pi_0717.jpg,pituitary,pituitary,2,train,29ce9014057d30ecb39df96566b8350d9bca30703e5142df7954a9b8dca8976c,2b17554d555f2b8e,
dataset/train/pituitary/Tr-pi_0718.jpg,pituitary,pituitary,2,train,18f9ce91ea4fc88aacee4ab5a3a82fe3f67c53395209275eaf94dd78f1cf59e8,172b554d55554f07,
dataset/train/pituitary/Tr-pi_0719.jpg,pituitary,pituitary,2,train,da43936baef1156047d2e64836a66c622dfb69f2157dcf912a1b4832272a1bb9,0e074d4d370f2b8e,
dataset/train/pituitary/Tr-pi_0720.jpg,pituitary,pituitary,2,train,d6664db9856b5f89f699099e4e591b9a872c0ef693f51efc918e6ae28bfbc76c,0e175579370b2b0e,
dataset/train/pituitary/Tr-pi_0721.jpg,pituitary,pituitary,2,train,4f50ceba4e5670e0b94aa4527280a79a6414a8a77e8c2fb0fd1edd4ea8f9e238,0e175131330b2b0e,
dataset/train/pituitary/Tr-pi_0722.jpg,pituitary,pituitary,2,train,605451ef8728da6eb9f33745b1362d9d855f6937aab1e922d0a9b59e4e0b0b2f,0e13214d4d072b17,
dataset/train/pituitary/Tr-pi_0723.jpg,pituitary,pituitary,2,train,cd42dc532af977e069c6092ede3cd6b9bd0d63aa1698ee22f2020fa961883878,0e17154d31072317,
dataset/train/pituitary/Tr-pi_0724.jpg,pituitary,pituitary,2,train,b6592ab4c14f4cdaf5d6d4ce72fa133bab7e288a24c079ec14203294b2a8ae33,0e0f154d33132b13,
dataset/train/pituitary/Tr-pi_0725.jpg,pituitary,pituitary,2,train,8d7477dd9677e2b1f4b39b130787ffc3748050472348c56e2aee605be83da45b,0e1771554f27138e,
dataset/train/pituitary/Tr-pi_0727.jpg,pituitary,pituitary,2,train,84466958a02a064d25701d1d70a3a752cf66f8f6add734e19d4d67f127557497,0e1755753317130e,
dataset/train/pituitary/Tr-pi_0728.jpg,pituitary,pituitary,2,train,a6a96199edd6b7394588d6ffb33860f6940fa97c7df39a3b2e8622aee3ce10b2,0e1715713337130e,
dataset/train/pituitary/Tr-pi_0729.jpg,pituitary,pituitary,2,train,2a3dbe101074f7c5d483c93b8a20c2dc710f1f1e24bf77bcf1ee128b61fe3e04,0f17550f0f0f0f0f,
dataset/train/pituitary/Tr-pi_0730.jpg,pituitary,pituitary,2,train,6f58dfbade33923517d3941f9f72073de2c24e8e668c83e7eb898c43494b7dad,0f17133b3317170f,
dataset/train/pituitary/Tr-pi_0732.jpg,pituitary,pituitary,2,train,3337b3536da469d340b5102797c5c8d3fac25017032315574494b920e4722f82,1e17130f17572b0e,
dataset/train/pituitary/Tr-pi_0734.jpg,pituitary,pituitary,2,train,b85b0f35fd606fd6d98280f06500206ebc9038bad3e88f23965a036a0812e685,0e17154d6b052b2f,
dataset/train/pituitary/Tr-pi_0736.jpg,pituitary,pituitary,2,train,016b7ee664644ef3718bb33f63ec7e3d8fe9e8e625512ffe11c6ab73cb441494,0e1755495315272f,
dataset/train/pituitary/Tr-pi_0737.jpg,pituitary,pituitary,2,train,676b8ece5576809886faaac26dba4160774c826c8d0adecbb41d42d74f281756,061715517351370f,
dataset/train/pituitary/Tr-pi_0739.jpg,pituitary,pituitary,2,train,5770383cf5e78f38c754c3b6c008762876870a649411597b947cdedfd6e74694,0f37736923072f0f,
dataset/train/pituitary/Tr-pi_0740.jpg,pituitary,pituitary,2,train,08690b76457b2b44d58682cece62ec951ef6d30d935ce07df852e97d44434680,0e17734973072f0f,
dataset/train/pituitary/Tr-pi_0741.jpg,pituitary,pituitary,2,train,0a17297340207cb908b0869f5cc1a36bf83ff6dc888de2ea8feecaa2af9a656c,0e17376933332f07,
dataset/train/pituitary/Tr-pi_0744.jpg,pituitary,pituitary,2,train,4a26ee3d6ee6caf1b7ceb44a837f60e10796e713112abae315ea4ce5ba4a36fe,1717356945754141,
dataset/train/pituitary/Tr-pi_0745.jpg,pituitary,pituitary,2,train,4cd9be28c335a75d975ffb5899844126eff977adf92eae4ac0fad646f9f15c8d,0717176d4d754541,
dataset/train/pituitary/Tr-pi_0746.jpg,pituitary,pituitary,2,train,88b362d8c30cc058afb8199a5555a6ffd3dae1d27cdb73f8a3fdc4b74e82f034,1717152d4d555141,
dataset/train/pituitary/Tr-pi_0748.jpg,pituitary,pituitary,2,train,d2fdefb71177662b7099aa1db4f2ead9e7749be1743ae08f24caac62df9f18b3,071715354d773741,
dataset/train/pituitary/Tr-pi_0750.jpg,pituitary,pituitary,2,train,178d4240956328d13e3f4b1429a212fb5129bc2c0db90e6f459be0dec24f1b78,8e0717172d573717,
dataset/train/pituitary/Tr-pi_0755.jpg,pituitary,pituitary,2,train,f78384bc60ccf5f792f6d97ee8b4c9d30bcb0a69aa884e58c98fbebc5dc0cf29,8f13574f4d555733,
dataset/train/pituitary/Tr-pi_0756.jpg,pituitary,pituitary,2,train,4ec4a8bb61f8eafd1be3ef1f140ba4a3ae7eaba72c137cd6555451dc3ac3614e,9717554f4d551733,
dataset/train/pituitary/Tr-pi_0757.jpg,pituitary,pituitary,2,train,9652169786420306650613dd51653cdcfd5af138be3e811fa8041c55a57f1873,171357574d553333,
dataset/train/pituitary/Tr-pi_0759.jpg,pituitary,pituitary,2,train,f37ee9f2897615a6a32a1547de64a9e5b0a4b385c8d7745156046ee9a009429b,8e371b172f67370f,
dataset/train/pituitary/Tr-pi_0760.jpg,pituitary,pituitary,2,train,faf19893727a2e4033346c3e70a3226b48984c7adf9e844c2793f8da3b7fc369,1717170d2917170f,
dataset/train/pituitary/Tr-pi_0761.jpg,pituitary,pituitary,2,train,f8edba58055ca7e9b46b574a5e85717f1e8063cff4b93568526d32402f424577,1717170d29171717,
dataset/train/pituitary/Tr-pi_0762.jpg,pituitary,pituitary,2,train,e54479e6dc661f9c54397577db9981df6ae63de12cae5ebd2ab6606b549c6c0e,171717150d171713,
dataset/train/pituitary/Tr-pi_0763.jpg,pituitary,pituitary,2,train,4dfc272a54cb24534f43f84a144e0b5892dfdb1bef2b45c8ae51c93a20752dea,13075375192b2d11,
dataset/train/pituitary/Tr-pi_0764.jpg,pituitary,pituitary,2,train,903f7032278faf351d9a9f9fb3c323499a7082cd4309acf58aa7541337a92341,13135175093b2511,
dataset/train/pituitary/Tr-pi_0767.jpg,pituitary,pituitary,2,train,b7aafafb3940a0611c76223ca4a1156dce7e9388a0d4c6b0dfe5f750b3856c7d,3357575d45113133,
dataset/train/pituitary/Tr-pi_0768.jpg,pituitary,pituitary,2,train,1b3e281ffef61a1ada3ba7d86139f3ae122fc2f66227a01abab0501f9f2d7f05,3351555565153133,
dataset/train/pituitary/Tr-pi_0769.jpg,pituitary,pituitary,2,train,de3d7d57ddd1631bf7ae7a0101fd57350c2a927c8d091b706b12062187fcabe8,1717175771550f23,
dataset/train/pituitary/Tr-pi_0770.jpg,pituitary,pituitary,2,train,7d9c427a188bfc1e2ab6a0c45e3139b35065f697f9f869c47b850ca0bd45d03e,1f07171755550f2b,
dataset/train/pituitary/Tr-pi_0771.jpg,pituitary,pituitary,2,train,021ee6d047629e09d4a1ca7edb1618046e0f61ce996a8dea861af2143761c1bd,171755174d551f2b,
dataset/train/pituitary/Tr-pi_0773.jpg,pituitary,pituitary,2,train,aa3ed042a69477c125a08c662683202394f0b2c229e6be5aa11cb04357987f0f,0e17372f170f170e,
dataset/train/pituitary/Tr-pi_0774.jpg,pituitary,pituitary,2,train,18628e92ec08f071bbeaf5178fdec6f0bfbb5931d4f5a19702ea25c7b4356f0b,171717135d372333,
dataset/train/pituitary/Tr-pi_0775.jpg,pituitary,pituitary,2,train,6eeeb7b81b6cfaf43fe7052656ddb7dcd930af84923187f18ffd19b33750a019,3b0513575d574f03,
dataset/train/pituitary/Tr-pi_0776.jpg,pituitary,pituitary,2,train,b1308af76b6cf8f9714c8724dcd9439ab8e794ec72cd46555ed04f30216acaee,3b0513174d571b0b,
dataset/train/pituitary/Tr-pi_0777.jpg,pituitary,pituitary,2,train,bea06b78765f9cfa8492ef002875900770a0109e42dac339c7ccf620a1ac5fab,2b1513174d471b0f,
dataset/train/pituitary/Tr-pi_0778.jpg,pituitary,pituitary,2,train,c226b0ac5312d62b7e4fc76a14abbea4b5f76c730ea94a2cd079829ac641da23,2b05175749471b0f,
dataset/train/pituitary/Tr-pi_0780.jpg,pituitary,pituitary,2,train,e5613b1d09318c6bbd168ce0e6b8410298f82683dff50c50b825cc03aa074363,8e3717554d4d3733,
dataset/train/pituitary/Tr-pi_0781.jpg,pituitary,pituitary,2,train,27b05cb14af81ac26fa2e95c57e935299e012cd33d4f7e56a8a1c59ea56433dd,8e3317554d2d3733,
dataset/train/pituitary/Tr-pi_0782.jpg,pituitary,pituitary,2,train,889e556b5d106131225daa3c350c8a7ada3f0bdd4269f25266f476dfa01b46c7,8e3317554d2f3333,
dataset/train/pituitary/Tr-pi_0783.jpg,pituitary,pituitary,2,train,e3f1f2b2b0ecd24a4b1b9e1b6b118dc9730cc8fe9d449b90da1c414a7e5f0286,0717175955550d33,
dataset/train/pituitary/Tr-pi_0784.jpg,pituitary,pituitary,2,train,6d8b42fc5d2e90a795d64323a8a729f263e4123d124afbb39ef558dc87bee365,0717174955550d13,
dataset/train/pituitary/Tr-pi_0785.jpg,pituitary,pituitary,2,train,ce0bcba0f4d073b4b72581878fd4b84039d3b7d5549bb0b72915ef3ee440edf0,1717174d5d550f13,
dataset/train/pituitary/Tr-pi_0787.jpg,pituitary,pituitary,2,train,644685bd941f50c8b8d0fb7338fa4f4303e1240306565351378f58e3b925e990,2b3717754d550f13,
dataset/train/pituitary/Tr-pi_0788.jpg,pituitary,pituitary,2,train,864731e9effe4831697ba57857d7207238ba8144a1f3fffb2b8009c8cb758a39,8e17174d45555733,
dataset/train/pituitary/Tr-pi_0789.jpg,pituitary,pituitary,2,train,7aea623cd3fc1de9fe1e4f13c449b2cb7a2b566e540f85bc1ae9713c34feed77,8e17174d4d553333,
dataset/train/pituitary/Tr-pi_0791.jpg,pituitary,pituitary,2,train,e6d97c4f8c3ba3b5739ba21c182ca6afae14ef272d358464fd1f9a9d733db04e,8e1717554d293b3b,
dataset/train/pituitary/Tr-pi_0792.jpg,pituitary,pituitary,2,train,4f81bf5bea728dd3780e779548921ac365edfdfe5729ce6f729f67290efe6676,0d17372b0b330f17,
dataset/train/pituitary/Tr-pi_0793.jpg,pituitary,pituitary,2,train,fc092ed78ea1933ce3ea2e6b61d202ee8d65ccddc769160cde5f0e3e61eef32b,0f17172b0b131717,
dataset/train/pituitary/Tr-pi_0795.jpg,pituitary,pituitary,2,train,761943775874081c3c78264789fab68bf482f2dcc74fe40e1db47d28f7dedd6b,0f1733574d152b0f,
dataset/train/pituitary/Tr-pi_0798.jpg,pituitary,pituitary,2,train,74fb4e4980ec2ab8c794f8191982316698fb902dab2cdb96726de2cf8b198bf9,163717495d171716,
dataset/train/pituitary/Tr-pi_0799.jpg,pituitary,pituitary,2,train,48c78905e55d3425dfdf12b41539c384205cc994552c05fd18f49d844bd7feb2,1737174d4d171736,
dataset/train/pituitary/Tr-pi_0800.jpg,pituitary,pituitary,2,train,8917aca4efc5d2ccb439f75bb16e0e52aac2b80066f8c38fbbe4cc82b6d527ed,170717554d173732,
dataset/train/pituitary/Tr-pi_0801.jpg,pituitary,pituitary,2,train,0776b47cd9935257742f82453873feeb3c8802a5ffcf9005f1714bf8d4cf70d7,3317170d71150f2b,
dataset/train/pituitary/Tr-pi_0802.jpg,pituitary,pituitary,2,train,2388416bf23a568115d8c48110c1d82626ece27b4fc8ef125c48dfd53207e69d,0f37375747172b0f,
dataset/train/pituitary/Tr-pi_0803.jpg,pituitary,pituitary,2,train,f0cb894e428939d6397f7d7cd979b9ca20a130cc82c31ec97b94c4529623a03f,2b17174d55150f0b,
dataset/train/pituitary/Tr-pi_0804.jpg,pituitary,pituitary,2,train,8362156ee991e72f55b79b3e5cd7db7778a4723f8a4494badbbd4708eae79076,2b1717014d150f0b,
dataset/train/pituitary/Tr-pi_0805.jpg,pituitary,pituitary,2,train,716da22a02b0f0f5b35ef26e210d116c4ffd554fdd26badb327e78ec64896c76,8e1717154d551515,
dataset/train/pituitary/Tr-pi_0807.jpg,pituitary,pituitary,2,train,e9301bc1238dec58231b97fac2328dd35405b013c2993d1debfbe2950b2fc1b5,8e1717174d551715,
dataset/train/pituitary/Tr-pi_0808.jpg,pituitary,pituitary,2,train,894e93695918c3d9931976247514c784bd550610945aa758aad6f05912f07595,cc0f331757613737,
dataset/train/pituitary/Tr-pi_0809.jpg,pituitary,pituitary,2,train,40cf1052ea58ac671f2a05637085aaf9b4a8b76ca1b57be15470a715e7f96d9d,ce17235737613737,
dataset/train/pituitary/Tr-pi_0810.jpg,pituitary,pituitary,2,train,d5550bfb5701fb6ae38c580c6fb96b381cd7370bfbada6b325128b354f92e8bc,0f37373357173b0f,
dataset/train/pituitary/Tr-pi_0811.jpg,pituitary,pituitary,2,train,b8b512cf40c3672f2d60c2a1590b489cd147538089dc3935d9de339a00287866,8f1717154d151737,
dataset/train/pituitary/Tr-pi_0812.jpg,pituitary,pituitary,2,train,ae575f364fc31a8adb82e64e401564882c462ffd3efa67d7a2e90958ce7c9c6e,971717174d151733,
dataset/train/pituitary/Tr-pi_0813.jpg,pituitary,pituitary,2,train,5dd3957afc0f4b344338ac12091e02ca817ebdf78d590db5ff36c16ff14d90a2,8e37174f55171716,
dataset/train/pituitary/Tr-pi_0814.jpg,pituitary,pituitary,2,train,f2bbb59d2ff9f6b35aab3e034148e2a2b08f8511d240ae14d988cd18ba3f26ef,8e37174f4d171732,
dataset/train/pituitary/Tr-pi_0815.jpg,pituitary,pituitary,2,train,fb5297484adcf8d221124e6a9594be5c3deb3fac53fb868197c4fa376588c9c2,0e3717074d171732,
dataset/train/pituitary/Tr-pi_0816.jpg,pituitary,pituitary,2,train,5dfc77c03494564ee66de0e89e78ccffe74036e5f1f4e8143439cc796c0eb24c,8e1717174d71132d,
dataset/train/pituitary/Tr-pi_0818.jpg,pituitary,pituitary,2,train,18e44e5affbae16520ae1113a4fc2677aab36f7339fecacf5fb376fac686ba40,8e1717134d51150f,
dataset/train/pituitary/Tr-pi_0819.jpg,pituitary,pituitary,2,train,570336be990b59e9a6429deb3575394ac5d4af8d26da4919a5476f84ca08ecee,8e171345494d555d,
dataset/train/pituitary/Tr-pi_0820.jpg,pituitary,pituitary,2,train,2a129cc0470928d2b81f0da5154d842607948222797e2b1a1d6691da9694099b,8e13135549457555,
dataset/train/pituitary/Tr-pi_0821.jpg,pituitary,pituitary,2,train,445b8aa5930df30748b06fbac0456c9c9e256953d4d841a6f42d99153eab6fdc,8e13175749557565,
dataset/train/pituitary/Tr-pi_0822.jpg,pituitary,pituitary,2,train,9038765a6a4121bab8b4e47357ef593b200fa67d35b10e3d4a7141bab595f706,077b85a73d91a321,
dataset/train/pituitary/Tr-pi_0823.jpg,pituitary,pituitary,2,train,34d2b5004feeba619b3d3dd5beed733971562980ad358957b345858f5d45bd7a,077b95b3a991b320,
dataset/train/pituitary/Tr-pi_0824.jpg,pituitary,pituitary,2,train,146bb9c0482641b9043793b18d6fce743c12fe1f9d4ed8524dc3ca685b84d103,077b95b3c999b020,
dataset/train/pituitary/Tr-pi_0825.jpg,pituitary,pituitary,2,train,16d060ce98e765fdb13b52baa655490f88d4c3e5c01a59f860262ea129ad6ec2,8e17555523070f0f,
dataset/train/pituitary/Tr-pi_0826.jpg,pituitary,pituitary,2,train,af8a3f12745af74ce90b86f240982c8e525ee803219731bdbf93a3e56f166e5d,3753b1e4fdf9292b,
dataset/train/pituitary/Tr-pi_0829.jpg,pituitary,pituitary,2,train,fd924f149d4d7d9b46d77c728cd15f298c96c58aca33a9bce4bc21c493e7b4ee,375bb1e4dde92929,
dataset/train/pituitary/Tr-pi_0830.jpg,pituitary,pituitary,2,train,2a5a8b4fe4aae0487b4116c0d4525333fc7bb31be85af5cf3528945c37c2ee57,3f5bf1e5fde92129,
dataset/train/pituitary/Tr-pi_0831.jpg,pituitary,pituitary,2,train,eb3b4a031b8879c4ea1d61971804dc36293d36c59238c3dab67475d3b0137379,2f9f236d35252617,
dataset/train/pituitary/Tr-pi_0832.jpg,pituitary,pituitary,2,train,076c03f7cdbb31442cb8bc5e96fd3f28fcefbb7b3d47c6f859e4b48f230531be,2f8f3745a5292333,
dataset/train/pituitary/Tr-pi_0833.jpg,pituitary,pituitary,2,train,b08f9fec3a8546c3b3ea07e0967a551f6b0f086d2d76bbb72c3ab6fb17ad8316,8e17334d09072b8e,
dataset/train/pituitary/Tr-pi_0834.jpg,pituitary,pituitary,2,train,543320ab64731031acfbdafe905f380f4b25fe06b2b309770e5edda74b643f4d,2fc71f57a1693133,
dataset/train/pituitary/Tr-pi_0837.jpg,pituitary,pituitary,2,train,622be4935ec42946d989914cebcecab2d4abf9f271f88ab1d0ffb2b7b27356b0,1e3f573b25252337,
dataset/train/pituitary/Tr-pi_0838.jpg,pituitary,pituitary,2,train,41d493e7365275dd23c5db1a71436f28dff436547f1fa7d8857c11f1847367aa,1e3f573b25296937,
dataset/train/pituitary/Tr-pi_0839.jpg,pituitary,pituitary,2,train,c4945a0ff7c60610c3e86df7d6f29dfd32bdc7315244f80b124adbe01687497c,1e375f5747696b27,
dataset/train/pituitary/Tr-pi_0841.jpg,pituitary,pituitary,2,train,c5de0aa9e0adb9c7d3e94228479b96f6aaaeaca521bc57aec49a247fe7790641,0e17174d03032b8e,
dataset/train/pituitary/Tr-pi_0842.jpg,pituitary,pituitary,2,train,eaa0b66cc09134ffd09995e10ce99c1c1326f742e80f317b11607ce5ea031f3e,1e2f5773252d6727,
dataset/train/pituitary/Tr-pi_0843.jpg,pituitary,pituitary,2,train,ef78100b55df5e524435a5a555d42fc7d0e909b6400f17917b655c504b192371,1e63b369e7e96527,
dataset/train/pituitary/Tr-pi_0844.jpg,pituitary,pituitary,2,train,d4d574ce487be642016532453336ca6403b65971034e325fae945cf62db00f6c,0e6391f1a7eb6503,
dataset/train/pituitary/Tr-pi_0846.jpg,pituitary,pituitary,2,train,d622c25575d638cf3ff8995d9c5d66b2a0c954f7156fe322284ef4bc8329e620,0f47b36995c93933,
dataset/train/pituitary/Tr-pi_0847.jpg,pituitary,pituitary,2,train,815182933c6348858cbfda6c071b4519bab68bc8d37446fc000d79b42aa432a6,0f4b9571d3692933,
dataset/train/pituitary/Tr-pi_0849.jpg,pituitary,pituitary,2,train,bf3a2b2bb951fc4e54fd7d50a273fafaae8eb069d8b81c669cbf9fc0ee35fe98,3e4f97ad096b2727,
dataset/train/pituitary/Tr-pi_0850.jpg,pituitary,pituitary,2,train,694f73be38251b40dd8f1d0b7b69c2d4bc8b4b9dda70e2ae143eb20f7125b444,1e4f959d49692723,
dataset/train/pituitary/Tr-pi_0851.jpg,pituitary,pituitary,2,train,4bf1d90c772da2bee9dafb8ef1c79584806235d370d8b6f71e5f17a68f6fd56c,1e5f8dbb4b692323,
dataset/train/pituitary/Tr-pi_0853.jpg,pituitary,pituitary,2,train,b6fcb60f786757a85528ddeb7b4fb2d8a08ce895f4049a812d3342074b3c3b46,3e43175b4d4969e5,
dataset/train/pituitary/Tr-pi_0855.jpg,pituitary,pituitary,2,train,55ebb3cc959965389f826fdee7a275092ec392e2f706e2569b02aaaf1a429dec,4e17332f1307130e,
dataset/train/pituitary/Tr-pi_0857.jpg,pituitary,pituitary,2,train,6df7823d2482095c088593459709b49edc1f91d162446bd72e4b83c8f8a0660d,3e531353594b4965,
dataset/train/pituitary/Tr-pi_0858.jpg,pituitary,pituitary,2,train,270954c62901676d28bf7c45605f30adc7fab4457c9c6ecfb0cd9fa0777500f5,9e3f4f3b2d296937,
dataset/train/pituitary/Tr-pi_0859.jpg,pituitary,pituitary,2,train,f06ebc6ff91cc502a0d77c9909fc224e6ac4bc4e3b242d7c9c25c6fab895985d,1e332d373d492937,
dataset/train/pituitary/Tr-pi_0860.jpg,pituitary,pituitary,2,train,5903c1c4cfb40c055de99c0cc57a1f4176aad99cab845791cb51f51ebc004a89,1e374d375f496933,
dataset/train/pituitary/Tr-pi_0861.jpg,pituitary,pituitary,2,train,4b989435a9f0efd1e8f736c831eda04dfe6616981c0f0769379113d8bb1fee38,1e375f3b6d5c6923,
dataset/train/pituitary/Tr-pi_0862.jpg,pituitary,pituitary,2,train,548cd5125beed486e139de3634db4dcf23c321d48b5ccd7c40513db4f009278f,0e072b2f13130f0e,
dataset/train/pituitary/Tr-pi_0863.jpg,pituitary,pituitary,2,train,a2cf5cc53e074a31781ab40fa1c6c3879be8a508d7551ffd053198c70f82f66c,6797b75be9a92111,
dataset/train/pituitary/Tr-pi_0864.jpg,pituitary,pituitary,2,train,33a516631a63d33b2e822d5d080d0d41276aedb7897b3463eff5c86e0490810c,679d7559a9e92132,
dataset/train/pituitary/Tr-pi_0865.jpg,pituitary,pituitary,2,train,28a5f64b741d9a8a8921caf15668bef7da8525dcb4680697be2c63ab197471e7,379dadf3a9e92132,
dataset/train/pituitary/Tr-pi_0866.jpg,pituitary,pituitary,2,train,5e0ee7fc360a26a2f470612de72fbbdf903fffe139c098c68c0f6d6f0d8f7459,6f9bb1d9e9e92131,
dataset/train/pituitary/Tr-pi_0867.jpg,pituitary,pituitary,2,train,efaab64fe7f68019c46b5a1c473c9a3397bb2c17498466ad6f1c68d6394c1a94,170fb36b7d292123,
dataset/train/pituitary/Tr-pi_0869.jpg,pituitary,pituitary,2,train,8b788e8a182f0a6887745fa53a028eb94866990855439b4c31d9bd48692d667c,77bb777babdb2f2f,
dataset/train/pituitary/Tr-pi_0871.jpg,pituitary,pituitary,2,train,bdbb4972f9a0720d289f9fb2a96a8c564d30ae2b43ff2559b723b80dd8faf93e,67af775da9db6f7f,
dataset/train/pituitary/Tr-pi_0872.jpg,pituitary,pituitary,2,train,21a64f68380ab7d0a417d6813492d49ea649d17a23cdb7715fbd4f764120961b,3e4f372f1b73676f,
dataset/train/pituitary/Tr-pi_0874.jpg,pituitary,pituitary,2,train,fed0dbb8a45355a437b239f4e1a3e6b480b4f91601c6529eb5da1dc6b1e3976c,364b174f4b536f6f,
dataset/train/pituitary/Tr-pi_0875.jpg,pituitary,pituitary,2,train,0d91dcc0f1145077c4d46aae43e32a232dd437a6c4c052c16c37a819ae2219d3,2e1baf67b9cb534f,
dataset/train/pituitary/Tr-pi_0876.jpg,pituitary,pituitary,2,train,39d223a3c7295c47330997068b4dc4f14d85afa76b8a8b41d285c51b38413cea,261bb74f2fcb596f,
dataset/train/pituitary/Tr-pi_0877.jpg,pituitary,pituitary,2,train,866daaf8eb6f40b5007d37f96c47510876674603048185d5bdf4e19b0dd45da1,4e072b0f1317170e,
dataset/train/pituitary/Tr-pi_0878.jpg,pituitary,pituitary,2,train,1f8b1f5fba5cb60f430f205c466832cfeb59b2083ab216a0cfb918bafbbaa2d8,261bb7472bcb6e6f,
dataset/train/pituitary/Tr-pi_0879.jpg,pituitary,pituitary,2,train,463212c92242d2b3423e9ab1e1d2a9d73a837fd1228560ad898311c715e61201,1ec395bdb1e96022,
dataset/train/pituitary/Tr-pi_0880.jpg,pituitary,pituitary,2,train,98151d6b766a5e2fe8c0b2dc884ab8ee62ea1f143b670b54ccd1bd0a40ef303d,0ed395b9b3e36122,
dataset/train/pituitary/Tr-pi_0881.jpg,pituitary,pituitary,2,train,a4774b159940a2636b1fb679611241578d444cab453fd7ee7ea9cc8ceeb8c9eb,1ec397b1b5e96121,
dataset/train/pituitary/Tr-pi_0882.jpg,pituitary,pituitary,2,train,fc101304448f1f1c4bcf189855b2c213411523521f093fdbdb262b2c82a19ee0,170f3b692d691707,
dataset/train/pituitary/Tr-pi_0883.jpg,pituitary,pituitary,2,train,a7292299596072d5318e91c7d72ebf6b709ad656a75e204e917ce257ea32048a,370b1b79296b2713,
dataset/train/pituitary/Tr-pi_0884.jpg,pituitary,pituitary,2,train,8082f7055705f3e48a52e5d82a5fb3428ddfd904046bf4965024d1b8deb44720,370f1bf129692513,
dataset/train/pituitary/Tr-pi_0886.jpg,pituitary,pituitary,2,train,c3dd440ac7db75f0656ddaf396879e77033654896cb45089b5b653164cad7b71,0e639db5a1692032,
dataset/train/pituitary/Tr-pi_0887.jpg,pituitary,pituitary,2,train,ad4e1861544fadbb830c3c83777c3e52276d1376a787dc95e87de724e893872b,0e739db989692112,
dataset/train/pituitary/Tr-pi_0888.jpg,pituitary,pituitary,2,train,cea4c922d06dbda75189aedefeb29c088b6bb4a984f8a91ed9129335713fa191,336151450b452b0e,
dataset/train/pituitary/Tr-pi_0889.jpg,pituitary,pituitary,2,train,83db19e0e3311a28244d46953580bc4ff5d0036c896cbd5a872ab682b07a7768,1745552913552b0e,
dataset/train/pituitary/Tr-pi_0894.jpg,pituitary,pituitary,2,train,1c88854a283f9450f2e5e9ec08eb658db6ad83a65ba30af8933ba27c8091f66e,1e2b576d63613183,
dataset/train/pituitary/Tr-pi_0895.jpg,pituitary,pituitary,2,train,872468d6915839d41a98d8b161c22128139cfb7dc4cb72c509885cc0d79c999d,0e2b1f6741613393,
dataset/train/pituitary/Tr-pi_0896.jpg,pituitary,pituitary,2,train,662dc9fad6a39e36031be790e4bb18761c9bc3474f5bc587982e0e51deff1405,0f1f2f4d43132b0e,
dataset/train/pituitary/Tr-pi_0897.jpg,pituitary,pituitary,2,train,71274b17a57303fb1b4b8813f733c036705b4c07e6dcaba320659337d1abe74f,0e27176d71633383,
dataset/train/pituitary/Tr-pi_0898.jpg,pituitary,pituitary,2,train,234dc23dead7c2de108b5f94d500e1a35b8239647dba2af6f00ac8e85bdd2ba1,3e4797ed295b1313,
dataset/train/pituitary/Tr-pi_0899.jpg,pituitary,pituitary,2,train,41fc99873dff9f51f36e6491ff187717dda1effa8248c9a5972b06269dfdb522,3e4f97db29493125,
dataset/train/pituitary/Tr-pi_0901.jpg,pituitary,pituitary,2,train,2e60bcc6f9117340d6e69a7a175345081e9025262dc4029f63d8195b564a6bff,3e4797ed69437323,
dataset/train/pituitary/Tr-pi_0902.jpg,pituitary,pituitary,2,train,cb34a1f2dbbe8fd0af471c14f440e1ea6ddcc05fef5ff5215b1e013858a98ea2,3f4d332b8d6b676f,
dataset/train/pituitary/Tr-pi_0903.jpg,pituitary,pituitary,2,train,e5f2fec461da2a4b8e940a4044ee9e53a56f545cd5fc4b1a927de22627288f90,3f491b3baf696377,
dataset/train/pituitary/Tr-pi_0904.jpg,pituitary,pituitary,2,train,49b584d177db7878b14a8d13276701673c047560845d4880d9cd0ead40f08afd,3f5d332b0d6b6377,
dataset/train/pituitary/Tr-pi_0905.jpg,pituitary,pituitary,2,train,b4791cb819757886feb5ce14d531a4e24bdf9d3eafc7c52f9070019c359c6e8d,0f0f774913330b0e,
dataset/train/pituitary/Tr-pi_0906.jpg,pituitary,pituitary,2,train,fc0a6d9917d487f66ea2e38901278480cc8a6125a666a3bc6089fa0af3facd47,1f4d332b2d696337,
dataset/train/pituitary/Tr-pi_0907.jpg,pituitary,pituitary,2,train,8ed0a76fcaa76c9c90af5710ecb7abd5dc2331aaadba48ecd8487a4ea4ee76f7,9e3b375a544d282b,
dataset/train/pituitary/Tr-pi_0909.jpg,pituitary,pituitary,2,train,175adcad60ecfeaf4eaf91256e11a581dc5684fc3babfd8ef901a8f614bdc264,9e331d2a254d2427,
dataset/train/pituitary/Tr-pi_0910.jpg,pituitary,pituitary,2,train,9bad72b301093e229375f389d3ea8a819faf96f1d8f3e3b66fb25ebffb9583d7,8e33555555555555,
dataset/train/pituitary/Tr-pi_0911.jpg,pituitary,pituitary,2,train,f1d953aa17ddfa85687a527c573a814876e3ed157e844fe78ad3abd3017ee46c,9e33555559753735,
dataset/train/pituitary/Tr-pi_0912.jpg,pituitary,pituitary,2,train,b6d0a2dccd920255a9005ee4246f8218dd6c237e60e9fb812160128c72d60cee,9e3355154d2d2331,
dataset/train/pituitary/Tr-pi_0913.jpg,pituitary,pituitary,2,train,4cd2207a82a255664bc6cc96855daa94da4cb8affd6e919e3ef51f196e5e5df7,37174d696969298f,
dataset/train/pituitary/Tr-pi_0914.jpg,pituitary,pituitary,2,train,9a4f44940012b22b81a332c7b2bfc716f9bd037c3e0785550267a349c1277d4c,981e235d4f79232f,
dataset/train/pituitary/Tr-pi_0915.jpg,pituitary,pituitary,2,train,19ff858279ad5e5fc13995a694954ebc16bc5b0c5d9c555e96e6920f27b51272,33334d4d7169290f,
dataset/train/pituitary/Tr-pi_0917.jpg,pituitary,pituitary,2,train,0a62519a926698e3094235b8a17785cdc624ff65ce79c66b5eb3d81305bc2d67,0e37714d2b171707,
dataset/train/pituitary/Tr-pi_0918.jpg,pituitary,pituitary,2,train,8d7cb01aae04aabca3bb7a8c237e3465c0d005ca43c1c434ddc54171c003911a,0f17554933130707,
dataset/train/pituitary/Tr-pi_0921.jpg,pituitary,pituitary,2,train,b3702b83372ee6b6cf7b20eae6f27492db189f52a599be79233e6622f256006a,881e33457f5b3a27,
dataset/train/pituitary/Tr-pi_0922.jpg,pituitary,pituitary,2,train,bee4bd665ca935bbbb9f3cd0540b4b6f77e47f61f37cf76de303600cd5c4a3e0,8617574d17130717,
dataset/train/pituitary/Tr-pi_0923.jpg,pituitary,pituitary,2,train,8173535070c25d762a4d48c2d0503d3f44262d24c2bf896ec10904ad0c63f2a7,0e07332d451f0f0e,
dataset/train/pituitary/Tr-pi_0925.jpg,pituitary,pituitary,2,train,643a183fb0f167032628a1f260c8842e829987b57212527eaf13096017e11ce4,1e132b2d531f1f0e,
dataset/train/pituitary/Tr-pi_0926.jpg,pituitary,pituitary,2,train,67430307dea958013dc0a0c638c386ec11c7fd947e4883e291a74b13bb51341a,0613254d53171f0e,
dataset/train/pituitary/Tr-pi_0927.jpg,pituitary,pituitary,2,train,7a1b03d1697f629529105f3a9ff944ca7f9c1a04b4f68dae6e2f5357a75b307a,0e13254d57171f0e,
dataset/train/pituitary/Tr-pi_0928.jpg,pituitary,pituitary,2,train,bd5410edd670e33c589528b639860071b8e36cd5c80b6f0525cade35dbe1d46c,8e0f4d4d4517238e,
dataset/train/pituitary/Tr-pi_0929.jpg,pituitary,pituitary,2,train,68643c08b53b71bc9c95e4aa6f7eae2056f310597883c2c53ce650a783c98d66,881e23556f5b7937,
dataset/train/pituitary/Tr-pi_0931.jpg,pituitary,pituitary,2,train,16ba35333cd948f093af0fb54743c7c2ba41f057f1ed7c543dc0d5b5243903ec,8e0f4d4d150f238e,
dataset/train/pituitary/Tr-pi_0932.jpg,pituitary,pituitary,2,train,6cba0227284eda770556edcd432d889a63f2d06206a9cc2dcef0fc1924d312c1,8e0f4d4d13072b8e,
dataset/train/pituitary/Tr-pi_0933.jpg,pituitary,pituitary,2,train,c8776e1256246478995de0169f4884d0123fadca67b81f31c7ba4092688f5e9d,8e175561130b2b8e,
dataset/train/pituitary/Tr-pi_0936.jpg,pituitary,pituitary,2,train,0c1a09af2ede5982a12730325549fc53b3304ebf1fb21683a4dcb1559d595d37,8e17574d23072b17,
dataset/train/pituitary/Tr-pi_0937.jpg,pituitary,pituitary,2,train,4579464b35711d2565a50f88f5bb5095546a6a089a432b5be9c9955b7747456d,8e0f574d33270b07,
dataset/train/pituitary/Tr-pi_0938.jpg,pituitary,pituitary,2,train,6c885fc81b8102ff60a0b232c3725421d93032fda5116dd96d27d6b7daff5299,8e1771550d03378e,
dataset/train/pituitary/Tr-pi_0939.jpg,pituitary,pituitary,2,train,4d0f817cf442c516efe4950f981a743593db417941c67428ecf467234adcc00d,8e1755513313378e,
dataset/train/pituitary/Tr-pi_0940.jpg,pituitary,pituitary,2,train,4905358ae30fa69c3193709a77cbe4524e306e88c21c116db07d70b33db00cf5,8e1755713313378e,
dataset/train/pituitary/Tr-pi_0941.jpg,pituitary,pituitary,2,train,5e1efb11f0cf7faf48df47b6964a66fd8226f7cf5ae0f66b843f44cb65425f74,8e1757692313238e,
dataset/train/pituitary/Tr-pi_0942.jpg,pituitary,pituitary,2,train,f98c189594f4ec3664de95c882f05b701aa3aaed37295404e258b76c1bb5b7d6,0f17150b3317170f,
dataset/train/pituitary/Tr-pi_0943.jpg,pituitary,pituitary,2,train,d8976d3ba61c32573aa2e3a6b3ea8bfa75809ca046b12f049d0a8c8467018d0b,071737233307170f,
dataset/train/pituitary/Tr-pi_0944.jpg,pituitary,pituitary,2,train,5504d039c5fce630ee62e490be6f028137d8ecc52a8a6e33a67221a898d80277,0e1777474f050b0e,
dataset/train/pituitary/Tr-pi_0945.jpg,pituitary,pituitary,2,train,f56ec899eebc1e4a8fc530386883a87eb4129d89899aff0557b14d3cf0854ad1,0617332717170b0e,
dataset/train/pituitary/Tr-pi_0946.jpg,pituitary,pituitary,2,train,b7dd89650ba1ebe258f3093c457b6a4f17e204f682115cb8a87e7b7a5e696b87,06174b0f170f0f0e,
dataset/train/pituitary/Tr-pi_0947.jpg,pituitary,pituitary,2,train,e87cfa11c08282fa7196ac1054f99bbc0630a1cb1fc8495215315f1c2860b925,8e17554d29132b0b,
dataset/train/pituitary/Tr-pi_0948.jpg,pituitary,pituitary,2,train,da51f7b055ccab4ca496e94860db20edcc7dad22563851b13a7eab56b411d259,8e1753653155130b,
dataset/train/pituitary/Tr-pi_0949.jpg,pituitary,pituitary,2,train,8420bb8691ff6db60d9cfa6ebe52eb887908f686515e3e261c7f26c132949005,9f1757753175130f,
dataset/train/pituitary/Tr-pi_0950.jpg,pituitary,pituitary,2,train,01e9e945d414f2393b28b31868c26cab1a36437e53940f3c93d61b0e8197579a,1f1339690d150b0f,
dataset/train/pituitary/Tr-pi_0952.jpg,pituitary,pituitary,2,train,692fe274c703ec9d6861cea9c8111df3070cc94be9b6474df3c43e4f8d64bd8f,738dafdbb9693333,
dataset/train/pituitary/Tr-pi_0953.jpg,pituitary,pituitary,2,train,4f1b9f668d6871413be23b3c53d80ae2b830fa6db2b033c34a2478940520f2e0,0f17316d31130b0f,
dataset/train/pituitary/Tr-pi_0954.jpg,pituitary,pituitary,2,train,36ae31f0ee0de7f7b50e3b77fde7bf81a67b3c5830824e988de1e173104f98df,8f17136931130b1f,
dataset/train/pituitary/Tr-pi_0955.jpg,pituitary,pituitary,2,train,ea3bde674f5a2db1efc1cff4c02cb12f3333048beab21e26cc2c20ac99a869b4,0e17332b172b0e49,
dataset/train/pituitary/Tr-pi_0957.jpg,pituitary,pituitary,2,train,c8c19ccfc1303e9dd26313fee866072437d944554c81a510c2b4b77a0e8d0ce5,0d0f17334d171f0f,
dataset/train/pituitary/Tr-pi_0958.jpg,pituitary,pituitary,2,train,8b83da9681e3fdfa4b48db0b2339e7494526545296c335e7d311a49272cc7c0d,2f17774d1d0f370f,
dataset/train/pituitary/Tr-pi_0959.jpg,pituitary,pituitary,2,train,22e3ca67aaf4ddfa9bc4edcbd1a18168d142af2c2dfb83bc420e0d7966554620,2717774d0d0f270f,
dataset/train/pituitary/Tr-pi_0960.jpg,pituitary,pituitary,2,train,c3e453a68590797aab8c8955db619e80480470e899fc0e0ebdeb49504d1abd26,538f99d9b9693131,
dataset/train/pituitary/Tr-pi_0961.jpg,pituitary,pituitary,2,train,9cc4098042fe29d03fcd577f2f0de873875cf10caaa6a0d07ffac0d682ceb83e,2717574d4d1d330f,
dataset/train/pituitary/Tr-pi_0962.jpg,pituitary,pituitary,2,train,a3cfad8a47b6c8c3aca6a2b4421a8ee81382a7aeff0002fc49bb562ce06250c3,273b4f4d4d2d130e,
dataset/train/pituitary/Tr-pi_0963.jpg,pituitary,pituitary,2,train,8d069b9ea9fc37e000d8a854e5fbe845cb5feee0884179f961a07b536fbb62aa,27334d4d5d2d138e,
dataset/train/pituitary/Tr-pi_0964.jpg,pituitary,pituitary,2,train,c236714d558942b424ad540d445ff8a24a10a23a1d427c3884b315daacfe8d45,2f174d4d5525238e,
dataset/train/pituitary/Tr-pi_0966.jpg,pituitary,pituitary,2,train,943e7c08106fe08edb2148d5221eb35292dc46234b836d8de9a8ab824f5b385a,0b13554d55252b8e,
dataset/train/pituitary/Tr-pi_0967.jpg,pituitary,pituitary,2,train,84475f1c4dfae5e5b16b5f8dbaede29b77a0d9cfbe5f892ffba2124dc88a3780,0e17556d17170f0e,
dataset/train/pituitary/Tr-pi_0968.jpg,pituitary,pituitary,2,train,004fc7f2f08330c9489e7095ee49b960fbc8c5c50c23855117499271ecc28cc6,738f33adbd213313,
dataset/train/pituitary/Tr-pi_0969.jpg,pituitary,pituitary,2,train,3aa48dc87b01639c66569821f197a9681df3ac3dccadeafb69811a722e78b0b4,16377133270f0f8e,
dataset/train/pituitary/Tr-pi_0970.jpg,pituitary,pituitary,2,train,ced10a5a01cb4cd0b47392feb3c1b673dc1a33dc68af69333c3ee8a1df951c19,9637493333070f8e,
dataset/train/pituitary/Tr-pi_0971.jpg,pituitary,pituitary,2,train,5c42515ee062d906336ae4efda54ef293ba8788ef65bf00944a9c501c4aaf0ae,8f03556d7155230f,
dataset/train/pituitary/Tr-pi_0973.jpg,pituitary,pituitary,2,train,150f6317e8cd4d7659b345a5f5caceae68af75d8390317bc3ef6d87244caec31,8e0f55495555230f,
dataset/train/pituitary/Tr-pi_0974.jpg,pituitary,pituitary,2,train,312af7a0a68d36b2bcd412ea814213f0928aeef574dc2b2d7f1f75288f2e3bf2,4d07232b0f0b164d,
dataset/train/pituitary/Tr-pi_0975.jpg,pituitary,pituitary,2,train,13a3b308144b209a488737415f09f37aac496bbb8f628e8a7d9752199a047ae1,0d0f332b33230f0d,
dataset/train/pituitary/Tr-pi_0976.jpg,pituitary,pituitary,2,train,1df5eb93b14ce767d7cd1b1b9738008e09117265d9a0c7051ebb5cfb86320283,0f17332b13330f4d,
dataset/train/pituitary/Tr-pi_0977.jpg,pituitary,pituitary,2,train,d330b7fa3112951c73bbfc0bc217a15aaae45158e1d8b9feddfaf0600e4e2218,8e0757494d170f8e,
dataset/train/pituitary/Tr-pi_0978.jpg,pituitary,pituitary,2,train,849a42ce51625d0783ae7e31494101364239d600da8f964c7c2f33cd99e8057c,1e47b3af8d692123,
dataset/train/pituitary/Tr-pi_0979.jpg,pituitary,pituitary,2,train,599c1570a495e2a31f2e272e7a3ca53437f27a07d22871b83f9709cebeb2c0a3,1e0bb7dba9692123,
dataset/train/pituitary/Tr-pi_0980.jpg,pituitary,pituitary,2,train,d46b547a7e9f010e10c02ce7f825aa7b794a469c44f32ca722c36ff596ee25f8,1e374f7925597b6f,
dataset/train/pituitary/Tr-pi_0981.jpg,pituitary,pituitary,2,train,f2ab017925e3b90670a98cbc192c8a4432c5669a04f5017a5a5f6f0f05a4a85e,1c371f7525595967,
dataset/train/pituitary/Tr-pi_0982.jpg,pituitary,pituitary,2,train,17ec1daf360621a7d62aeb222a542eef0e0a9d4994f3afbd79015f68ac4d66ac,0e4f5da765656973,
dataset/train/pituitary/Tr-pi_0983.jpg,pituitary,pituitary,2,train,a37663421e799bc285a51b683ac95315658860d8428d84ef55514e1256271bac,0e17573771636973,
dataset/train/pituitary/Tr-pi_0985.jpg,pituitary,pituitary,2,train,a31a892f2589e15d5841388859b06416c1f5465e74fdcb35369e3df6cdacf220,0f17132b27472b0f,
dataset/train/pituitary/Tr-pi_0986.jpg,pituitary,pituitary,2,train,1c745b2322ce4e21cd4ad3330bc31e7f4d407b79e542c7191c9a94debc43f1c3,0f13333b33573b0f,
dataset/train/pituitary/Tr-pi_0987.jpg,pituitary,pituitary,2,train,eefbca2e0cf43f1331b1b8155ed7f7293a3d3f02a7965fbe02954a832cc97c5b,0e0f3725072b230e,
dataset/train/pituitary/Tr-pi_0988.jpg,pituitary,pituitary,2,train,22b0c494ccada3a509b48cf1213f75e0b3dcb1aa488d7131db8df8a03271c233,0f07556931334d2b,
dataset/train/pituitary/Tr-pi_0990.jpg,pituitary,pituitary,2,train,7527d516f46214b3f207f6f892826aca6f07d4d5543ccc7841aec8f4d9c950d2,0e173711172b2b0e,
dataset/train/pituitary/Tr-pi_0991.jpg,pituitary,pituitary,2,train,ffa9821fcc25c3f937cf0becd8be6dd011047bbcb9ead523719968e4496fb977,8e17554d1757378d,
dataset/train/pituitary/Tr-pi_0992.jpg,pituitary,pituitary,2,train,f7e9212f0be6b82943dc10864e037aacc0c58b0d4f320ecc7807a536e0d75dc5,8f17556d275f278c,
dataset/train/pituitary/Tr-pi_0993.jpg,pituitary,pituitary,2,train,283fab2c9a0259b5348c9058246ab9f177a28f73a683676f9795f15b5a7d6afc,86175531274b0f8c,
dataset/train/pituitary/Tr-pi_0994.jpg,pituitary,pituitary,2,train,b94771b6211955ad4f768cd85e80fe97eea0e3f45e33325289165ffeae635866,8e175751331d078e,
dataset/train/pituitary/Tr-pi_0995.jpg,pituitary,pituitary,2,train,733c45d0ec6220baa6579657de738fa1d25d62ef2c726cb537082563a9bd0ac8,0f1b33090d270f4d,
dataset/train/pituitary/Tr-pi_0996.jpg,pituitary,pituitary,2,train,a1da7746214388cd5cd0ba3867290eafa53c943159a3dcadf51a55557fcc182c,8f0755693131452b,
dataset/train/pituitary/Tr-pi_0997.jpg,pituitary,pituitary,2,train,0e765056f1a35344471cd0ccbd3e957daf6ea9930e00c95a2a37d2ef75368dc6,0e1b3b4d0d230f4d,
dataset/train/pituitary/Tr-pi_0999.jpg,pituitary,pituitary,2,train,1f8c2c1822033def299a6d7d22119834321b28a926a87712aab5bbd8bd6f69d1,0e1b2b0911230f4d,
dataset/train/pituitary/Tr-pi_1001.jpg,pituitary,pituitary,2,train,1fa4832f992ad72fab13a481f6cbccfa6e67daf32af33677bd05ade98158d412,0f13515531170f17,
dataset/train/pituitary/Tr-pi_1002.jpg,pituitary,pituitary,2,train,6bad9b8efe753dc2f50c0b40fbb9344c80f1ec5e442f37728f8a8b4af5ecccf0,0f13515113170f0f,
dataset/train/pituitary/Tr-pi_1004.jpg,pituitary,pituitary,2,train,4fc337076cf1158c9d05af3369fb4a2eaed4e3a8b21666af5274fedb0c3b9cbe,0e13514d35550b8e,
dataset/train/pituitary/Tr-pi_1005.jpg,pituitary,pituitary,2,train,d4e085ae03619bc8af9364044e7f4a2a1a70e3c361c48d6aa8aa7919af6af22f,8e17537d55550b8e,
dataset/train/pituitary/Tr-pi_1006.jpg,pituitary,pituitary,2,train,155b204e07d34bad5b7250644ef9f3c80d1d47d62653c117c78929aa0b02b443,8e17534935550b8e,
dataset/train/pituitary/Tr-pi_1008.jpg,pituitary,pituitary,2,train,c583dc707de5486fbf3dc0e774bf8fdf600ba420be452f2df812d74376d9b65e,0e17330f0f170f0f,
dataset/train/pituitary/Tr-pi_1010.jpg,pituitary,pituitary,2,train,c77370ad7588f17fb97f0440c4cb6cd44fd348c9e2272ecb1f88f6380f33eb83,0e17130b170f1f0e,
dataset/train/pituitary/Tr-pi_1011.jpg,pituitary,pituitary,2,train,268f79fb85ac7c3c8ecff68dfdd25a25d06bb7d571789469bd5382b66ffc9473,16132b0f17171f0e,
dataset/train/pituitary/Tr-pi_1012.jpg,pituitary,pituitary,2,train,f2dc762be0431c060995d1dfd4d725b2cc02ba967bbd269142ec3dc20323a55b,17332f0f17270f0e,
dataset/train/pituitary/Tr-pi_1013.jpg,pituitary,pituitary,2,train,1564442e03e45fa07892de9d58adce37a50851b07bee06e3b073b6ad7efdbfb0,16230707172b1f0e,
dataset/train/pituitary/Tr-pi_1014.jpg,pituitary,pituitary,2,train,5f9ce08383990a78a03bcdb239f221b090e4d3e586f9bd065d510c4d2aa4b61f,0e17330b0f170f0f,
dataset/train/pituitary/Tr-pi_1015.jpg,pituitary,pituitary,2,train,a322fa687abb49bc4c60a281fc20afced6b1ab546acb43730f17abfec864e2f6,0e17330f0f070f0f,
dataset/train/pituitary/Tr-pi_1016.jpg,pituitary,pituitary,2,train,ea6473845efd6cadd2065b34f346cc32cd58b25d4f6b4a2c90b265119b8e0099,0637330f170f0f0f,
dataset/train/pituitary/Tr-pi_1017.jpg,pituitary,pituitary,2,train,123586f85b52e7a9e4429bb3ccf198dada162fdfef3997644029f27f68453a8f,06232b0f17171f0f,
dataset/train/pituitary/Tr-pi_1020.jpg,pituitary,pituitary,2,train,dab849140b486429e3763e3381fef6c290718ba82870e80038264e19bbcb7b17,0617172b0f0f174d,
dataset/train/pituitary/Tr-pi_1021.jpg,pituitary,pituitary,2,train,3ecda9413d53b2ce6b9f46f5730603028d7d607192e8c93c2a0c0c0d932e5171,0e17332f070f170d,
dataset/train/pituitary/Tr-pi_1022.jpg,pituitary,pituitary,2,train,6ecaccfcfdcb904023ee4abfd70411e512a37377dc09643fff3a40850659708a,0e132b2b072b170d,
dataset/train/pituitary/Tr-pi_1023.jpg,pituitary,pituitary,2,train,c82b3f451d34671e317619130567064628a5e6fe6f6d98b3d75a4d0b8b0d2777,0f17514d0d17038e,
dataset/train/pituitary/Tr-pi_1024.jpg,pituitary,pituitary,2,train,768d64dc5b61020b045cc30f7ce4e0d9b082266472c226296da6c875696400e2,0f1333454d552b0f,
dataset/train/pituitary/Tr-pi_1026.jpg,pituitary,pituitary,2,train,2b2547b2824b6e38856072cf15b03ecdce80ffebe802175fc32593ea7103523c,2f17450d15172f8e,
dataset/train/pituitary/Tr-pi_1027.jpg,pituitary,pituitary,2,train,63d211771828f1da7b472e35e0c0ee1ceab1cde1ed45827c133dc6af4026a4e1,0f17456917172f8e,
dataset/train/pituitary/Tr-pi_1028.jpg,pituitary,pituitary,2,train,d81e993e706045e6d7950a3ca07fa9268a4957b9ff0e3c84bb0be10ee345e5e8,0f17552913170f8e,
dataset/train/pituitary/Tr-pi_1029.jpg,pituitary,pituitary,2,train,5b39d33facdf14cafe67f35029c5784f6c69928ca1c0d400558032b82c8c242d,0f1749491317078e,
dataset/train/pituitary/Tr-pi_1030.jpg,pituitary,pituitary,2,train,0e746ed4aca4b1439885710cf7c5f51582460d3b495ea48a3c539054fe524c75,96174d4d1513038e,
dataset/train/pituitary/Tr-pi_1031.jpg,pituitary,pituitary,2,train,33bd306ff08ab52bc90a4399dfb40d1c66619acd8d137071f9ddf979474f57e1,963b074517130f8e,
dataset/train/pituitary/Tr-pi_1032.jpg,pituitary,pituitary,2,train,b5eca169ad1834fdbf50d5dfe169c73a0919a2dcc135973acd9a1134a0f67c25,0f33314d4d552b0f,
dataset/train/pituitary/Tr-pi_1033.jpg,pituitary,pituitary,2,train,8a82830496d05db0282e78f624a861c74bd0ed23c4a731b879580a050feec4d7,171351150f4f2f8e,
dataset/train/pituitary/Tr-pi_1034.jpg,pituitary,pituitary,2,train,40e0f7a8a41dc0ec853c05882665b4be20f4694fd566bac8ebf8ad3613b4e06e,0e17555557572f8e,
dataset/train/pituitary/Tr-pi_1035.jpg,pituitary,pituitary,2,train,726145f565792e5a11493b9685ead964b689dec6a81d3fdc61dd7aaae6a2999e,0f17553157550f8e,
dataset/train/pituitary/Tr-pi_1036.jpg,pituitary,pituitary,2,train,809b1a3d17025a675fcd20a6901639950e276003c1cff5d11bc27f6d6a4c3f29,0f17555151550f8e,
dataset/train/pituitary/Tr-pi_1038.jpg,pituitary,pituitary,2,train,8a2d9f79cbfec824d28ad0dbd96c99aa23cce5ffa048474b9570580e8547dc6c,97134d5555550f8e,
dataset/train/pituitary/Tr-pi_1039.jpg,pituitary,pituitary,2,train,3a0726d0d352e0b2ff95be596a176b987eb5afa5fe369cb3c26f32c6c32ebcc4,073717070f071b0f,
dataset/train/pituitary/Tr-pi_1040.jpg,pituitary,pituitary,2,train,3d16e8686b1bc15f16d2936f4c839ed7fbc26f1599301972f74402a8fc528b00,0f33330d4d552b0f,
dataset/train/pituitary/Tr-pi_1042.jpg,pituitary,pituitary,2,train,35198c716edb5fdcc19a59d61dc606cbe5720ab9358096464ead604761f6861f,0f034b1317070b0f,
dataset/train/pituitary/Tr-pi_1043.jpg,pituitary,pituitary,2,train,ca65edca120b4d27367163604dbcc83479a842bbddb3841370250901404841c9,0b2b0745454f1b0e,
dataset/train/pituitary/Tr-pi_1044.jpg,pituitary,pituitary,2,train,252c464b2f770214cdb356378fd5cf303016bef997f7f590a93378685caa0379,0f174b0d4d451b0e,
dataset/train/pituitary/Tr-pi_1045.jpg,pituitary,pituitary,2,train,0f471808f012fdc7fb7794315f707e02ba09d18493a217456cc85cd11b02c87f,0e174b0d45453b0e,
dataset/train/pituitary/Tr-pi_1046.jpg,pituitary,pituitary,2,train,3281c9f58728cf3c81d7806a0b131ff087adffd3987edd36d74ed155281120d0,2e374b0b074d2f0e,
dataset/train/pituitary/Tr-pi_1048.jpg,pituitary,pituitary,2,train,eede8665398d4b1e6430af58b29399ef73d637b37515146575375c32c8e795c6,0e17574917170f8e,
dataset/train/pituitary/Tr-pi_1051.jpg,pituitary,pituitary,2,train,db2f744d1907885e2436d2bbc0e585edca7dbefa39a63d4a696593de2f6be5ed,2f23694933170f0f,
dataset/train/pituitary/Tr-pi_1052.jpg,pituitary,pituitary,2,train,87a234c75bc70fe66ae99094400eff598ea41581f8807842f4c357cd0e0e2b01,0f376d4b33170f0f,
dataset/train/pituitary/Tr-pi_1054.jpg,pituitary,pituitary,2,train,18f56c6fb63237e35ddec1267a3e069b0c6401ab8d18fce3f12803f1bf1ffb22,0f17572b3323070f,
dataset/train/pituitary/Tr-pi_1055.jpg,pituitary,pituitary,2,train,1de1b8b7a58742f393421eb55c203a9ecb990e11574bcda26ad3227fb75d3727,0f17172f13370f0f,
dataset/train/pituitary/Tr-pi_1056.jpg,pituitary,pituitary,2,train,0f669fc64de815a3e71c5f7ad39a6367c7b34d6bdaa42c2a7695152e9baab435,8e33551555492b29,
dataset/train/pituitary/Tr-pi_1058.jpg,pituitary,pituitary,2,train,96ec0162d6e670af8c73e2079c8f4a8f6c1dd1e05bf998cd408c869c935bd115,0f17554d55452b8e,
dataset/train/pituitary/Tr-pi_1059.jpg,pituitary,pituitary,2,train,c92000e46dc946281e4e85f1160fed03a93d841bfa0318bf42c1659164d10253,0f17554969450b8e,
dataset/train/pituitary/Tr-pi_1060.jpg,pituitary,pituitary,2,train,ce40872570c794587f3221ac6db546e448772aebc39b38d2287f2b1cd6e785bb,0f17556921450b8e,
dataset/train/pituitary/Tr-pi_1061.jpg,pituitary,pituitary,2,train,6b01920202a8fcb9c1d8be891edde76ecd87e4ea43561d187a086497da9f7846,0f07310d0d0f0b0f,
dataset/train/pituitary/Tr-pi_1062.jpg,pituitary,pituitary,2,train,bb6c8979fc83874dd83dad0be92cbdedf1ca950747994b11ca2e47629abc4c1f,0f07230d050f1b0f,
dataset/train/pituitary/Tr-pi_1063.jpg,pituitary,pituitary,2,train,e96976dd8f85ef37224765a65ee592e8148992ec50dad8e6cf66c0bb1c5c8e8d,0f07230d07071f0e,
dataset/train/pituitary/Tr-pi_1064.jpg,pituitary,pituitary,2,train,5b6c500d25a28500f8225be2bb557de392813f810d955b9f9ae51541da47ccee,8e17334d69535337,
dataset/train/pituitary/Tr-pi_1066.jpg,pituitary,pituitary,2,train,801de7cd53c3b4590bd04cfa9cb71275262e2ae32f420fb85aefd2559f185c6f,0f3737330f47170f,
dataset/train/pituitary/Tr-pi_1067.jpg,pituitary,pituitary,2,train,509575b4c8edbaf3475777003ccb732b34a32b7ff839c56177a464b14780ae2e,491f27294d2b174f,
dataset/train/pituitary/Tr-pi_1068.jpg,pituitary,pituitary,2,train,0f35ccae7f3f4c5c26b23d94b72316a62048e7ebf3dd7bbda2f83e3c38cfbc8b,490f33290f37170f,
dataset/train/pituitary/Tr-pi_1069.jpg,pituitary,pituitary,2,train,438defb4c047bb4d1a4029e0a1d06c1d81c587f6f2c170dc6d3037d3ddd54640,0f133169331b170f,
dataset/train/pituitary/Tr-pi_1071.jpg,pituitary,pituitary,2,train,35ef3dd0fac8dcba82304fdb8ce709e3f656538899ad332ac23e6821c4ab3164,8e17334d69575317,
dataset/train/pituitary/Tr-pi_1073.jpg,pituitary,pituitary,2,train,6d6b4d334c499e02200885cf5d113ddf61b4f84355283e0bcfce9db248e77766,0f17234d4d2b0f4d,
dataset/train/pituitary/Tr-pi_1074.jpg,pituitary,pituitary,2,train,ae1c5cf7abefbcd014e92cd4181cee593cdb382726647e6e8bbcc044ca0680c9,0f172345452b0f4d,
dataset/train/pituitary/Tr-pi_1075.jpg,pituitary,pituitary,2,train,2cfdbb9ec9817e1c3d082e05bafbda873564cd306a497c5d766ffe5ce0ed1f57,17172b4d572b0f4d,
dataset/train/pituitary/Tr-pi_1077.jpg,pituitary,pituitary,2,train,5aa00eb43b76989355553eb41ad34e4b1cb0cef508e8e6e32678224731df6018,1f132b4d17230f4d,
dataset/train/pituitary/Tr-pi_1079.jpg,pituitary,pituitary,2,train,3f1029451ece4cd3461a59dc55b36b07d7acf1eae3258fe521a2b1ad299f23da,1e3733154d0f2b0f,
dataset/train/pituitary/Tr-pi_1081.jpg,pituitary,pituitary,2,train,cb34b62f0297ae9a5bd7f8e3989186bc82dfbd32cb1ce880bfb1f2d53c39456f,0e2773451d071f0e,
dataset/train/pituitary/Tr-pi_1083.jpg,pituitary,pituitary,2,train,3209b6829c3cf24515eb71b4375eb2550a99b7cdc9c37a9f085b4c3a29654f50,1e135755150f270e,
dataset/train/pituitary/Tr-pi_1084.jpg,pituitary,pituitary,2,train,adc8a05eddedb0e7a505fb3295a1df5925fd36957f8edb3fabef9be0e89dcdf6,1e136155151b070e,
dataset/train/pituitary/Tr-pi_1085.jpg,pituitary,pituitary,2,train,84651a019d2c338a77c7c51a3775af37ac24c2c990361386b4a1dbbcb5038b0d,8e17330d49575717,
dataset/train/pituitary/Tr-pi_1087.jpg,pituitary,pituitary,2,train,4ce2b7db480ff8e1ebc8fe225b48f1197a12d87d9770b283686d52bfc56c4a56,0e17232f4d0f0b0f,
dataset/train/pituitary/Tr-pi_1088.jpg,pituitary,pituitary,2,train,3137608daad571c60d27b63520498c2fd513f15ff61fa9b1d4460df74b5c01f5,0707332b4d071b0f,
dataset/train/pituitary/Tr-pi_1090.jpg,pituitary,pituitary,2,train,be696943c64f1968eaca33aaa76c39d2901873b1e2f59415e87d6844d13a7a28,0f1717170d170f4d,
dataset/train/pituitary/Tr-pi_1091.jpg,pituitary,pituitary,2,train,eeef379fa149ea360e72ed9393cc9d3ccff15068bee8777a36433ad99ec37262,0f0717294d071f0f,
dataset/train/pituitary/Tr-pi_1093.jpg,pituitary,pituitary,2,train,32e8b16afe4dfe2de84703cd5d907f2af21817ab2300ef18b3f652be4f6e2fee,8e17330d69575757,
dataset/train/pituitary/Tr-pi_1094.jpg,pituitary,pituitary,2,train,d7ea4a1e0a3385c37355c03fcd325351dfd9740d4a5da53f5646bdcbe5beec3e,0d173329070f170f,
dataset/train/pituitary/Tr-pi_1095.jpg,pituitary,pituitary,2,train,6f693af8ba877cdd600d162ecdef37e0911c2968ba1a67ccd45a19ec59fba6bf,0e1755491317078e,
dataset/train/pituitary/Tr-pi_1096.jpg,pituitary,pituitary,2,train,f47c2a35aab50fe4076545244df0e888f1e94bd2523ee6850557c37a1fda5feb,0e1755693317138e,
dataset/train/pituitary/Tr-pi_1099.jpg,pituitary,pituitary,2,train,9409fd55579f6e70c839c1c5e6af747e7b3a3ea2b2bed9931d8941bb4430e28a,0617554933330b8f,
dataset/train/pituitary/Tr-pi_1100.jpg,pituitary,pituitary,2,train,16ff9fb169a6a472535da28292346f219d4ea96ea4330e292a558329bf4f245c,0617554d1733138f,
dataset/train/pituitary/Tr-pi_1101.jpg,pituitary,pituitary,2,train,56604f94de8b6aae46a57dc660acd6a4850a9c473c6fd5aad87a32d0528845e4,8e1715292333170f,
dataset/train/pituitary/Tr-pi_1102.jpg,pituitary,pituitary,2,train,594ce6c137d5ce76384722d763f00a5388125dd217eed21688c06d969ed0b232,0f1717313b13170f,
dataset/train/pituitary/Tr-pi_1104.jpg,pituitary,pituitary,2,train,513e4222e5b5085fa99a0d614326401325417985a1c2ac8357e16e0754709838,0f17350d570f0f0f,
dataset/train/pituitary/Tr-pi_1105.jpg,pituitary,pituitary,2,train,0de11ec702c157db90c50ef01c4194668f83e25d4545fb07adb82961d335fee8,07372f0d171b0f0f,
dataset/train/pituitary/Tr-pi_1106.jpg,pituitary,pituitary,2,train,e0a01074e1a8ea4533638b3a2197b787d613ef8d1846e18ec6203890b31f5c3d,17372b4d17170f0f,
dataset/train/pituitary/Tr-pi_1107.jpg,pituitary,pituitary,2,train,8a8bf76f5ddc3f8100f8424cf1e3378736e2417d154e91bb48aec0998c495905,8e17170d49773733,
dataset/train/pituitary/Tr-pi_1108.jpg,pituitary,pituitary,2,train,89ae5e59e14646e4d48fdb8a3adf3ecb03cdb9a4365dd797da68512efa0edd9c,0627330b4d0b2b0e,
dataset/train/pituitary/Tr-pi_1109.jpg,pituitary,pituitary,2,train,ffc0fe4bf697452bfff46007bd07db78baf31336a612b5d9c4ceb45490a460c7,0e37332b050b2b0e,
dataset/train/pituitary/Tr-pi_1110.jpg,pituitary,pituitary,2,train,cf21f3db7147ef404d3b98c25e00a741a82d3f34454fd6d2cd483c446d9ec871,0e17332b070b0b0e,
dataset/train/pituitary/Tr-pi_1113.jpg,pituitary,pituitary,2,train,85ca4d09151dda122821454a53414443fee2811001c3a740fb9baa3e83c68fa4,0e17170d4d0f1f0d,
dataset/train/pituitary/Tr-pi_1115.jpg,pituitary,pituitary,2,train,cd7b0c3380b7f938d17927b7f1b15d3f180664589699cf42f2a0fc1ce15a7951,0e070b0f13171f0e,
dataset/train/pituitary/Tr-pi_1116.jpg,pituitary,pituitary,2,train,c6a9dc0ecaea9311d4692fd99dfc74f44256774ec007964023ff8542aa379bd5,0e07070713271f0e,
dataset/train/pituitary/Tr-pi_1117.jpg,pituitary,pituitary,2,train,3d4ec2b45be65b6c7e010e10d7aaf6876ac3b711c12d3d4bdbfb0852c47d6c43,8e17554d31155d27,
dataset/train/pituitary/Tr-pi_1118.jpg,pituitary,pituitary,2,train,f9ed71d8b9a247acb62b3b01a15b030aff454cae6f4463721691e9bc211e9b4a,8e17554d71554d37,
dataset/train/pituitary/Tr-pi_1120.jpg,pituitary,pituitary,2,train,684b2f70702ff61f58f8b62f4ae748e0e17743e601d27e538730d2b623ea735e,8e17154d55154d07,
dataset/train/pituitary/Tr-pi_1121.jpg,pituitary,pituitary,2,train,6e37891401bb4ed6151f239a5dff69bc3528790f6c672fc85d78b0dd8fae6dc8,0d0f331b1d2f170f,
dataset/train/pituitary/Tr-pi_1122.jpg,pituitary,pituitary,2,train,2679e952f4c5c4fc70323698b1dd73c732fa4d363f9cb8b0290e6020205f0833,0e0f33430d0f370f,
dataset/train/pituitary/Tr-pi_1124.jpg,pituitary,pituitary,2,train,02d4fec0fd4a18bf63b64d7d87d22c63f2216c830db752108883afd5c59d4599,0e17374d4d0f370f,
dataset/train/pituitary/Tr-pi_1125.jpg,pituitary,pituitary,2,train,9900224be3682ae6fb715a651c199461b10d5efdc480b6b16d8572a4555f31f8,0e17334f4d0f2f0f,
dataset/train/pituitary/Tr-pi_1126.jpg,pituitary,pituitary,2,train,ccd3ca6bc5ffff3e4c53e71d5780f59e4474c609547490a5c2bc53bceb7644d7,0e17330f470f3b0e,
dataset/train/pituitary/Tr-pi_1129.jpg,pituitary,pituitary,2,train,efa610b1f2367aca573bc4eebfcf29dcb589f8ce5f4cb5025afd13ad6361bf58,8e33614555555107,
dataset/train/pituitary/Tr-pi_1131.jpg,pituitary,pituitary,2,train,84bff75699f713c58a751ac2e0b557568b15b78ce4307101c0520ad1c495a641,8e33715545555557,
dataset/train/pituitary/Tr-pi_1132.jpg,pituitary,pituitary,2,train,68f6893488aedab3a6b2482536611710b068ea049122c4581c631580427501d3,8e33715569555515,
dataset/train/pituitary/Tr-pi_1135.jpg,pituitary,pituitary,2,train,4f239acf3708e5f75b7eaec0dca36200a11b7ef898aa375288b0ecd4596c414e,1717173329794707,
dataset/train/pituitary/Tr-pi_1137.jpg,pituitary,pituitary,2,train,0f5fdff06241b338b3b5d27c52c110ded1017194e4113e043726b7d61af42a8b,2b17373337555507,
dataset/train/pituitary/Tr-pi_1138.jpg,pituitary,pituitary,2,train,dffc9f9c9478154c0f85370871fe4245522c8eff460bd7a2b6c63216a0d86dff,8e0717694d55173b,
dataset/train/pituitary/Tr-pi_1139.jpg,pituitary,pituitary,2,train,a9cfb4ffb72014bb945b3a277a8104cf2002ce73783ac179d4b96bfdced5657f,3b17373317555507,
dataset/train/pituitary/Tr-pi_1140.jpg,pituitary,pituitary,2,train,bcb3854cccf1921b2c0d7d7301e0a64c571818adb3d05b85e14cc5ea8b6e9009,8c17075545554d4d,
dataset/train/pituitary/Tr-pi_1141.jpg,pituitary,pituitary,2,train,f525740b7388aa0e856690c508a55c6fe753d3445c05bacdb09b8d30352259c2,8c0755554d455545,
dataset/train/pituitary/Tr-pi_1142.jpg,pituitary,pituitary,2,train,fb0ab523f605f46836eeecb5a6cbe34deb0c42fd14e8ea801048bffc6e6cb1c0,8e1755554d455545,
dataset/train/pituitary/Tr-pi_1143.jpg,pituitary,pituitary,2,train,4382f089b8f9ebc8be686aeee74e51db6e155a97f76da0c97f24c37c9653e100,1617555555170f0f,
dataset/train/pituitary/Tr-pi_1144.jpg,pituitary,pituitary,2,train,d175dd05f31d0cc6c61cc54e31c7a81c92aac9324d91550dc928a5c7f4910d84,070715494d570f0f,
dataset/train/pituitary/Tr-pi_1145.jpg,pituitary,pituitary,2,train,df85f34c33e2ad8b86d5657a37a48b0d2b050f1c0a44f2c21d93f9b9b6b3586b,0717175d4d570f0f,
dataset/train/pituitary/Tr-pi_1146.jpg,pituitary,pituitary,2,train,1c46e75ea767287555fe60713098012ddf168ab90459c2206353dbf302396c40,0e17133333330f0f,
dataset/train/pituitary/Tr-pi_1147.jpg,pituitary,pituitary,2,train,c0df2067b19f03007beee855c93e868387d23481a3b8490d6f5ae18c6b297c46,071717330b130f0f,
dataset/train/pituitary/Tr-pi_1148.jpg,pituitary,pituitary,2,train,8976e0731b8ca3fc0135e1ce633f0b8f1180e1bee54ef6be83e00c003e94e8b6,0737133307170f0f,
dataset/train/pituitary/Tr-pi_1150.jpg,pituitary,pituitary,2,train,bea491c50e5d3a060156e6871748d8149f7f62982579afbdfe81bec49c642730,8e1717177755170f,
dataset/train/pituitary/Tr-pi_1151.jpg,pituitary,pituitary,2,train,4585128888c08733ded0da513a9a06d9036a305690498308dd3e808ccbe3d055,2b1111555131292b,
dataset/train/pituitary/Tr-pi_1153.jpg,pituitary,pituitary,2,train,80e1c5ac80a61b89fb9dbf47e9e2768fa2ae8634498459b3e89e8a1fd3e34bf7,0e37170b4d173333,
dataset/train/pituitary/Tr-pi_1154.jpg,pituitary,pituitary,2,train,2e005ff19bb2baf6f9696dbf6554d35d9718905318f0c9c8aa02b59d91093775,2b1151715951392b,
dataset/train/pituitary/Tr-pi_1155.jpg,pituitary,pituitary,2,train,b3f782714f66c3495c470c063affc8ccb18f6516a925a2cabc307f0c92a61d6e,8e3717175771170f,
dataset/train/pituitary/Tr-pi_1156.jpg,pituitary,pituitary,2,train,abfebdbbdb72508fcdc56473ec41a69840a4146a32887f03ff66770e2e4489d7,8e3717171351170f,
dataset/train/pituitary/Tr-pi_1157.jpg,pituitary,pituitary,2,train,d36b7f8e134c90b872660d0f6585a2be98443dd073b329b5aefd893d785e78e4,861717554d55550f,
dataset/train/pituitary/Tr-pi_1158.jpg,pituitary,pituitary,2,train,994b1b0c5ebadf7b59c7e56ce0b3d1d23c240c66e45a7486588377d0848eecad,861717554d55550f,
dataset/train/pituitary/Tr-pi_1159.jpg,pituitary,pituitary,2,train,c273de243dc3e985bc7f90633f0c19a93dc485a83d44b788573af7484601b87e,871717574d55554d,
dataset/train/pituitary/Tr-pi_1160.jpg,pituitary,pituitary,2,train,63da4ed73f4206e22fda56c313baec0210cc966e69967ef3fa061540b6d52534,8e0717454d37472f,
dataset/train/pituitary/Tr-pi_1161.jpg,pituitary,pituitary,2,train,417e88549d26bb4a89b45b57541c1dd0364890e5ef9b3f78678b47df2f751982,9723154d71554d2f,
dataset/train/pituitary/Tr-pi_1162.jpg,pituitary,pituitary,2,train,7f06e7f32adba8ac9a4f325e13ddf88da6accbed368b3787eaba27c8353b48b5,1713554d55550d07,
dataset/train/pituitary/Tr-pi_1164.jpg,pituitary,pituitary,2,train,200bebcb6cf85e20d26fd99d394da427ffab3381aa751c3970c2c7ca1b588293,1717175555115970,
dataset/train/pituitary/Tr-pi_1166.jpg,pituitary,pituitary,2,train,8ed4accd7a09042e088ab54f6151af6ddd67b01286b0c280141f11aeadec80e8,1717134955317d78,
dataset/train/pituitary/Tr-pi_1167.jpg,pituitary,pituitary,2,train,98d64ac46cc970b607b73b93ac9929e6b1b28582dadef1b2c3b3c57077f77daf,8e13574d4d177707,
dataset/train/pituitary/Tr-pi_1169.jpg,pituitary,pituitary,2,train,5c32a70efedefd69db06c66fa133d214685bb53195cc2d1ce1bb235bdd137da3,1717574b4d515179,
dataset/train/pituitary/Tr-pi_1170.jpg,pituitary,pituitary,2,train,813c365fd68794ca865c5d6a68581feafe2c797859e959ac5ecf9fea022627ec,1717134b4955513d,
dataset/train/pituitary/Tr-pi_1175.jpg,pituitary,pituitary,2,train,9cf5dddcd2fd828317ce24ba40e43ed593ca0033b59d7a581e523d99379923ab,0e37155555551517,
dataset/train/pituitary/Tr-pi_1176.jpg,pituitary,pituitary,2,train,c76083bc8499d21245bac4eb4cad4e0d6e8ec99e75201096927e495d73706025,0e17150d4d551513,
dataset/train/pituitary/Tr-pi_1177.jpg,pituitary,pituitary,2,train,7f13792f6fd81317a0556882b2c4efd4232f3de0020e502e8d603433e775e7fd,161715154d553333,
dataset/train/pituitary/Tr-pi_1178.jpg,pituitary,pituitary,2,train,e845b6b30d7912d8c839200b10603e45ccc176ceefca45d8a7d67b813d6d4b36,8e1327170711156b,
dataset/train/pituitary/Tr-pi_1179.jpg,pituitary,pituitary,2,train,cbbb6282031eab8cc1ad96bd6cc55a1748f786548e044146f4c9c68007f11aff,8e1307170f11174f,
dataset/train/pituitary/Tr-pi_1180.jpg,pituitary,pituitary,2,train,82340c85ed154c5ddc2f108d2265a23023e231e473d55d9bed82ab4f5ecf8f65,8e1305170b09330b,
dataset/train/pituitary/Tr-pi_1182.jpg,pituitary,pituitary,2,train,98e334dcf640253006c2bd5f6bbe81c80a8c9219e98c55e7b4bda3d513ef9810,8e1305152b0d1507,
dataset/train/pituitary/Tr-pi_1183.jpg,pituitary,pituitary,2,train,4a29de6f50164f818ad07ce19ac301ae24bd35f24f2bbddbd5477a8ad52ff67e,8e1717554d17170f,
dataset/train/pituitary/Tr-pi_1184.jpg,pituitary,pituitary,2,train,5e45a52938fdb2aedd6a97516145a95e0ecaaed6267a35e82539f5295b32ddd0,8e1317454d17170f,
dataset/train/pituitary/Tr-pi_1185.jpg,pituitary,pituitary,2,train,6f0616cb4ad2e8c24edfe39fd14e5a7320605e5676f74da29463de74bc14a530,8e1317554d15170f,
dataset/train/pituitary/Tr-pi_1186.jpg,pituitary,pituitary,2,train,99ea012f84dd9079b3e807e061efa3dd4dba3968c9ef293051d280494a95178b,8e2317154d131717,
dataset/train/pituitary/Tr-pi_1187.jpg,pituitary,pituitary,2,train,f7c186036b81c58158458dd9c1e57cc79aa8ae07d9db36e9bba6873292209e50,8e2b170555373733,
dataset/train/pituitary/Tr-pi_1188.jpg,pituitary,pituitary,2,train,d1c6272bc41e0f7182df50629509b379b2195b0793edb71feed5ecce748e8cb8,8c17174551551531,
dataset/train/pituitary/Tr-pi_1190.jpg,pituitary,pituitary,2,train,b07040fcda8d8834793e632594237c4fe8ad01dca02acd27d87fa9a9e5c08b9b,8e17174d5555173b,
dataset/train/pituitary/Tr-pi_1191.jpg,pituitary,pituitary,2,train,ec3b4febc00083b8bbfed9a4208426bdadd9b85286b2d0ad3536dbd32fa29100,8e1717454555332b,
dataset/train/pituitary/Tr-pi_1193.jpg,pituitary,pituitary,2,train,64b43067ccd1a28335c4e35a19309afb76d8498b6caced0120640639967df41a,8e37551749555545,
dataset/train/pituitary/Tr-pi_1195.jpg,pituitary,pituitary,2,train,e815467a5ef6c8653d3fdf189e52a214756174fb4a2c9cadb309bf2aff964344,8e3355154d555545,
dataset/train/pituitary/Tr-pi_1196.jpg,pituitary,pituitary,2,train,34f754e5c3defdcff383cd805d52508f88ea26fea150be3d4ca986a1222a4792,8c07170d49735545,
dataset/train/pituitary/Tr-pi_1197.jpg,pituitary,pituitary,2,train,6723a2f9ea2b76f42613efae363c7b2332ddf347f7f0eef13dd81bcb96c8ca99,8f07154b6d555553,
dataset/train/pituitary/Tr-pi_1199.jpg,pituitary,pituitary,2,train,238bff96b589925f9190d940c659b9a42e2f6db9c225101d012605b86b8000aa,8e07170d49555545,
dataset/train/pituitary/Tr-pi_1200.jpg,pituitary,pituitary,2,train,234805d0ea9186ff14a3c41f29ff316056bec2d34648fc98246adf602698d3e7,8e07170d4d555545,
dataset/train/pituitary/Tr-pi_1201.jpg,pituitary,pituitary,2,train,b0834d7d889af8355b81ca21c81a15e55e703727b2e9400aa772e9826455c7e0,8e03170d4d4d5555,
dataset/train/pituitary/Tr-pi_1202.jpg,pituitary,pituitary,2,train,421e6eb4cfc9852ff32e999a06ce666eab3ab9d3b03639cc7cc69b0cc829388f,8e23170929455909,
dataset/train/pituitary/Tr-pi_1203.jpg,pituitary,pituitary,2,train,ab901f691f2046579e1c82f1393c8757ddde000379fa138bd883fa5c717c5f99,0e2317072d454909,
dataset/train/pituitary/Tr-pi_1204.jpg,pituitary,pituitary,2,train,13f2b1bf74720c327b243114604c8f2efbb01a7c9310f7c134e58152dcfd0645,8e0f170b4d151717,
dataset/train/pituitary/Tr-pi_1205.jpg,pituitary,pituitary,2,train,6cabf743e282ecf390c97829e5914fbb72c2dfaa11d54dab0f810681e8e7be4d,8e1f170b4d171717,
dataset/train/pituitary/Tr-pi_1206.jpg,pituitary,pituitary,2,train,8657875bb0ce3671d9ba85450a20a64e78eeacf85cc99552e5eb81c4c93c7e5a,8f07534f6d4d5557,
dataset/train/pituitary/Tr-pi_1207.jpg,pituitary,pituitary,2,train,2fef14b4b9e0f9bfc354af4654f521385854b62e84c8346a205aa227bf5d4712,8e1f170f4d171717,
dataset/train/pituitary/Tr-pi_1208.jpg,pituitary,pituitary,2,train,fb19cd83b92edf2c92ee64f10d46e5a3343cb5e85311b34f81841b13a602101a,8e1f17172b171737,
dataset/train/pituitary/Tr-pi_1209.jpg,pituitary,pituitary,2,train,2ddbb890302a3bba8e58b274b59abed1b89ae151c86dd4fb10dbf992754ef7cf,8e1f17370b373333,
dataset/train/pituitary/Tr-pi_1211.jpg,pituitary,pituitary,2,train,aaeb1dce8d24e0cf72d22693e24a92f6deeded71fe78f8c36541b6870956772d,8e17174d59151717,
dataset/train/pituitary/Tr-pi_1212.jpg,pituitary,pituitary,2,train,03dad77027ac10c2591e81b6cf40020a5ae088eca22d27675758dfc9184eae46,8e13174959151717,
dataset/train/pituitary/Tr-pi_1213.jpg,pituitary,pituitary,2,train,b3fea38d6f576e971a91686d98d213961ca5bc00c72e3f85cd68d509ec182426,8e17174d51151717,
dataset/train/pituitary/Tr-pi_1214.jpg,pituitary,pituitary,2,train,3cf9bbb6ce5295cad9e903a3b404d87e6347cf8b0917b84c53c7c8cf092d5893,0f13135559311b69,
dataset/train/pituitary/Tr-pi_1215.jpg,pituitary,pituitary,2,train,0d9ef486eac4236b3b5c762c2bc4aadf237e2f4347fd0f4a45e5985d90c3d608,0713131549531749,
dataset/train/pituitary/Tr-pi_1218.jpg,pituitary,pituitary,2,train,c3fb12f5983a520e72059ebfc838d6901a1eea60fa9bfe776970478844cfda9b,8c1717171571315d,
dataset/train/pituitary/Tr-pi_1219.jpg,pituitary,pituitary,2,train,d3adaa44b503579e9db8f11cce818ace22e97e788f7cae315c2bea5cd147a57c,8c1717170571715d,
dataset/train/pituitary/Tr-pi_1220.jpg,pituitary,pituitary,2,train,47301d3cc5d60b5a667088fbe5c8ed659ea842a6bf4f01d186bb9a28e734198f,8e33174f4d170717,
dataset/train/pituitary/Tr-pi_1224.jpg,pituitary,pituitary,2,train,28253f27c4e65837b0f35488f2280f1b9e353622c80c817653f43f1326f4d8cc,861717135555150f,
dataset/train/pituitary/Tr-pi_1225.jpg,pituitary,pituitary,2,train,3be9f22ed41991d9e8374961bea209242d1cc757331937a746dd4abe2e4cec4a,9717171355171517,
dataset/train/pituitary/Tr-pi_1226.jpg,pituitary,pituitary,2,train,c73c58a9d14933ca8cd3b2a71d6450320dcb143054a384f069aea5b1871b3f13,971717334d331317,
dataset/train/pituitary/Tr-pi_1228.jpg,pituitary,pituitary,2,train,07636e1aeae516fe77d7ed57d0b1ce0bb95bd0f439b32f755af4457e58e90e22,0e3317474d171707,
dataset/train/pituitary/Tr-pi_1229.jpg,pituitary,pituitary,2,train,e46c12ebaf1d4e54f471a9b9ee8b69350f3d67bba871d5c6e5814a85c8b5dc57,8e33574d51557121,
dataset/train/pituitary/Tr-pi_1230.jpg,pituitary,pituitary,2,train,1038636f0570797c8a38542d6707b7c2c59b8bee01569302182cfe9defc3c6ba,8e33574561555131,
dataset/train/pituitary/Tr-pi_1231.jpg,pituitary,pituitary,2,train,b2c737427a055d59157685b672fbc68ee66aa972bf15d4134c4ea3e48f71781e,1633554d69555169,
dataset/train/pituitary/Tr-pi_1232.jpg,pituitary,pituitary,2,train,5059f3d7ee27de0fb131bd392d8e602ea97cb54e3dcfc0a9968832d21554ac25,1633554d61555161,
dataset/train/pituitary/Tr-pi_1233.jpg,pituitary,pituitary,2,train,07eef1d507f73f776dd622d3bb1b623a393bc47c0206d4260621893a7291f947,1713554545555161,
dataset/train/pituitary/Tr-pi_1234.jpg,pituitary,pituitary,2,train,dbda71ebfe6fbf948408284b1c1199efce33fdd2173e4f36763a12382f19931f,8e17555545755547,
dataset/train/pituitary/Tr-pi_1235.jpg,pituitary,pituitary,2,train,415c893286a1a8c1777fb3ce59f71925bd312ab367524040024d16e9d39bbcbb,8e17555545755143,
dataset/train/pituitary/Tr-pi_1236.jpg,pituitary,pituitary,2,train,4aba3695ccb2578b8565d8760dc789af6479caac4ce5d70a042baf82f27abb88,0f3317074d171713,
dataset/train/pituitary/Tr-pi_1237.jpg,pituitary,pituitary,2,train,f9a81b4eb4a080608a1c642937fa241316dfb149934868b944384daf84bd8fba,8e0355556555554b,
dataset/train/pituitary/Tr-pi_1238.jpg,pituitary,pituitary,2,train,49864523b52b0a00ab6eb0e68e871fb5a823dd97fd112993f3d99ddf86733dd3,8e1355555545554f,
dataset/train/pituitary/Tr-pi_1239.jpg,pituitary,pituitary,2,train,b5c34922668edbe4cab27b82376b29074c9c6d007829f0246ca95d89abc50f4c,8e135555554d5557,
dataset/train/pituitary/Tr-pi_1240.jpg,pituitary,pituitary,2,train,ec2f6975e8b6b00c308feea551d9650030660bfa51ca699df71dc60746dafc23,8e135557454d5575,
dataset/train/pituitary/Tr-pi_1242.jpg,pituitary,pituitary,2,train,44c48b16dc63b13aa8eb3e46f2ac7daebb80a199b88e6ade3e7e05d2f35d4d9b,8e031717110d5117,
dataset/train/pituitary/Tr-pi_1243.jpg,pituitary,pituitary,2,train,c7aa36d6c962a00fa8c86c30fc4c570b7a884f44d50a4d38e039e0a70dd14577,8e131717290d5517,
dataset/train/pituitary/Tr-pi_1244.jpg,pituitary,pituitary,2,train,147fbcf2213e48e51be15d22b5f59a450b4ed18f6c7b7cb96d9bf4de5596a0f1,2b17175555512b2b,
dataset/train/pituitary/Tr-pi_1245.jpg,pituitary,pituitary,2,train,d21d1082d8e040b22dd2bbcafd074bcb5b4e0f4944c43129e8e7a77f1c784438,2317171555572b2b,
dataset/train/pituitary/Tr-pi_1246.jpg,pituitary,pituitary,2,train,3bc78056d1cab63c80177bc3c9de97189b636d36a946c280fc2fd5c0ad1256aa,8e1717174d55130f,
dataset/train/pituitary/Tr-pi_1247.jpg,pituitary,pituitary,2,train,00fe0cad64b7ddabb0a2dd787e6186fcf39d11525969fce54cf7609377bee120,8e1717174d4d1507,
dataset/train/pituitary/Tr-pi_1248.jpg,pituitary,pituitary,2,train,b9cc133cfdf85c1d8e86590d9b1b0dd37de204dbf268557f89a2fe03be294130,8e171717514d1517,
dataset/train/pituitary/Tr-pi_1249.jpg,pituitary,pituitary,2,train,3725a1aafb5c03578d2695afbc29212649cb8c43d55b3e9703282dfabfca6773,8e07174d71335717,
dataset/train/pituitary/Tr-pi_1250.jpg,pituitary,pituitary,2,train,0b8a5cf23a74be6f00f353956632cd316743fcbca9f82a4494dc732a46709021,1723171755133333,
dataset/train/pituitary/Tr-pi_1252.jpg,pituitary,pituitary,2,train,eb5e147c031d5cc6c777dce8c84088647632a92c8c7afec47e2f0dfd738a4a58,8e17170b45555717,
dataset/train/pituitary/Tr-pi_1253.jpg,pituitary,pituitary,2,train,537038d03f8039a2083b3ee6dfec07671222a7bfdadb065e2658025335b6dae4,8e17171555555733,
dataset/train/pituitary/Tr-pi_1254.jpg,pituitary,pituitary,2,train,b425d9c3aae91e0723ab0fd2746afecc501de42afd78ab3e86ef9d1c82f9f531,8713153749373337,
dataset/train/pituitary/Tr-pi_1255.jpg,pituitary,pituitary,2,train,e6418be9aa11335d363f66276839d35b82ec6b7def52135f934343b65aa4d10e,9713172349273333,
dataset/train/pituitary/Tr-pi_1256.jpg,pituitary,pituitary,2,train,3270a6e9b2e07e7c0224f46dcc598da765547514317d8f191b9e0950df296065,9717130349673333,
dataset/train/pituitary/Tr-pi_1258.jpg,pituitary,pituitary,2,train,be0a31d49954d8d60d618f2decb335c5528be43ad60011341b8a306c8e5896fc,8e1717554d513313,
dataset/train/pituitary/Tr-pi_1259.jpg,pituitary,pituitary,2,train,89164c880fa1cc1525551d67a32afdadf06c9e69cd149a6612419d2b5cefec69,8e1715554d513133,
dataset/train/pituitary/Tr-pi_1260.jpg,pituitary,pituitary,2,train,4bef4fa0c0e86ee50bf5a6dededb29e5468d10fd50ac29dd0d83f568f0290651,8e1715554d511537,
dataset/train/pituitary/Tr-pi_1261.jpg,pituitary,pituitary,2,train,f4e926de3e4713048d9660d8367ef4ae3033a6c90bf6b3edbd889ec45c06d35c,8e3755554d6d5515,
dataset/train/pituitary/Tr-pi_1263.jpg,pituitary,pituitary,2,train,9adc560600826dfa2f97817666c8cd26b5cc079bca177079bb437410b1a05eb0,4c16234b53573723,
dataset/train/pituitary/Tr-pi_1264.jpg,pituitary,pituitary,2,train,a8d143d9f0c6eba55fe2d91eed2d44404d5739bd83d76bc6b27f16dcd6da741d,8c17335749751303,
dataset/train/pituitary/Tr-pi_1265.jpg,pituitary,pituitary,2,train,c76a7e7d7af4a07ea166e6796ad5d7149ac7c0d241a98922d2332cf2ca0d3e8c,8e1733574975130f,
dataset/train/pituitary/Tr-pi_1266.jpg,pituitary,pituitary,2,train,0387e6ee3b4a1219be979c1b1dc000cfa6ad105d3770738f7337ccefbc522ccb,8e17335749551307,
dataset/train/pituitary/Tr-pi_1267.jpg,pituitary,pituitary,2,train,844ac34753345dbef7de30703c493ef11dfb5b135f72f83896b5caa938161653,ce17370d4d756329,
dataset/train/pituitary/Tr-pi_1268.jpg,pituitary,pituitary,2,train,519d9e0a94ea961f18f4081c772dd68928496cc4f85dfa6274333386c15d0469,8e1717174d555329,
dataset/train/pituitary/Tr-pi_1269.jpg,pituitary,pituitary,2,train,485bc859609a542ce527f8e5b6a919b7af796197b3653851e5d133a1a453f6c4,8e1717174d55132d,
dataset/train/pituitary/Tr-pi_1270.jpg,pituitary,pituitary,2,train,b637a457abff2af19a653184d5a61e1a88361cc651f21cac1556e09b94ad333e,861357130d55114d,
dataset/train/pituitary/Tr-pi_1271.jpg,pituitary,pituitary,2,train,dec07729b572e234c1e842ad5fd5fc377be8b33cac553f1b7edd65c7a9ecbb7b,863357170d551505,
dataset/train/pituitary/Tr-pi_1272.jpg,pituitary,pituitary,2,train,7c0a9dcc61577d07109db9b36a5a03d4f1ee3c8082b7294facf0cabd9e02030c,8e17170555514507,
dataset/train/pituitary/Tr-pi_1273.jpg,pituitary,pituitary,2,train,937185fe3ffa6d0b991625ffdeab933af5a69486a79a21793b7feb1c49f60483,861715454d131713,
dataset/train/pituitary/Tr-pi_1274.jpg,pituitary,pituitary,2,train,3f2d830164f6444c68d9758fc281a416a30456a361fa56c1a90970d79c8354f0,0f17330b0d2b0f4d,
dataset/train/pituitary/Tr-pi_1275.jpg,pituitary,pituitary,2,train,0ab597668fbd311a7f24b72937bf79ab52a0118802fc497d7d2f18289d1ed186,8e13154d6d55554d,
dataset/train/pituitary/Tr-pi_1276.jpg,pituitary,pituitary,2,train,6a47a85bf879219762cec2767066e692db1cde9740a6d3861410cc3bc707e8fc,8e13154d6d55554d,
dataset/train/pituitary/Tr-pi_1278.jpg,pituitary,pituitary,2,train,d1dfa44b4b2bedf9364d31cf92808e05442a1a3ffc0e43a983c0f09befbfc198,cc0733555555576b,
dataset/train/pituitary/Tr-pi_1279.jpg,pituitary,pituitary,2,train,5e2aa070d462ea2eb0c2e720ae42d0f1181222cd61ecd2aa135ca163f4ba1ab5,8c1713574d75554b,
dataset/train/pituitary/Tr-pi_1280.jpg,pituitary,pituitary,2,train,d9927845d5e7112ff0e01628eece3452e178e3a773517746be130e40f949c85d,8c1745574d75554b,
dataset/train/pituitary/Tr-pi_1282.jpg,pituitary,pituitary,2,train,734034483d077f452f315dbb3e44bb398c3b74e6d8d3f82689415ae4e2bf788d,8e3355574d4d554f,
dataset/train/pituitary/Tr-pi_1283.jpg,pituitary,pituitary,2,train,d8b0bbfe35228e4b8124450bcd35bcca61819a96eaf42118eaae1d02afd8a5f2,0f4fb2a8b5955318,
dataset/train/pituitary/Tr-pi_1284.jpg,pituitary,pituitary,2,train,38dccab5cc42e98bc5b09af4a6bee5a453cacd2b9d5c1150e9626543595e291c,072d96313db57510,
dataset/train/pituitary/Tr-pi_1285.jpg,pituitary,pituitary,2,train,64da1e2ed0df51e4ec91d439e8fef6bd923ed3992a78ad72b0cc073bb6dd1184,0f5396d1d1d47510,
dataset/train/pituitary/Tr-pi_1287.jpg,pituitary,pituitary,2,train,c0ab4ceeb487d2ed96c4c82b96116645e9074cf78b7b91ba1c96d20c75de10ce,376b172b2d496337,
dataset/train/pituitary/Tr-pi_1289.jpg,pituitary,pituitary,2,train,3a12147171e02ecf0cf6a0ef637c8bfb20e54911572d1d805cf04488349b336a,375b3d2a2d697177,
dataset/train/pituitary/Tr-pi_1290.jpg,pituitary,pituitary,2,train,d67d2c2e09101718fd97092fb04dbc658f3b25ed9970558fb09e768199e2322a,37731d573b696777,
dataset/train/pituitary/Tr-pi_1291.jpg,pituitary,pituitary,2,train,f291318a6b65f05cb19e20f2f1d686f1d82fd34bdd1415ebc294611cc000d447,375b3f332f6d6b37,
dataset/train/pituitary/Tr-pi_1292.jpg,pituitary,pituitary,2,train,3a3f6b3763eb8207b4cef310a5757fe971c46f271a5201e574c13f6572ed95db,9c274d17056c2433,
dataset/train/pituitary/Tr-pi_1293.jpg,pituitary,pituitary,2,train,fd350eeb3529a13beb02489af5a22828385dc6b30798d3f497ca1fe92a887522,9c374d1d07452933,
dataset/train/pituitary/Tr-pi_1295.jpg,pituitary,pituitary,2,train,5d1aa1c333b2f962207ecbed3184eef5c7b10fa722ccd37a5a304b7da4a31393,1f4f136b5d693133,
dataset/train/pituitary/Tr-pi_1296.jpg,pituitary,pituitary,2,train,36364649c785250940500a0111d7b342ca74877571905282c78baae191513036,973715554d133333,
dataset/train/pituitary/Tr-pi_1297.jpg,pituitary,pituitary,2,train,bf3930763e2ca22755d8472d76ab37ce8bd476333e4abe349c6b8ca0610f4851,1f471b6b55693333,
dataset/train/pituitary/Tr-pi_1298.jpg,pituitary,pituitary,2,train,362f3c6f3ca707cd3dc6b4d78e45bbf2bc05b842cfe59f71e3fbab0686afb88a,1e4f1f6b55292303,
dataset/train/pituitary/Tr-pi_1299.jpg,pituitary,pituitary,2,train,59f1f1e66a11861289de1957bbe33cf3030971c7419ae792fb2d3f361a398ece,1c374f133f696b27,
dataset/train/pituitary/Tr-pi_1301.jpg,pituitary,pituitary,2,train,ebbee2b534acbd79ae5f53288110c42c76f30d35244ecfe7b90b7d83d612e87a,1c374f133b697125,
dataset/train/pituitary/Tr-pi_1303.jpg,pituitary,pituitary,2,train,4d6466d2d97189dc544936d99e09ba5045e739d7a25325018ab10b2d957c42d0,1c2f57033f696b27,
dataset/train/pituitary/Tr-pi_1304.jpg,pituitary,pituitary,2,train,5937e02fc13e1b4f94a346a12214ca0b44a2ce1b80e1aaf93ef5c3c0aba2625c,973315554d333333,
dataset/train/pituitary/Tr-pi_1305.jpg,pituitary,pituitary,2,train,2ff7c93f77b773d2d436a3e30afd02c385b8c13b59f0a0cb315394b6517c6855,572373ab6b6b4f4f,
dataset/train/pituitary/Tr-pi_1306.jpg,pituitary,pituitary,2,train,cd12a7d44549931add5490368ff8d34dc95e7612ad0babd2087d3a73af9c566d,5737f38b6959436f,
dataset/train/pituitary/Tr-pi_1307.jpg,pituitary,pituitary,2,train,65f15f0f7f6c56a3367511ac01007b6459f28285c0f623da5bc8c3f822a353d4,574bf3df4d596767,
dataset/train/pituitary/Tr-pi_1308.jpg,pituitary,pituitary,2,train,11a8060eaee0a8236dcbbeed8a226a125be3afcf6ba376d8f9f2fc42efa7dbfd,5f47f3cb494d474f,
dataset/train/pituitary/Tr-pi_1309.jpg,pituitary,pituitary,2,train,767407813537627d8e7caec87f849847cc6f1f6d148ad61d85f625728c47e1e4,3e476343494d4d4f,
dataset/train/pituitary/Tr-pi_1311.jpg,pituitary,pituitary,2,train,8d52e0a5cbf361241e7776466ebaafde61838820c9d718c03f138c6a0f73717b,3e4fb76b19946033,
dataset/train/pituitary/Tr-pi_1312.jpg,pituitary,pituitary,2,train,d44ef6cb6024cecc6bb3fc1b2becd77391080bd9b5b5d1212b0383cefbb8110b,1e5f874bdd9d2023,
dataset/train/pituitary/Tr-pi_1313.jpg,pituitary,pituitary,2,train,444bc9b4a0a897da27850c1643469a7d672e9688e5c8c628f0eac658c23dc7cb,2e2f975b5dbd2133,
dataset/train/pituitary/Tr-pi_1314.jpg,pituitary,pituitary,2,train,cfea4c73b72d4405d9a78c084eab728b58d621876727407e9c3e8b447dd523a5,3e5fb7cbb9e92133,
dataset/train/pituitary/Tr-pi_1315.jpg,pituitary,pituitary,2,train,2fb22a4f507b8ef4c33902be264d3483aa4c42abc96333851ba81dadbcb6ff33,2e5fb7cba9e92113,
dataset/train/pituitary/Tr-pi_1316.jpg,pituitary,pituitary,2,train,50471d99b5d71f3b05f6e013c639846b2245d67d5ae2ad0ba3c2514ed717bf75,2e5fb7ada9e92313,
dataset/train/pituitary/Tr-pi_1317.jpg,pituitary,pituitary,2,train,bee39ba336fa1aecfb79a929d3d4e9b2eb56a134d16c17f467c508a9bd32ba08,1e4fb7ddade51317,
dataset/train/pituitary/Tr-pi_1318.jpg,pituitary,pituitary,2,train,28adb6b1b4ff20f5cc30f4647d56f26c8256fdedaf24ecf5918c5a0385babc40,8e33175749173736,
dataset/train/pituitary/Tr-pi_1319.jpg,pituitary,pituitary,2,train,75d9d6200012e7169cafc421224e64c2babfdeb558ab45c7b7b20058c6fd8ab1,3e5fa7abad6d5613,
dataset/train/pituitary/Tr-pi_1321.jpg,pituitary,pituitary,2,train,30ef5b3c34e6092c286a59f7783e8fed317eb1b27835df8853508d8bba3c9f4f,334d36375569787c,
dataset/train/pituitary/Tr-pi_1322.jpg,pituitary,pituitary,2,train,53aa50c3cea724463f45fb7b450eb8dae0d0b1b791f614096369445a9bb74708,372f13336569797d,
dataset/train/pituitary/Tr-pi_1323.jpg,pituitary,pituitary,2,train,45e69cd71d4ae510bd69dad621a5b35e6d56d3eae11ef72dabd53872c4601882,333d72bb5769797d,
dataset/train/pituitary/Tr-pi_1324.jpg,pituitary,pituitary,2,train,6711d5d0c194fd7ec7eeac340570761cc263023055f4a83842d702d60881c620,330d326b756d733d,
dataset/train/pituitary/Tr-pi_1325.jpg,pituitary,pituitary,2,train,55590615259890e6c0ebb6289099fb676ecc50fb853c07569465552809745c05,332d336b356d272d,
dataset/train/pituitary/Tr-pi_1326.jpg,pituitary,pituitary,2,train,61b0802c890642f6a3642b23f437a83679add26373923ab9a4951ffefc89548b,0e33174749373736,
dataset/train/pituitary/Tr-pi_1327.jpg,pituitary,pituitary,2,train,27e656afcc646d764fb47785bc3fce63f62a83c06ca08495c986bd09ec8d9957,9e1b153b374d2937,
dataset/train/pituitary/Tr-pi_1328.jpg,pituitary,pituitary,2,train,1c67684ea8f3f1b08bf5105e46fa9b877e18eb8a78ffb500e117b54d3d7c3511,9e3b151b57652837,
dataset/train/pituitary/Tr-pi_1329.jpg,pituitary,pituitary,2,train,096bd5b8b49079020efdeda50c921c727dfe610aec78228af8904f77caa19fad,8e1b0d7f556d2937,
dataset/train/pituitary/Tr-pi_1331.jpg,pituitary,pituitary,2,train,f293d7b720c78b0cb89aced12e741c1eb6825e9adc038b356d52354723814995,9e1b352b57656d17,
dataset/train/pituitary/Tr-pi_1334.jpg,pituitary,pituitary,2,train,f945a08157480673d2fc485238812436a7447ab644bef6266552921a1ee9469a,175f9babb9e96831,
dataset/train/pituitary/Tr-pi_1337.jpg,pituitary,pituitary,2,train,a4934874fa5019e7a9ea18dfc887d920a3088e8692daa79c71bd996f77bc8e2f,8e33552b2d696b37,
dataset/train/pituitary/Tr-pi_1338.jpg,pituitary,pituitary,2,train,2f0c69797a3c6a1660784733e1abe5e9a2647e4e953991f8321e6777a325833b,8e3b4d722d4b7137,
dataset/train/pituitary/Tr-pi_1339.jpg,pituitary,pituitary,2,train,c1a694d46fac8b5dd98328a67626e108bad691becebc7bbd76acadf089146394,8e3b155b254f7b37,
dataset/train/pituitary/Tr-pi_1340.jpg,pituitary,pituitary,2,train,b58211c1dec524e93b3a0623da4ee3009219f43882366797562a77a168b15b52,8e3b152b2d6d6b67,
dataset/train/pituitary/Tr-pi_1341.jpg,pituitary,pituitary,2,train,9ae6a3343b970e96387ae95f6ee4d97e918a0b5c179db22f4702e85516e03975,1e7b0fcf25692923,
dataset/train/pituitary/Tr-pi_1344.jpg,pituitary,pituitary,2,train,641754cbcfb03ce04898675c7b5198037000b2acccd39a5442c144d499cedc40,1e4f2f2d3c627118,
dataset/train/pituitary/Tr-pi_1345.jpg,pituitary,pituitary,2,train,418f14cbc27a85b36589554f09ee532c6c3e3b477c0ab4f15c33c79d67f08f45,1e4f232f3c423119,
dataset/train/pituitary/Tr-pi_1346.jpg,pituitary,pituitary,2,train,fcca8529a47eba7ccf20ba3bda07e181ac9203c45da7ada3c5be3abc020bb36a,1e4f172e5d453111,
dataset/train/pituitary/Tr-pi_1348.jpg,pituitary,pituitary,2,train,2af57862df9fe2789c5922f99686ec2fb448ea49549f23914ac7dbc777af0666,1f17330b152b174d,
dataset/train/pituitary/Tr-pi_1349.jpg,pituitary,pituitary,2,train,eb10ebba7e693453aed271c4793e128bf65c42def092932638d7ef6b49559e2d,1e4f17af9d4d3011,
dataset/train/pituitary/Tr-pi_1351.jpg,pituitary,pituitary,2,train,fa8a37fdc76f2f6ca079fc38e4aa2af76f33ae768c19ce5a819d8cd45459fb3b,9e3b0d6b2f492927,
dataset/train/pituitary/Tr-pi_1352.jpg,pituitary,pituitary,2,train,446df0912ac64b89e3cc6be51a85ff6abf01762438676380e7d409f4279ea105,9e3b4d2b29492b27,
dataset/train/pituitary/Tr-pi_1354.jpg,pituitary,pituitary,2,train,61cf8b0dde48a614afedf66ae851c5654467af023fba8eb31170b871af2ad7f3,1e7b3727a571696b,
dataset/train/pituitary/Tr-pi_1355.jpg,pituitary,pituitary,2,train,25206702dcb710654fa62415a1d5dad3a8649ab529d52bd1fd5e51ecbdab9330,1e7b3726a655696b,
dataset/train/pituitary/Tr-pi_1356.jpg,pituitary,pituitary,2,train,9dcd531cd97bb3f85d671ab666e6d0116ec0e1173e08ba5eb63b8a08431759e3,8e1717173317170f,
dataset/train/pituitary/Tr-pi_1357.jpg,pituitary,pituitary,2,train,3b48b2c7edf2927472697aed875f633ba80c85606f7aa08d8f7a57d1c7126647,1e7b3926a751686b,
dataset/train/pituitary/Tr-pi_1358.jpg,pituitary,pituitary,2,train,1c45ea4593db8e46ea161def669d59419b6655ef114998a9d4c7ca51cd80b88f,1e539f26a7716d67,
dataset/train/pituitary/Tr-pi_1359.jpg,pituitary,pituitary,2,train,85d11b02e9fd30c5809c37b8ea79ec22516e69a6937769dad3313dcdf38332b5,3e533d26a5716977,
dataset/train/pituitary/Tr-pi_1360.jpg,pituitary,pituitary,2,train,5508c857c4c3cb1afbbab959af2da18fd5487967a3097d4266ff86ae8609e931,1e7b3b27b571667e,
dataset/train/pituitary/Tr-pi_1361.jpg,pituitary,pituitary,2,train,bb3ab9784ed96aab6710aecc230d606becbd60a5a2e28f8deebe1922807c8414,370b356535355341,
dataset/train/pituitary/Tr-pi_1362.jpg,pituitary,pituitary,2,train,d3e5ab970ae66bc783bb34689876126e241f46a30dfdbbaee6a9f3828e0fef01,371f353531385401,
dataset/train/pituitary/Tr-pi_1363.jpg,pituitary,pituitary,2,train,83d1ef63ae379a75fed4555f47178c0ca28e5cb993ff4567b68992d12853874b,171fadb5b5381013,
dataset/train/pituitary/Tr-pi_1364.jpg,pituitary,pituitary,2,train,2887fd122d7e0131cf4f31e57c2cae9e550aa63852452632eb168f33bc707084,8e1717172317570f,
dataset/train/pituitary/Tr-pi_1365.jpg,pituitary,pituitary,2,train,f453fb86935f756c13266c7c6aef9bd6dc0e026378219d7113a27ebd9ec2b186,170f31e535283319,
dataset/train/pituitary/Tr-pi_1366.jpg,pituitary,pituitary,2,train,1caa281ff54d3afc746ceaca1364152234450bbd17153687abf022012417959d,370f356535313311,
dataset/train/pituitary/Tr-pi_1367.jpg,pituitary,pituitary,2,train,1d703b3e8136d63427a22b5eacf2493d47a73ed1236100322f487871d765c42c,170b21ad35311311,
dataset/train/pituitary/Tr-pi_1369.jpg,pituitary,pituitary,2,train,46be1a3b9951f9d8c6d22ced05865e5648deaa1d1aa064c2c19d798d0975bde9,0c578fbb91682923,
dataset/train/pituitary/Tr-pi_1370.jpg,pituitary,pituitary,2,train,0b31367683a4ca4526eb19ed7cd5c7e49c0b6f811bec6faee301aaee6d79b336,0c379fb599692923,
dataset/train/pituitary/Tr-pi_1372.jpg,pituitary,pituitary,2,train,e1c5dfc6ac240a5f3df03e5f6ef43e290632a21400d697425bdb2a263eff0ecb,0c3787afa5292901,
dataset/train/pituitary/Tr-pi_1373.jpg,pituitary,pituitary,2,train,dcb7bc94346defce7014fa288e4b3c4004a45ee450dff67341b00662d39e2ef3,0c378fafb52d1913,
dataset/train/pituitary/Tr-pi_1374.jpg,pituitary,pituitary,2,train,e3826075935d0a6f81ec4d028adbe8c2720b969e49588fbd70e7434399208b2c,373b336a15632333,
dataset/train/pituitary/Tr-pi_1375.jpg,pituitary,pituitary,2,train,c00f4d4822ae31955e3188e22f79b5e5ee158a7d7fe12a6c2d7d32d37b78880b,374b756615693133,
dataset/train/pituitary/Tr-pi_1376.jpg,pituitary,pituitary,2,train,2f878c7a1bb4aafd7b602aefb3e60199f229673204d7c14980e9299babaef5b2,377b357635693133,
dataset/train/pituitary/Tr-pi_1377.jpg,pituitary,pituitary,2,train,413b0d073e697dba1854c4b805f84c8d3ca017bf9db10aa33d5318f522adb402,375b356635693033,
dataset/train/pituitary/Tr-pi_1378.jpg,pituitary,pituitary,2,train,edec969a0dbb445d8d5864d87aa2f52039756f6f42ad6c69f07e74f9905c0f52,9c371f230f5d296f,
dataset/train/pituitary/Tr-pi_1379.jpg,pituitary,pituitary,2,train,b1164b537f57fa241ab382ea2633667ba75895f7939478e340a9f2907da57bcc,9c374f4b0b592977,
dataset/train/pituitary/Tr-pi_1380.jpg,pituitary,pituitary,2,train,d65954d970058a8951ec108f1b31972dbbdbbce5dd09620ca8c8f33072a2fcab,9c376b2712593977,
dataset/train/pituitary/Tr-pi_1381.jpg,pituitary,pituitary,2,train,82240cea5409e03d9e9ef2f147faa11a7612f612c1e9e22d865f2b3476f737fa,9c375f3b2b592937,
dataset/train/pituitary/Tr-pi_1382.jpg,pituitary,pituitary,2,train,82f6c5aa246ead069a8ec294f79fd8c2ce97c4604de587affc602e56efb7eb5c,0e33556943231b1b,
dataset/train/pituitary/Tr-pi_1383.jpg,pituitary,pituitary,2,train,9b475359f200bae4bfa671157cfcaab4dd9973cd74d4c564416b96198c14b182,0e275775432b1a19,
dataset/train/pituitary/Tr-pi_1386.jpg,pituitary,pituitary,2,train,7b463b728c6842cdd869b9d17d14ef32f90a99c6e45af31cf7476fb9de74b999,8e171717174f5517,
dataset/train/pituitary/Tr-pi_1389.jpg,pituitary,pituitary,2,train,ba76a8a97c43f2de46a3df805c90001c3a157e19710fadf0322792e5b76af3f4,0e675b37376b2f36,
dataset/train/pituitary/Tr-pi_1390.jpg,pituitary,pituitary,2,train,54fb3860c69fe79daef27175ff92095d116bd23ec7658a0ba7283e84e48e0704,1e7b5d35156b2737,
dataset/train/pituitary/Tr-pi_1391.jpg,pituitary,pituitary,2,train,b04c0376f9b4a8a7f1ecd8f6e6e0d5e4a605c91adc9079c1ec6a52abb6c67416,1e6b35653d6b3617,
dataset/train/pituitary/Tr-pi_1393.jpg,pituitary,pituitary,2,train,15407511c374c4dd78c098879caa23b6956ab8c62bd91c5f833b119c0e7ec61e,1e4f336f3d43771e,
dataset/train/pituitary/Tr-pi_1394.jpg,pituitary,pituitary,2,train,302004b12494ee775f7ca3f7a09738c842f75ef0f0625399f2b434c94ad555df,8e171717134f3117,
dataset/train/pituitary/Tr-pi_1395.jpg,pituitary,pituitary,2,train,79100a40899dc93068e8e48589201542f9b393c246723370d9e102dae642c743,1e375f37ad65673f,
dataset/train/pituitary/Tr-pi_1396.jpg,pituitary,pituitary,2,train,3db3394b70b3d42904ffbb0ad2511996fbdb3a1605e4e46ff73877bb331808f4,9e374f25bf6d6b17,
dataset/train/pituitary/Tr-pi_1397.jpg,pituitary,pituitary,2,train,714648fe4d16dd71306def2c9a5b621a1b68db3517af24c77b3838460b9cc94f,9e374f279f696927,
dataset/train/pituitary/Tr-pi_1399.jpg,pituitary,pituitary,2,train,8c4634047631bda98b1238a01a8ed4526cc1b4fe4ac34599ac95ab76644dc92e,9e374f132f496b6f,
dataset/train/pituitary/Tr-pi_1400.jpg,pituitary,pituitary,2,train,0f703766db923ddf041115cf724a341cd2d2f225df172abb52b42bd7a9c3d2b2,9c374f2f3b6d6b6f,
dataset/train/pituitary/Tr-pi_1401.jpg,pituitary,pituitary,2,train,2f5f11816532741bd3505da372bf237ab159eb7482a660656ac9b421505dd103,0e171717130f3355,
dataset/train/pituitary/Tr-pi_1403.jpg,pituitary,pituitary,2,train,5239638f47996f1881e676d161905feb527a67b60aa47e17bc80c751baaf65e5,1e331f6b69492933,
dataset/train/pituitary/Tr-pi_1404.jpg,pituitary,pituitary,2,train,0c337c4e3c72a4952c4ea2418909c62cc05a035254c5d835be6871c662947c3d,1e335d6ebb492932,
dataset/train/pituitary/Tr-pi_1406.jpg,pituitary,pituitary,2,train,bd3ba081672d14d9419edef6a754b52e6f729bdde55c072b588f4b75f8967f5c,579f4fb733736fef,
dataset/train/pituitary/Tr-pi_1407.jpg,pituitary,pituitary,2,train,cc762714beda94aa18b78071c85efcafea9a7d53e2466b1201ac7321a0918493,561f571733594f5f,
dataset/train/pituitary/Tr-pi_1408.jpg,pituitary,pituitary,2,train,ab6d523e3add6bb89ef2dddc207b6abb6bd42a7318a38377d540dd6476aafb29,9e3f0f3b2f4d2937,
dataset/train/pituitary/Tr-pi_1409.jpg,pituitary,pituitary,2,train,cdcfbec61710d9af014517e05c35c6175654dd7820b9a13cd56391fff8343de8,9e3f1f3b2f4d2933,
dataset/train/pituitary/Tr-pi_1410.jpg,pituitary,pituitary,2,train,5866ed9174ea57221379e19587ac2cc74248c18ed5d6a0604097d479f5c9d66b,9e2f1f0f5b492933,
dataset/train/pituitary/Tr-pi_1411.jpg,pituitary,pituitary,2,train,3a567c2c66f67c2bd917343b6120a1ce37ec95b69fd8cf028cc80331bf987a6c,9c3f1f3b2f4d6933,
dataset/train/pituitary/Tr-pi_1412.jpg,pituitary,pituitary,2,train,9bb5067bcd1c13aac58d5e57bc285060837ffa732b4bb15da01b110a18a14fbb,3e0f37373d292323,
dataset/train/pituitary/Tr-pi_1416.jpg,pituitary,pituitary,2,train,2b16f9f046a37111eaebfdd077551fd4d0c2d40fab3351c8bb045734349ab700,4c0f17554d71514d,
dataset/train/pituitary/Tr-pi_1417.jpg,pituitary,pituitary,2,train,5d5f35f3c83503198bf2ed29006ea7eafdf3894559110c82d5e273e1f1b56a33,3e4f37b7bd692323,
dataset/train/pituitary/Tr-pi_1418.jpg,pituitary,pituitary,2,train,2c357f08c9ce1aad1ebe14bac6850ade681e629d212e73da696a7160420fcc9e,3e8f2f97bbd37733,
dataset/train/pituitary/Tr-pi_1419.jpg,pituitary,pituitary,2,train,8460636964861450514a44faf3b40a7b9bee689aa687a417d4ff8840e8d20a9b,3e8f67df99db6733,
dataset/train/pituitary/Tr-pi_1421.jpg,pituitary,pituitary,2,train,266111b5a5b4dd51202ac2b246032a451861c3aa3edccee2c279411e0853834b,9c1f6f232f3d6337,
dataset/train/pituitary/Tr-pi_1422.jpg,pituitary,pituitary,2,train,291aafa3dc40f666796da06a13d92d9fa6cfa5564210de58b86bd1fb25e084f5,9c174b332e2d6b27,
dataset/train/pituitary/Tr-pi_1423.jpg,pituitary,pituitary,2,train,ce3d6e482454e2ecaf92cfe1dac6afa1ac377e0e432c5df2dfee6cf41befc33e,9c374b332e69692d,
dataset/train/pituitary/Tr-pi_1424.jpg,pituitary,pituitary,2,train,7e2bf9ef1e553899fc67d5b7e102b14a835a78dcd724ddaf720365dabbff81c6,cc07175749755105,
dataset/train/pituitary/Tr-pi_1425.jpg,pituitary,pituitary,2,train,bc0b13a33bc8479e7dd47949b94e9487a81caef38c12adf9ec8b9cab7ed30b54,9c1f6b1d5669696c,
dataset/train/pituitary/Tr-pi_1426.jpg,pituitary,pituitary,2,train,1d8ea851e6e5b1a7b34197957dd23eba91f24bf5a70ba3d6e9c11d94e288314b,9c17633d4e696b2d,
dataset/train/pituitary/Tr-pi_1427.jpg,pituitary,pituitary,2,train,7dae06919e793d10b53a8a88ebb95c1a746db123bd36dde5191cc5976664c502,9c175b356e2d6b2d,
dataset/train/pituitary/Tr-pi_1428.jpg,pituitary,pituitary,2,train,bd778a1350a30c8c274dff0f974fb7e92b81d293945754df5e59aabb723da753,8c1f4f7b2f4d6937,
dataset/train/pituitary/Tr-pi_1429.jpg,pituitary,pituitary,2,train,d56d8d4458622895fc1a4e22f812c8a07019f5c42555b4d01fc202c7af753e19,8c174f3b67496923,
dataset/train/pituitary/Tr-pi_1430.jpg,pituitary,pituitary,2,train,16ffb7416009659c36190543fa39476d0ec632ad3171d12b8cf778702cdc2d2b,8c17495757496927,
dataset/train/pituitary/Tr-pi_1432.jpg,pituitary,pituitary,2,train,700f707a2b9a143ef96f4949c4c6d4f1c7619df73438a609a6e7b44ce5cf043a,1c3f1f273b652d27,
dataset/train/pituitary/Tr-pi_1433.jpg,pituitary,pituitary,2,train,9d673127a07949fb31411e934ec59e1f5c2c0e82bf6be8fd1243ee49805c556d,1c3f3f273b272d27,
dataset/train/pituitary/Tr-pi_1436.jpg,pituitary,pituitary,2,train,17c340bbf5735dcfd3ae680751808c9a26a4071ceb3a952e81fcf586b5b66f9a,1c3f1f33250d6b67,
dataset/train/pituitary/Tr-pi_1437.jpg,pituitary,pituitary,2,train,ff1805b2f12d1fb11315f07f72dc0e1efb1e3c57667331322f3e76fa22590fb2,1c370f3725036b67,
dataset/train/pituitary/Tr-pi_1438.jpg,pituitary,pituitary,2,train,9c90e8f04117a90c249bda74662443897c9d53909598a0d891d416a0162ee3b9,cc1717574975555d,
dataset/train/pituitary/Tr-pi_1439.jpg,pituitary,pituitary,2,train,295fcf7aa80dace6f167c3ffedef80263f4302eb3f6ddbc7ecf4059adab3e2c3,1c171f3725296b67,
dataset/train/pituitary/Tr-pi_1440.jpg,pituitary,pituitary,2,train,36e1156c12ff749f0f48a3dec9fdd2f7a75c352ba3b9df40110ea20603c02252,1c371f37252d2b67,
dataset/train/pituitary/Tr-pi_1442.jpg,pituitary,pituitary,2,train,d89d2acb35991bf361165b0e225592383db198d9399ca0309d285175887f1fbe,0e67973765b82147,
dataset/train/pituitary/Tr-pi_1444.jpg,pituitary,pituitary,2,train,66e8356f46f54696754cce8a4da28cbc518764aa7159a93b2e60c3fb6b5b880e,0e6b9777d5f92325,
dataset/train/pituitary/Tr-pi_1445.jpg,pituitary,pituitary,2,train,1b8e1c3d49cc36b62101afb9ad5ec9a94e2871dfcbee19bfd25802984399f8a3,8e334d2ba66d753f,
dataset/train/pituitary/Tr-pi_1446.jpg,pituitary,pituitary,2,train,836eabb3d1b4260dd3ac8614fc14fce05548fa7aa22b46a39168bf6cd969769a,8e334dabb66d6b37,
dataset/train/pituitary/Tr-pi_1447.jpg,pituitary,pituitary,2,train,eacaef73a62d91a63bbe02be5738c249f52e3ac10673814fa593499b82452daa,8e334d0b57496937,
dataset/train/pituitary/Tr-pi_1448.jpg,pituitary,pituitary,2,train,d1be0d6195cd814e52da334cdd4eab782c2c854f7665a16c0be5aa1e8c5eddee,8e3b4d2b56496937,
dataset/train/pituitary/Tr-pi_1450.jpg,pituitary,pituitary,2,train,6487e1df2bb76afb7da0b36ca841304bee7ad6c2f20abeea230f607babe645a9,8e07171749555555,
dataset/train/pituitary/Tr-pi_1451.jpg,pituitary,pituitary,2,train,a9a8cdb6096e4f8cb83509d3e55468513caa0a3dd60f6881ce8c128f97fd6a07,1737155555151517,
dataset/train/pituitary/Tr-pi_1452.jpg,pituitary,pituitary,2,train,0d89081b1162c6a3ebeec73e5d4f9c1ca8f2683e0c1457132301db77b29c9a69,1737155545151513,
dataset/train/pituitary/Tr-pi_1453.jpg,pituitary,pituitary,2,train,f912062f8d7a6acecaeee62cc574d0db785172e9282f7f08b8ffff8f0ba6ff1e,171755554d131333,
dataset/train/pituitary/Tr-pi_1455.jpg,pituitary,pituitary,2,train,4314bd6b73ace430d4eb677bfb3ea2c9f3eba593bff3c3fb4ec6f65c477de0ed,9617174d19170f0f,
dataset/train/pituitary/Tr-pi_1456.jpg,pituitary,pituitary,2,train,dc5b539afa9e171e5ecd3b6ccb321258782c12ae19a1ccc0a19197d22c355986,0e17372d0d0f170f,
