subject_id,tumor_voxel_count,tumor_fraction,num_positive_slices,total_slices,volume_shape,spacing
BraTS-GLI-00000-000,57305,0.006418570788530466,47,155,"[240, 240, 155]","[1.0, 1.0, 1.0]"
BraTS-GLI-00002-000,190594,0.021347894265232974,86,155,"[240, 240, 155]","[1.0, 1.0, 1.0]"
BraTS-GLI-00003-000,99239,0.011115479390681004,60,155,"[240, 240, 155]","[1.0, 1.0, 1.0]"
BraTS-GLI-00005-000,124783,0.013976590501792115,65,155,"[240, 240, 155]","[1.0, 1.0, 1.0]"
BraTS-GLI-00006-000,137911,0.015447020609318997,68,155,"[240, 240, 155]","[1.0, 1.0, 1.0]"
BraTS-GLI-00008-000,18462,0.0020678763440860216,40,155,"[240, 240, 155]","[1.0, 1.0, 1.0]"
BraTS-GLI-00008-001,15526,0.0017390232974910395,39,155,"[240, 240, 155]","[1.0, 1.0, 1.0]"
BraTS-GLI-00009-000,27453,0.0030749327956989246,61,155,"[240, 240, 155]","[1.0, 1.0, 1.0]"
BraTS-GLI-00009-001,27091,0.003034386200716846,46,155,"[240, 240, 155]","[1.0, 1.0, 1.0]"
BraTS-GLI-00011-000,70184,0.00786111111111111,61,155,"[240, 240, 155]","[1.0, 1.0, 1.0]"
BraTS-GLI-00012-000,263809,0.029548499103942652,81,155,"[240, 240, 155]","[1.0, 1.0, 1.0]"
BraTS-GLI-00014-000,38358,0.004296370967741935,51,155,"[240, 240, 155]","[1.0, 1.0, 1.0]"
BraTS-GLI-00014-001,38600,0.0043234767025089604,40,155,"[240, 240, 155]","[1.0, 1.0, 1.0]"
BraTS-GLI-00016-000,74546,0.008349686379928315,61,155,"[240, 240, 155]","[1.0, 1.0, 1.0]"
BraTS-GLI-00016-001,71716,0.008032706093189965,68,155,"[240, 240, 155]","[1.0, 1.0, 1.0]"
BraTS-GLI-00017-000,99385,0.011131832437275986,72,155,"[240, 240, 155]","[1.0, 1.0, 1.0]"
BraTS-GLI-00017-001,66343,0.007430891577060932,64,155,"[240, 240, 155]","[1.0, 1.0, 1.0]"
BraTS-GLI-00018-000,160203,0.01794388440860215,70,155,"[240, 240, 155]","[1.0, 1.0, 1.0]"
BraTS-GLI-00019-000,142997,0.01601668906810036,71,155,"[240, 240, 155]","[1.0, 1.0, 1.0]"
BraTS-GLI-00020-000,59921,0.006711581541218638,49,155,"[240, 240, 155]","[1.0, 1.0, 1.0]"
BraTS-GLI-00020-001,48705,0.005455309139784946,52,155,"[240, 240, 155]","[1.0, 1.0, 1.0]"
BraTS-GLI-00021-000,89260,0.009997759856630824,64,155,"[240, 240, 155]","[1.0, 1.0, 1.0]"
BraTS-GLI-00021-001,130905,0.014662298387096774,75,155,"[240, 240, 155]","[1.0, 1.0, 1.0]"
BraTS-GLI-00022-000,112949,0.012651097670250896,79,155,"[240, 240, 155]","[1.0, 1.0, 1.0]"
BraTS-GLI-00022-001,96170,0.010771729390681004,89,155,"[240, 240, 155]","[1.0, 1.0, 1.0]"
BraTS-GLI-00024-000,101451,0.011363239247311828,65,155,"[240, 240, 155]","[1.0, 1.0, 1.0]"
BraTS-GLI-00024-001,75168,0.008419354838709677,54,155,"[240, 240, 155]","[1.0, 1.0, 1.0]"
BraTS-GLI-00025-000,30557,0.003422603046594982,53,155,"[240, 240, 155]","[1.0, 1.0, 1.0]"
BraTS-GLI-00026-000,71556,0.008014784946236558,58,155,"[240, 240, 155]","[1.0, 1.0, 1.0]"
BraTS-GLI-00028-000,21245,0.00237959229390681,53,155,"[240, 240, 155]","[1.0, 1.0, 1.0]"
BraTS-GLI-00030-000,117996,0.013216397849462366,77,155,"[240, 240, 155]","[1.0, 1.0, 1.0]"
BraTS-GLI-00031-000,212996,0.023857078853046595,86,155,"[240, 240, 155]","[1.0, 1.0, 1.0]"
BraTS-GLI-00031-001,222780,0.02495295698924731,81,155,"[240, 240, 155]","[1.0, 1.0, 1.0]"
BraTS-GLI-00032-000,88373,0.009898409498207885,64,155,"[240, 240, 155]","[1.0, 1.0, 1.0]"
BraTS-GLI-00032-001,122552,0.013726702508960574,75,155,"[240, 240, 155]","[1.0, 1.0, 1.0]"
BraTS-GLI-00033-000,163810,0.018347894265232974,67,155,"[240, 240, 155]","[1.0, 1.0, 1.0]"
BraTS-GLI-00035-000,38022,0.004258736559139785,49,155,"[240, 240, 155]","[1.0, 1.0, 1.0]"
BraTS-GLI-00036-000,157005,0.017585685483870968,79,155,"[240, 240, 155]","[1.0, 1.0, 1.0]"
BraTS-GLI-00036-001,176771,0.01979961917562724,78,155,"[240, 240, 155]","[1.0, 1.0, 1.0]"
BraTS-GLI-00043-000,98719,0.011057235663082437,57,155,"[240, 240, 155]","[1.0, 1.0, 1.0]"
BraTS-GLI-00044-000,16636,0.0018633512544802867,38,155,"[240, 240, 155]","[1.0, 1.0, 1.0]"
BraTS-GLI-00045-000,34190,0.0038295250896057346,48,155,"[240, 240, 155]","[1.0, 1.0, 1.0]"
BraTS-GLI-00045-001,22643,0.0025361783154121864,51,155,"[240, 240, 155]","[1.0, 1.0, 1.0]"
BraTS-GLI-00046-000,33792,0.00378494623655914,44,155,"[240, 240, 155]","[1.0, 1.0, 1.0]"
BraTS-GLI-00048-000,84681,0.009484879032258064,67,155,"[240, 240, 155]","[1.0, 1.0, 1.0]"
BraTS-GLI-00048-001,18958,0.0021234318996415772,37,155,"[240, 240, 155]","[1.0, 1.0, 1.0]"
BraTS-GLI-00049-000,119424,0.013376344086021506,65,155,"[240, 240, 155]","[1.0, 1.0, 1.0]"
BraTS-GLI-00051-000,108726,0.012178091397849462,72,155,"[240, 240, 155]","[1.0, 1.0, 1.0]"
BraTS-GLI-00052-000,164216,0.01839336917562724,74,155,"[240, 240, 155]","[1.0, 1.0, 1.0]"
BraTS-GLI-00053-000,131650,0.014745743727598567,82,155,"[240, 240, 155]","[1.0, 1.0, 1.0]"
BraTS-GLI-00053-001,138820,0.01554883512544803,87,155,"[240, 240, 155]","[1.0, 1.0, 1.0]"
BraTS-GLI-00054-000,100486,0.011255152329749104,63,155,"[240, 240, 155]","[1.0, 1.0, 1.0]"
BraTS-GLI-00056-000,104443,0.011698364695340501,60,155,"[240, 240, 155]","[1.0, 1.0, 1.0]"
BraTS-GLI-00056-001,103998,0.011648521505376343,60,155,"[240, 240, 155]","[1.0, 1.0, 1.0]"
BraTS-GLI-00058-000,27410,0.003070116487455197,36,155,"[240, 240, 155]","[1.0, 1.0, 1.0]"
BraTS-GLI-00058-001,51158,0.0057300627240143365,56,155,"[240, 240, 155]","[1.0, 1.0, 1.0]"
BraTS-GLI-00059-000,119934,0.013433467741935485,80,155,"[240, 240, 155]","[1.0, 1.0, 1.0]"
BraTS-GLI-00059-001,45184,0.005060931899641577,67,155,"[240, 240, 155]","[1.0, 1.0, 1.0]"
BraTS-GLI-00060-000,240373,0.026923499103942653,81,155,"[240, 240, 155]","[1.0, 1.0, 1.0]"
BraTS-GLI-00061-000,19464,0.0021801075268817202,42,155,"[240, 240, 155]","[1.0, 1.0, 1.0]"
BraTS-GLI-00061-001,41800,0.004681899641577061,52,155,"[240, 240, 155]","[1.0, 1.0, 1.0]"
BraTS-GLI-00062-000,124308,0.013923387096774193,78,155,"[240, 240, 155]","[1.0, 1.0, 1.0]"
BraTS-GLI-00063-000,24738,0.0027708333333333335,46,155,"[240, 240, 155]","[1.0, 1.0, 1.0]"
BraTS-GLI-00064-000,101426,0.011360439068100359,57,155,"[240, 240, 155]","[1.0, 1.0, 1.0]"
BraTS-GLI-00066-000,38714,0.004336245519713262,59,155,"[240, 240, 155]","[1.0, 1.0, 1.0]"
BraTS-GLI-00068-000,110080,0.012329749103942652,79,155,"[240, 240, 155]","[1.0, 1.0, 1.0]"
BraTS-GLI-00070-000,156721,0.017553875448028673,69,155,"[240, 240, 155]","[1.0, 1.0, 1.0]"
BraTS-GLI-00071-000,92002,0.010304883512544803,69,155,"[240, 240, 155]","[1.0, 1.0, 1.0]"
BraTS-GLI-00072-000,74301,0.008322244623655915,47,155,"[240, 240, 155]","[1.0, 1.0, 1.0]"
BraTS-GLI-00072-001,26964,0.0030201612903225806,36,155,"[240, 240, 155]","[1.0, 1.0, 1.0]"
BraTS-GLI-00074-000,181624,0.020343189964157706,71,155,"[240, 240, 155]","[1.0, 1.0, 1.0]"
BraTS-GLI-00077-000,197218,0.022089829749103944,81,155,"[240, 240, 155]","[1.0, 1.0, 1.0]"
BraTS-GLI-00078-000,68098,0.0076274641577060934,66,155,"[240, 240, 155]","[1.0, 1.0, 1.0]"
BraTS-GLI-00081-000,79806,0.008938844086021506,53,155,"[240, 240, 155]","[1.0, 1.0, 1.0]"
BraTS-GLI-00084-000,67070,0.007512320788530466,56,155,"[240, 240, 155]","[1.0, 1.0, 1.0]"
BraTS-GLI-00084-001,51787,0.00580051523297491,51,155,"[240, 240, 155]","[1.0, 1.0, 1.0]"
BraTS-GLI-00085-000,77413,0.008670810931899642,72,155,"[240, 240, 155]","[1.0, 1.0, 1.0]"
BraTS-GLI-00087-000,117717,0.013185147849462366,82,155,"[240, 240, 155]","[1.0, 1.0, 1.0]"
BraTS-GLI-00087-001,87543,0.009805443548387097,68,155,"[240, 240, 155]","[1.0, 1.0, 1.0]"
BraTS-GLI-00088-000,125245,0.014028337813620072,71,155,"[240, 240, 155]","[1.0, 1.0, 1.0]"
BraTS-GLI-00088-001,126723,0.01419388440860215,68,155,"[240, 240, 155]","[1.0, 1.0, 1.0]"
BraTS-GLI-00089-000,35086,0.003929883512544803,46,155,"[240, 240, 155]","[1.0, 1.0, 1.0]"
BraTS-GLI-00090-000,97635,0.010935819892473119,69,155,"[240, 240, 155]","[1.0, 1.0, 1.0]"
BraTS-GLI-00090-001,116253,0.01302116935483871,70,155,"[240, 240, 155]","[1.0, 1.0, 1.0]"
BraTS-GLI-00094-000,162400,0.018189964157706094,78,155,"[240, 240, 155]","[1.0, 1.0, 1.0]"
BraTS-GLI-00095-000,236428,0.02648163082437276,78,155,"[240, 240, 155]","[1.0, 1.0, 1.0]"
BraTS-GLI-00095-001,242338,0.027143593189964156,76,155,"[240, 240, 155]","[1.0, 1.0, 1.0]"
BraTS-GLI-00096-000,119315,0.013364135304659498,67,155,"[240, 240, 155]","[1.0, 1.0, 1.0]"
BraTS-GLI-00096-001,97764,0.010950268817204302,63,155,"[240, 240, 155]","[1.0, 1.0, 1.0]"
BraTS-GLI-00097-000,41919,0.004695228494623656,46,155,"[240, 240, 155]","[1.0, 1.0, 1.0]"
BraTS-GLI-00097-001,23668,0.0026509856630824373,41,155,"[240, 240, 155]","[1.0, 1.0, 1.0]"
BraTS-GLI-00098-000,66169,0.007411402329749104,47,155,"[240, 240, 155]","[1.0, 1.0, 1.0]"
BraTS-GLI-00098-001,157410,0.017631048387096775,64,155,"[240, 240, 155]","[1.0, 1.0, 1.0]"
BraTS-GLI-00099-000,83944,0.009402329749103943,84,155,"[240, 240, 155]","[1.0, 1.0, 1.0]"
BraTS-GLI-00099-001,97770,0.010950940860215053,83,155,"[240, 240, 155]","[1.0, 1.0, 1.0]"
BraTS-GLI-00100-000,95391,0.010684475806451613,68,155,"[240, 240, 155]","[1.0, 1.0, 1.0]"
BraTS-GLI-00101-000,58948,0.006602598566308244,58,155,"[240, 240, 155]","[1.0, 1.0, 1.0]"
BraTS-GLI-00102-000,12952,0.001450716845878136,32,155,"[240, 240, 155]","[1.0, 1.0, 1.0]"
BraTS-GLI-00103-000,225535,0.025261536738351253,79,155,"[240, 240, 155]","[1.0, 1.0, 1.0]"
BraTS-GLI-00104-000,74986,0.00839896953405018,53,155,"[240, 240, 155]","[1.0, 1.0, 1.0]"
BraTS-GLI-00105-000,166140,0.018608870967741935,86,155,"[240, 240, 155]","[1.0, 1.0, 1.0]"
BraTS-GLI-00106-000,227126,0.025439740143369177,77,155,"[240, 240, 155]","[1.0, 1.0, 1.0]"
BraTS-GLI-00107-000,82921,0.00928774641577061,56,155,"[240, 240, 155]","[1.0, 1.0, 1.0]"
BraTS-GLI-00108-000,73791,0.008265120967741936,61,155,"[240, 240, 155]","[1.0, 1.0, 1.0]"
BraTS-GLI-00109-000,134271,0.015039314516129032,75,155,"[240, 240, 155]","[1.0, 1.0, 1.0]"
BraTS-GLI-00110-000,90740,0.010163530465949821,66,155,"[240, 240, 155]","[1.0, 1.0, 1.0]"
BraTS-GLI-00111-000,168746,0.01890076164874552,74,155,"[240, 240, 155]","[1.0, 1.0, 1.0]"
BraTS-GLI-00112-000,91751,0.01027676971326165,65,155,"[240, 240, 155]","[1.0, 1.0, 1.0]"
BraTS-GLI-00113-000,38314,0.004291442652329749,48,155,"[240, 240, 155]","[1.0, 1.0, 1.0]"
BraTS-GLI-00115-000,84845,0.009503248207885305,69,155,"[240, 240, 155]","[1.0, 1.0, 1.0]"
BraTS-GLI-00116-000,169918,0.01903203405017921,94,155,"[240, 240, 155]","[1.0, 1.0, 1.0]"
BraTS-GLI-00117-000,75085,0.008410058243727599,72,155,"[240, 240, 155]","[1.0, 1.0, 1.0]"
BraTS-GLI-00118-000,147090,0.01647513440860215,80,155,"[240, 240, 155]","[1.0, 1.0, 1.0]"
BraTS-GLI-00120-000,91560,0.010255376344086022,64,155,"[240, 240, 155]","[1.0, 1.0, 1.0]"
BraTS-GLI-00121-000,66816,0.007483870967741935,85,155,"[240, 240, 155]","[1.0, 1.0, 1.0]"
BraTS-GLI-00122-000,43881,0.004914986559139785,51,155,"[240, 240, 155]","[1.0, 1.0, 1.0]"
BraTS-GLI-00123-000,222999,0.024977486559139783,92,155,"[240, 240, 155]","[1.0, 1.0, 1.0]"
BraTS-GLI-00124-000,176056,0.019719534050179212,70,155,"[240, 240, 155]","[1.0, 1.0, 1.0]"
BraTS-GLI-00126-000,154557,0.017311491935483873,81,155,"[240, 240, 155]","[1.0, 1.0, 1.0]"
BraTS-GLI-00127-000,118171,0.013235999103942653,60,155,"[240, 240, 155]","[1.0, 1.0, 1.0]"
BraTS-GLI-00128-000,132171,0.014804099462365591,70,155,"[240, 240, 155]","[1.0, 1.0, 1.0]"
BraTS-GLI-00130-000,149604,0.016756720430107525,81,155,"[240, 240, 155]","[1.0, 1.0, 1.0]"
BraTS-GLI-00131-000,103496,0.011592293906810035,68,155,"[240, 240, 155]","[1.0, 1.0, 1.0]"
BraTS-GLI-00132-000,129841,0.014543122759856631,68,155,"[240, 240, 155]","[1.0, 1.0, 1.0]"
BraTS-GLI-00133-000,80218,0.008984991039426524,74,155,"[240, 240, 155]","[1.0, 1.0, 1.0]"
BraTS-GLI-00134-000,157749,0.017669018817204302,76,155,"[240, 240, 155]","[1.0, 1.0, 1.0]"
BraTS-GLI-00136-000,57168,0.006403225806451613,58,155,"[240, 240, 155]","[1.0, 1.0, 1.0]"
BraTS-GLI-00137-000,186261,0.020862567204301075,72,155,"[240, 240, 155]","[1.0, 1.0, 1.0]"
BraTS-GLI-00138-000,154118,0.017262320788530464,79,155,"[240, 240, 155]","[1.0, 1.0, 1.0]"
BraTS-GLI-00139-000,80769,0.009046706989247312,60,155,"[240, 240, 155]","[1.0, 1.0, 1.0]"
BraTS-GLI-00140-000,16748,0.0018758960573476702,50,155,"[240, 240, 155]","[1.0, 1.0, 1.0]"
BraTS-GLI-00142-000,88649,0.00992932347670251,89,155,"[240, 240, 155]","[1.0, 1.0, 1.0]"
BraTS-GLI-00143-000,162623,0.0182149417562724,89,155,"[240, 240, 155]","[1.0, 1.0, 1.0]"
BraTS-GLI-00144-000,64347,0.007207325268817204,49,155,"[240, 240, 155]","[1.0, 1.0, 1.0]"
BraTS-GLI-00146-000,184720,0.020689964157706093,74,155,"[240, 240, 155]","[1.0, 1.0, 1.0]"
BraTS-GLI-00147-000,175302,0.01963508064516129,90,155,"[240, 240, 155]","[1.0, 1.0, 1.0]"
BraTS-GLI-00148-000,58817,0.006587925627240143,49,155,"[240, 240, 155]","[1.0, 1.0, 1.0]"
BraTS-GLI-00149-000,24434,0.0027367831541218637,45,155,"[240, 240, 155]","[1.0, 1.0, 1.0]"
BraTS-GLI-00150-000,162397,0.018189628136200717,76,155,"[240, 240, 155]","[1.0, 1.0, 1.0]"
BraTS-GLI-00151-000,186689,0.020910506272401434,76,155,"[240, 240, 155]","[1.0, 1.0, 1.0]"
BraTS-GLI-00152-000,43797,0.004905577956989247,49,155,"[240, 240, 155]","[1.0, 1.0, 1.0]"
BraTS-GLI-00154-000,101416,0.011359318996415771,83,155,"[240, 240, 155]","[1.0, 1.0, 1.0]"
BraTS-GLI-00155-000,23396,0.002620519713261649,47,155,"[240, 240, 155]","[1.0, 1.0, 1.0]"
BraTS-GLI-00156-000,140635,0.015752128136200718,75,155,"[240, 240, 155]","[1.0, 1.0, 1.0]"
BraTS-GLI-00157-000,40916,0.004582885304659498,45,155,"[240, 240, 155]","[1.0, 1.0, 1.0]"
BraTS-GLI-00158-000,149997,0.01680073924731183,70,155,"[240, 240, 155]","[1.0, 1.0, 1.0]"
BraTS-GLI-00159-000,103304,0.01157078853046595,86,155,"[240, 240, 155]","[1.0, 1.0, 1.0]"
BraTS-GLI-00160-000,125680,0.014077060931899641,70,155,"[240, 240, 155]","[1.0, 1.0, 1.0]"
BraTS-GLI-00162-000,31569,0.003535954301075269,44,155,"[240, 240, 155]","[1.0, 1.0, 1.0]"
BraTS-GLI-00165-000,74472,0.008341397849462365,64,155,"[240, 240, 155]","[1.0, 1.0, 1.0]"
BraTS-GLI-00166-000,98161,0.010994735663082436,63,155,"[240, 240, 155]","[1.0, 1.0, 1.0]"
BraTS-GLI-00167-000,61507,0.006889224910394265,50,155,"[240, 240, 155]","[1.0, 1.0, 1.0]"
BraTS-GLI-00170-000,23792,0.002664874551971326,40,155,"[240, 240, 155]","[1.0, 1.0, 1.0]"
BraTS-GLI-00171-000,62941,0.007049843189964157,48,155,"[240, 240, 155]","[1.0, 1.0, 1.0]"
BraTS-GLI-00172-000,137737,0.015427531362007169,70,155,"[240, 240, 155]","[1.0, 1.0, 1.0]"
BraTS-GLI-00176-000,129272,0.014479390681003585,80,155,"[240, 240, 155]","[1.0, 1.0, 1.0]"
BraTS-GLI-00177-000,150080,0.016810035842293906,68,155,"[240, 240, 155]","[1.0, 1.0, 1.0]"
BraTS-GLI-00178-000,127388,0.01426836917562724,67,155,"[240, 240, 155]","[1.0, 1.0, 1.0]"
BraTS-GLI-00183-000,154011,0.017250336021505375,80,155,"[240, 240, 155]","[1.0, 1.0, 1.0]"
BraTS-GLI-00184-000,78134,0.008751568100358422,59,155,"[240, 240, 155]","[1.0, 1.0, 1.0]"
BraTS-GLI-00185-000,62512,0.007001792114695341,72,155,"[240, 240, 155]","[1.0, 1.0, 1.0]"
BraTS-GLI-00186-000,117131,0.01311951164874552,68,155,"[240, 240, 155]","[1.0, 1.0, 1.0]"
BraTS-GLI-00187-000,171038,0.019157482078853046,85,155,"[240, 240, 155]","[1.0, 1.0, 1.0]"
BraTS-GLI-00188-000,53458,0.005987679211469534,66,155,"[240, 240, 155]","[1.0, 1.0, 1.0]"
BraTS-GLI-00191-000,135328,0.015157706093189964,79,155,"[240, 240, 155]","[1.0, 1.0, 1.0]"
BraTS-GLI-00192-000,35722,0.0040011200716845875,45,155,"[240, 240, 155]","[1.0, 1.0, 1.0]"
BraTS-GLI-00193-000,71098,0.007963485663082437,74,155,"[240, 240, 155]","[1.0, 1.0, 1.0]"
BraTS-GLI-00194-000,47503,0.005320676523297491,51,155,"[240, 240, 155]","[1.0, 1.0, 1.0]"
BraTS-GLI-00195-000,70393,0.007884520609318997,59,155,"[240, 240, 155]","[1.0, 1.0, 1.0]"
BraTS-GLI-00196-000,92279,0.010335909498207885,68,155,"[240, 240, 155]","[1.0, 1.0, 1.0]"
BraTS-GLI-00199-000,75415,0.008447020609318996,58,155,"[240, 240, 155]","[1.0, 1.0, 1.0]"
BraTS-GLI-00201-000,147786,0.01655309139784946,78,155,"[240, 240, 155]","[1.0, 1.0, 1.0]"
BraTS-GLI-00203-000,105469,0.011813284050179212,74,155,"[240, 240, 155]","[1.0, 1.0, 1.0]"
BraTS-GLI-00204-000,29850,0.003343413978494624,71,155,"[240, 240, 155]","[1.0, 1.0, 1.0]"
BraTS-GLI-00206-000,34711,0.00388788082437276,42,155,"[240, 240, 155]","[1.0, 1.0, 1.0]"
BraTS-GLI-00207-000,136827,0.015325604838709678,98,155,"[240, 240, 155]","[1.0, 1.0, 1.0]"
BraTS-GLI-00209-000,43342,0.0048546146953405015,47,155,"[240, 240, 155]","[1.0, 1.0, 1.0]"
BraTS-GLI-00210-000,31229,0.003497871863799283,45,155,"[240, 240, 155]","[1.0, 1.0, 1.0]"
BraTS-GLI-00211-000,132888,0.014884408602150538,85,155,"[240, 240, 155]","[1.0, 1.0, 1.0]"
BraTS-GLI-00212-000,74191,0.008309923835125448,73,155,"[240, 240, 155]","[1.0, 1.0, 1.0]"
BraTS-GLI-00214-000,70265,0.007870183691756273,71,155,"[240, 240, 155]","[1.0, 1.0, 1.0]"
BraTS-GLI-00216-000,163678,0.018333109318996416,74,155,"[240, 240, 155]","[1.0, 1.0, 1.0]"
BraTS-GLI-00217-000,160793,0.01800996863799283,78,155,"[240, 240, 155]","[1.0, 1.0, 1.0]"
BraTS-GLI-00218-000,11796,0.001321236559139785,34,155,"[240, 240, 155]","[1.0, 1.0, 1.0]"
BraTS-GLI-00219-000,9173,0.0010274417562724015,36,155,"[240, 240, 155]","[1.0, 1.0, 1.0]"
BraTS-GLI-00220-000,38000,0.004256272401433692,59,155,"[240, 240, 155]","[1.0, 1.0, 1.0]"
BraTS-GLI-00221-000,27719,0.0031047267025089607,47,155,"[240, 240, 155]","[1.0, 1.0, 1.0]"
BraTS-GLI-00222-000,17539,0.0019644937275985663,43,155,"[240, 240, 155]","[1.0, 1.0, 1.0]"
BraTS-GLI-00227-000,29239,0.003274977598566308,50,155,"[240, 240, 155]","[1.0, 1.0, 1.0]"
BraTS-GLI-00228-000,51320,0.005748207885304659,49,155,"[240, 240, 155]","[1.0, 1.0, 1.0]"
BraTS-GLI-00230-000,75949,0.008506832437275985,68,155,"[240, 240, 155]","[1.0, 1.0, 1.0]"
BraTS-GLI-00231-000,79221,0.008873319892473119,54,155,"[240, 240, 155]","[1.0, 1.0, 1.0]"
BraTS-GLI-00233-000,86812,0.009723566308243727,64,155,"[240, 240, 155]","[1.0, 1.0, 1.0]"
BraTS-GLI-00234-000,104074,0.011657034050179212,67,155,"[240, 240, 155]","[1.0, 1.0, 1.0]"
BraTS-GLI-00235-000,104995,0.011760192652329748,84,155,"[240, 240, 155]","[1.0, 1.0, 1.0]"
BraTS-GLI-00236-000,45076,0.0050488351254480285,66,155,"[240, 240, 155]","[1.0, 1.0, 1.0]"
BraTS-GLI-00237-000,52639,0.005895945340501792,53,155,"[240, 240, 155]","[1.0, 1.0, 1.0]"
BraTS-GLI-00238-000,58354,0.0065360663082437275,66,155,"[240, 240, 155]","[1.0, 1.0, 1.0]"
BraTS-GLI-00239-000,68663,0.007690748207885304,60,155,"[240, 240, 155]","[1.0, 1.0, 1.0]"
BraTS-GLI-00240-000,144026,0.016131944444444445,66,155,"[240, 240, 155]","[1.0, 1.0, 1.0]"
BraTS-GLI-00241-000,43568,0.004879928315412186,52,155,"[240, 240, 155]","[1.0, 1.0, 1.0]"
BraTS-GLI-00242-000,166996,0.018704749103942653,82,155,"[240, 240, 155]","[1.0, 1.0, 1.0]"
BraTS-GLI-00243-000,85827,0.009613239247311828,55,155,"[240, 240, 155]","[1.0, 1.0, 1.0]"
BraTS-GLI-00246-000,22112,0.0024767025089605737,34,155,"[240, 240, 155]","[1.0, 1.0, 1.0]"
BraTS-GLI-00247-000,139200,0.015591397849462365,85,155,"[240, 240, 155]","[1.0, 1.0, 1.0]"
BraTS-GLI-00249-000,131601,0.014740255376344087,65,155,"[240, 240, 155]","[1.0, 1.0, 1.0]"
BraTS-GLI-00250-000,104014,0.011650313620071684,71,155,"[240, 240, 155]","[1.0, 1.0, 1.0]"
BraTS-GLI-00251-000,10008,0.0011209677419354838,27,155,"[240, 240, 155]","[1.0, 1.0, 1.0]"
BraTS-GLI-00253-000,55909,0.006262208781362007,47,155,"[240, 240, 155]","[1.0, 1.0, 1.0]"
BraTS-GLI-00254-000,98690,0.011053987455197133,68,155,"[240, 240, 155]","[1.0, 1.0, 1.0]"
BraTS-GLI-00258-000,20404,0.002285394265232975,38,155,"[240, 240, 155]","[1.0, 1.0, 1.0]"
BraTS-GLI-00259-000,99594,0.01115524193548387,79,155,"[240, 240, 155]","[1.0, 1.0, 1.0]"
BraTS-GLI-00260-000,84670,0.009483646953405018,65,155,"[240, 240, 155]","[1.0, 1.0, 1.0]"
BraTS-GLI-00261-000,134165,0.015027441756272401,70,155,"[240, 240, 155]","[1.0, 1.0, 1.0]"
BraTS-GLI-00262-000,15581,0.0017451836917562725,30,155,"[240, 240, 155]","[1.0, 1.0, 1.0]"
BraTS-GLI-00263-000,87449,0.00979491487455197,78,155,"[240, 240, 155]","[1.0, 1.0, 1.0]"
BraTS-GLI-00266-000,175363,0.019641913082437276,69,155,"[240, 240, 155]","[1.0, 1.0, 1.0]"
BraTS-GLI-00267-000,102407,0.011470318100358423,80,155,"[240, 240, 155]","[1.0, 1.0, 1.0]"
BraTS-GLI-00269-000,96630,0.010823252688172044,71,155,"[240, 240, 155]","[1.0, 1.0, 1.0]"
BraTS-GLI-00270-000,48698,0.005454525089605735,53,155,"[240, 240, 155]","[1.0, 1.0, 1.0]"
BraTS-GLI-00271-000,151279,0.016944332437275986,66,155,"[240, 240, 155]","[1.0, 1.0, 1.0]"
BraTS-GLI-00273-000,116115,0.013005712365591398,64,155,"[240, 240, 155]","[1.0, 1.0, 1.0]"
BraTS-GLI-00274-000,45951,0.005146841397849463,58,155,"[240, 240, 155]","[1.0, 1.0, 1.0]"
BraTS-GLI-00275-000,69029,0.0077317428315412185,58,155,"[240, 240, 155]","[1.0, 1.0, 1.0]"
BraTS-GLI-00280-000,30654,0.003433467741935484,56,155,"[240, 240, 155]","[1.0, 1.0, 1.0]"
BraTS-GLI-00281-000,121148,0.013569444444444445,82,155,"[240, 240, 155]","[1.0, 1.0, 1.0]"
BraTS-GLI-00282-000,52485,0.0058786962365591396,59,155,"[240, 240, 155]","[1.0, 1.0, 1.0]"
BraTS-GLI-00283-000,73803,0.00826646505376344,67,155,"[240, 240, 155]","[1.0, 1.0, 1.0]"
BraTS-GLI-00284-000,19150,0.002144937275985663,65,155,"[240, 240, 155]","[1.0, 1.0, 1.0]"
BraTS-GLI-00285-000,6487,0.0007265905017921147,30,155,"[240, 240, 155]","[1.0, 1.0, 1.0]"
BraTS-GLI-00286-000,77815,0.008715837813620071,109,155,"[240, 240, 155]","[1.0, 1.0, 1.0]"
BraTS-GLI-00288-000,18374,0.002058019713261649,44,155,"[240, 240, 155]","[1.0, 1.0, 1.0]"
BraTS-GLI-00289-000,40355,0.004520049283154122,48,155,"[240, 240, 155]","[1.0, 1.0, 1.0]"
BraTS-GLI-00290-000,118394,0.013260976702508961,61,155,"[240, 240, 155]","[1.0, 1.0, 1.0]"
BraTS-GLI-00291-000,57452,0.006435035842293907,81,155,"[240, 240, 155]","[1.0, 1.0, 1.0]"
BraTS-GLI-00292-000,37429,0.004192316308243727,56,155,"[240, 240, 155]","[1.0, 1.0, 1.0]"
BraTS-GLI-00293-000,34459,0.003859655017921147,49,155,"[240, 240, 155]","[1.0, 1.0, 1.0]"
BraTS-GLI-00294-000,148942,0.016682571684587814,84,155,"[240, 240, 155]","[1.0, 1.0, 1.0]"
BraTS-GLI-00296-000,33412,0.0037423835125448028,46,155,"[240, 240, 155]","[1.0, 1.0, 1.0]"
BraTS-GLI-00297-000,92405,0.010350022401433692,68,155,"[240, 240, 155]","[1.0, 1.0, 1.0]"
BraTS-GLI-00298-000,27849,0.003119287634408602,51,155,"[240, 240, 155]","[1.0, 1.0, 1.0]"
BraTS-GLI-00299-000,59335,0.006645945340501792,69,155,"[240, 240, 155]","[1.0, 1.0, 1.0]"
BraTS-GLI-00300-000,169685,0.019005936379928316,80,155,"[240, 240, 155]","[1.0, 1.0, 1.0]"
BraTS-GLI-00301-000,75163,0.008418794802867384,59,155,"[240, 240, 155]","[1.0, 1.0, 1.0]"
BraTS-GLI-00303-000,113040,0.012661290322580645,71,155,"[240, 240, 155]","[1.0, 1.0, 1.0]"
BraTS-GLI-00304-000,155834,0.017454525089605735,77,155,"[240, 240, 155]","[1.0, 1.0, 1.0]"
BraTS-GLI-00305-000,57981,0.0064942876344086025,65,155,"[240, 240, 155]","[1.0, 1.0, 1.0]"
BraTS-GLI-00306-000,62840,0.007038530465949821,48,155,"[240, 240, 155]","[1.0, 1.0, 1.0]"
BraTS-GLI-00309-000,42154,0.004721550179211469,51,155,"[240, 240, 155]","[1.0, 1.0, 1.0]"
BraTS-GLI-00310-000,97205,0.010887656810035843,80,155,"[240, 240, 155]","[1.0, 1.0, 1.0]"
BraTS-GLI-00311-000,19464,0.0021801075268817202,41,155,"[240, 240, 155]","[1.0, 1.0, 1.0]"
BraTS-GLI-00312-000,122547,0.01372614247311828,66,155,"[240, 240, 155]","[1.0, 1.0, 1.0]"
BraTS-GLI-00313-000,36221,0.00405701164874552,61,155,"[240, 240, 155]","[1.0, 1.0, 1.0]"
BraTS-GLI-00314-000,22211,0.0024877912186379927,40,155,"[240, 240, 155]","[1.0, 1.0, 1.0]"
BraTS-GLI-00316-000,35375,0.00396225358422939,57,155,"[240, 240, 155]","[1.0, 1.0, 1.0]"
BraTS-GLI-00317-000,57894,0.006484543010752688,63,155,"[240, 240, 155]","[1.0, 1.0, 1.0]"
BraTS-GLI-00318-000,171454,0.0192040770609319,71,155,"[240, 240, 155]","[1.0, 1.0, 1.0]"
BraTS-GLI-00320-000,39411,0.004414314516129033,54,155,"[240, 240, 155]","[1.0, 1.0, 1.0]"
BraTS-GLI-00321-000,20752,0.0023243727598566306,47,155,"[240, 240, 155]","[1.0, 1.0, 1.0]"
BraTS-GLI-00322-000,148914,0.016679435483870967,70,155,"[240, 240, 155]","[1.0, 1.0, 1.0]"
BraTS-GLI-00324-000,83418,0.009343413978494624,76,155,"[240, 240, 155]","[1.0, 1.0, 1.0]"
BraTS-GLI-00325-000,139507,0.01562578405017921,79,155,"[240, 240, 155]","[1.0, 1.0, 1.0]"
BraTS-GLI-00327-000,98456,0.011027777777777777,66,155,"[240, 240, 155]","[1.0, 1.0, 1.0]"
BraTS-GLI-00328-000,57075,0.006392809139784946,56,155,"[240, 240, 155]","[1.0, 1.0, 1.0]"
BraTS-GLI-00329-000,24992,0.0027992831541218638,45,155,"[240, 240, 155]","[1.0, 1.0, 1.0]"
BraTS-GLI-00331-000,26806,0.0030024641577060932,42,155,"[240, 240, 155]","[1.0, 1.0, 1.0]"
BraTS-GLI-00332-000,37115,0.0041571460573476705,44,155,"[240, 240, 155]","[1.0, 1.0, 1.0]"
BraTS-GLI-00334-000,48049,0.005381832437275986,51,155,"[240, 240, 155]","[1.0, 1.0, 1.0]"
BraTS-GLI-00336-000,145124,0.016254928315412188,74,155,"[240, 240, 155]","[1.0, 1.0, 1.0]"
BraTS-GLI-00338-000,113856,0.01275268817204301,80,155,"[240, 240, 155]","[1.0, 1.0, 1.0]"
BraTS-GLI-00339-000,84444,0.009458333333333332,69,155,"[240, 240, 155]","[1.0, 1.0, 1.0]"
BraTS-GLI-00340-000,33006,0.003696908602150538,69,155,"[240, 240, 155]","[1.0, 1.0, 1.0]"
BraTS-GLI-00341-000,24867,0.002785282258064516,51,155,"[240, 240, 155]","[1.0, 1.0, 1.0]"
BraTS-GLI-00343-000,30642,0.0034321236559139785,58,155,"[240, 240, 155]","[1.0, 1.0, 1.0]"
BraTS-GLI-00344-000,36937,0.004137208781362007,42,155,"[240, 240, 155]","[1.0, 1.0, 1.0]"
BraTS-GLI-00346-000,39610,0.004436603942652329,49,155,"[240, 240, 155]","[1.0, 1.0, 1.0]"
BraTS-GLI-00347-000,87535,0.009804547491039426,71,155,"[240, 240, 155]","[1.0, 1.0, 1.0]"
BraTS-GLI-00348-000,21929,0.0024562051971326166,38,155,"[240, 240, 155]","[1.0, 1.0, 1.0]"
BraTS-GLI-00349-000,90889,0.01018021953405018,59,155,"[240, 240, 155]","[1.0, 1.0, 1.0]"
BraTS-GLI-00350-000,60060,0.006727150537634409,54,155,"[240, 240, 155]","[1.0, 1.0, 1.0]"
BraTS-GLI-00351-000,103101,0.011548051075268817,72,155,"[240, 240, 155]","[1.0, 1.0, 1.0]"
BraTS-GLI-00352-000,44170,0.004947356630824373,50,155,"[240, 240, 155]","[1.0, 1.0, 1.0]"
BraTS-GLI-00353-000,79512,0.008905913978494624,62,155,"[240, 240, 155]","[1.0, 1.0, 1.0]"
BraTS-GLI-00356-000,34797,0.003897513440860215,43,155,"[240, 240, 155]","[1.0, 1.0, 1.0]"
BraTS-GLI-00359-000,77401,0.008669466845878136,71,155,"[240, 240, 155]","[1.0, 1.0, 1.0]"
BraTS-GLI-00360-000,78394,0.008780689964157706,78,155,"[240, 240, 155]","[1.0, 1.0, 1.0]"
BraTS-GLI-00364-000,74666,0.008363127240143368,55,155,"[240, 240, 155]","[1.0, 1.0, 1.0]"
BraTS-GLI-00366-000,102847,0.011519601254480287,55,155,"[240, 240, 155]","[1.0, 1.0, 1.0]"
BraTS-GLI-00367-000,87782,0.009832213261648745,80,155,"[240, 240, 155]","[1.0, 1.0, 1.0]"
BraTS-GLI-00369-000,197633,0.022136312724014336,78,155,"[240, 240, 155]","[1.0, 1.0, 1.0]"
BraTS-GLI-00370-000,78083,0.008745855734767025,69,155,"[240, 240, 155]","[1.0, 1.0, 1.0]"
BraTS-GLI-00371-000,83820,0.009388440860215053,82,155,"[240, 240, 155]","[1.0, 1.0, 1.0]"
BraTS-GLI-00373-000,17892,0.002004032258064516,30,155,"[240, 240, 155]","[1.0, 1.0, 1.0]"
BraTS-GLI-00375-000,149897,0.01678953853046595,81,155,"[240, 240, 155]","[1.0, 1.0, 1.0]"
BraTS-GLI-00376-000,34854,0.0039038978494623654,50,155,"[240, 240, 155]","[1.0, 1.0, 1.0]"
BraTS-GLI-00377-000,30602,0.0034276433691756273,56,155,"[240, 240, 155]","[1.0, 1.0, 1.0]"
BraTS-GLI-00378-000,38093,0.004266689068100358,54,155,"[240, 240, 155]","[1.0, 1.0, 1.0]"
BraTS-GLI-00379-000,22733,0.0025462589605734767,38,155,"[240, 240, 155]","[1.0, 1.0, 1.0]"
BraTS-GLI-00380-000,9427,0.0010558915770609318,32,155,"[240, 240, 155]","[1.0, 1.0, 1.0]"
BraTS-GLI-00382-000,53436,0.005985215053763441,53,155,"[240, 240, 155]","[1.0, 1.0, 1.0]"
BraTS-GLI-00383-000,89335,0.010006160394265233,64,155,"[240, 240, 155]","[1.0, 1.0, 1.0]"
BraTS-GLI-00386-000,72844,0.00815905017921147,50,155,"[240, 240, 155]","[1.0, 1.0, 1.0]"
BraTS-GLI-00387-000,19476,0.0021814516129032256,66,155,"[240, 240, 155]","[1.0, 1.0, 1.0]"
BraTS-GLI-00388-000,183696,0.0205752688172043,90,155,"[240, 240, 155]","[1.0, 1.0, 1.0]"
BraTS-GLI-00389-000,16585,0.001857638888888889,34,155,"[240, 240, 155]","[1.0, 1.0, 1.0]"
BraTS-GLI-00390-000,17056,0.0019103942652329748,56,155,"[240, 240, 155]","[1.0, 1.0, 1.0]"
BraTS-GLI-00391-000,82780,0.009271953405017921,71,155,"[240, 240, 155]","[1.0, 1.0, 1.0]"
BraTS-GLI-00392-000,47590,0.005330421146953405,54,155,"[240, 240, 155]","[1.0, 1.0, 1.0]"
BraTS-GLI-00395-000,102344,0.01146326164874552,69,155,"[240, 240, 155]","[1.0, 1.0, 1.0]"
BraTS-GLI-00397-000,159590,0.01787522401433692,81,155,"[240, 240, 155]","[1.0, 1.0, 1.0]"
BraTS-GLI-00399-000,65222,0.007305331541218638,53,155,"[240, 240, 155]","[1.0, 1.0, 1.0]"
BraTS-GLI-00400-000,209795,0.023498543906810037,85,155,"[240, 240, 155]","[1.0, 1.0, 1.0]"
BraTS-GLI-00401-000,137477,0.015398409498207885,60,155,"[240, 240, 155]","[1.0, 1.0, 1.0]"
BraTS-GLI-00402-000,231389,0.025917226702508962,99,155,"[240, 240, 155]","[1.0, 1.0, 1.0]"
BraTS-GLI-00403-000,35546,0.003981406810035842,38,155,"[240, 240, 155]","[1.0, 1.0, 1.0]"
BraTS-GLI-00404-000,148743,0.016660282258064516,78,155,"[240, 240, 155]","[1.0, 1.0, 1.0]"
BraTS-GLI-00405-000,143322,0.016053091397849464,71,155,"[240, 240, 155]","[1.0, 1.0, 1.0]"
BraTS-GLI-00406-000,69772,0.007814964157706094,66,155,"[240, 240, 155]","[1.0, 1.0, 1.0]"
BraTS-GLI-00407-000,121570,0.01361671146953405,86,155,"[240, 240, 155]","[1.0, 1.0, 1.0]"
BraTS-GLI-00409-000,120207,0.013464045698924731,79,155,"[240, 240, 155]","[1.0, 1.0, 1.0]"
BraTS-GLI-00410-000,51838,0.005806227598566308,73,155,"[240, 240, 155]","[1.0, 1.0, 1.0]"
BraTS-GLI-00412-000,50946,0.005706317204301075,54,155,"[240, 240, 155]","[1.0, 1.0, 1.0]"
BraTS-GLI-00413-000,90459,0.010132056451612904,69,155,"[240, 240, 155]","[1.0, 1.0, 1.0]"
BraTS-GLI-00414-000,106502,0.011928987455197132,68,155,"[240, 240, 155]","[1.0, 1.0, 1.0]"
BraTS-GLI-00416-000,206933,0.023177979390681003,90,155,"[240, 240, 155]","[1.0, 1.0, 1.0]"
BraTS-GLI-00417-000,189011,0.021170586917562725,71,155,"[240, 240, 155]","[1.0, 1.0, 1.0]"
BraTS-GLI-00418-000,174308,0.01952374551971326,87,155,"[240, 240, 155]","[1.0, 1.0, 1.0]"
BraTS-GLI-00419-000,32190,0.003605510752688172,50,155,"[240, 240, 155]","[1.0, 1.0, 1.0]"
BraTS-GLI-00421-000,126305,0.014147065412186379,75,155,"[240, 240, 155]","[1.0, 1.0, 1.0]"
BraTS-GLI-00423-000,58458,0.006547715053763441,75,155,"[240, 240, 155]","[1.0, 1.0, 1.0]"
BraTS-GLI-00425-000,25776,0.0028870967741935483,40,155,"[240, 240, 155]","[1.0, 1.0, 1.0]"
BraTS-GLI-00426-000,147051,0.01647076612903226,73,155,"[240, 240, 155]","[1.0, 1.0, 1.0]"
BraTS-GLI-00429-000,139567,0.01563250448028674,79,155,"[240, 240, 155]","[1.0, 1.0, 1.0]"
BraTS-GLI-00430-000,66852,0.007487903225806451,71,155,"[240, 240, 155]","[1.0, 1.0, 1.0]"
BraTS-GLI-00431-000,17486,0.0019585573476702508,45,155,"[240, 240, 155]","[1.0, 1.0, 1.0]"
BraTS-GLI-00432-000,176116,0.01972625448028674,85,155,"[240, 240, 155]","[1.0, 1.0, 1.0]"
BraTS-GLI-00433-000,33635,0.003767361111111111,40,155,"[240, 240, 155]","[1.0, 1.0, 1.0]"
BraTS-GLI-00436-000,113358,0.012696908602150538,64,155,"[240, 240, 155]","[1.0, 1.0, 1.0]"
BraTS-GLI-00440-000,94051,0.010534386200716846,78,155,"[240, 240, 155]","[1.0, 1.0, 1.0]"
BraTS-GLI-00441-000,44235,0.004954637096774193,42,155,"[240, 240, 155]","[1.0, 1.0, 1.0]"
BraTS-GLI-00442-000,44986,0.005038754480286739,52,155,"[240, 240, 155]","[1.0, 1.0, 1.0]"
BraTS-GLI-00443-000,104055,0.011654905913978495,79,155,"[240, 240, 155]","[1.0, 1.0, 1.0]"
BraTS-GLI-00444-000,20466,0.0022923387096774194,47,155,"[240, 240, 155]","[1.0, 1.0, 1.0]"
BraTS-GLI-00445-000,153071,0.01714504928315412,85,155,"[240, 240, 155]","[1.0, 1.0, 1.0]"
BraTS-GLI-00446-000,216245,0.024220990143369175,81,155,"[240, 240, 155]","[1.0, 1.0, 1.0]"
BraTS-GLI-00448-000,89503,0.010024977598566309,77,155,"[240, 240, 155]","[1.0, 1.0, 1.0]"
BraTS-GLI-00449-000,220576,0.024706093189964157,97,155,"[240, 240, 155]","[1.0, 1.0, 1.0]"
BraTS-GLI-00451-000,146440,0.016402329749103942,65,155,"[240, 240, 155]","[1.0, 1.0, 1.0]"
BraTS-GLI-00452-000,157089,0.017595094086021505,84,155,"[240, 240, 155]","[1.0, 1.0, 1.0]"
BraTS-GLI-00453-000,71632,0.008023297491039427,68,155,"[240, 240, 155]","[1.0, 1.0, 1.0]"
BraTS-GLI-00454-000,157414,0.01763149641577061,77,155,"[240, 240, 155]","[1.0, 1.0, 1.0]"
BraTS-GLI-00455-000,113630,0.012727374551971326,58,155,"[240, 240, 155]","[1.0, 1.0, 1.0]"
BraTS-GLI-00456-000,192199,0.021527665770609317,82,155,"[240, 240, 155]","[1.0, 1.0, 1.0]"
BraTS-GLI-00457-000,83563,0.009359655017921147,64,155,"[240, 240, 155]","[1.0, 1.0, 1.0]"
BraTS-GLI-00459-000,79454,0.008899417562724015,57,155,"[240, 240, 155]","[1.0, 1.0, 1.0]"
BraTS-GLI-00464-000,12993,0.0014553091397849463,30,155,"[240, 240, 155]","[1.0, 1.0, 1.0]"
BraTS-GLI-00464-001,10719,0.0012006048387096775,28,155,"[240, 240, 155]","[1.0, 1.0, 1.0]"
BraTS-GLI-00466-000,138631,0.015527665770609319,69,155,"[240, 240, 155]","[1.0, 1.0, 1.0]"
BraTS-GLI-00468-000,174309,0.01952385752688172,83,155,"[240, 240, 155]","[1.0, 1.0, 1.0]"
BraTS-GLI-00469-000,81746,0.009156137992831541,52,155,"[240, 240, 155]","[1.0, 1.0, 1.0]"
BraTS-GLI-00469-001,76718,0.008592965949820789,55,155,"[240, 240, 155]","[1.0, 1.0, 1.0]"
BraTS-GLI-00470-000,104795,0.011737791218637992,68,155,"[240, 240, 155]","[1.0, 1.0, 1.0]"
BraTS-GLI-00472-000,80450,0.009010976702508961,63,155,"[240, 240, 155]","[1.0, 1.0, 1.0]"
BraTS-GLI-00477-000,193116,0.02163037634408602,90,155,"[240, 240, 155]","[1.0, 1.0, 1.0]"
BraTS-GLI-00477-001,193014,0.021618951612903226,96,155,"[240, 240, 155]","[1.0, 1.0, 1.0]"
BraTS-GLI-00478-000,81208,0.009095878136200717,61,155,"[240, 240, 155]","[1.0, 1.0, 1.0]"
BraTS-GLI-00478-001,126241,0.014139896953405017,67,155,"[240, 240, 155]","[1.0, 1.0, 1.0]"
BraTS-GLI-00479-000,45021,0.005042674731182795,43,155,"[240, 240, 155]","[1.0, 1.0, 1.0]"
BraTS-GLI-00479-001,77802,0.008714381720430108,62,155,"[240, 240, 155]","[1.0, 1.0, 1.0]"
BraTS-GLI-00480-000,84681,0.009484879032258064,73,155,"[240, 240, 155]","[1.0, 1.0, 1.0]"
BraTS-GLI-00480-001,107398,0.012029345878136201,88,155,"[240, 240, 155]","[1.0, 1.0, 1.0]"
BraTS-GLI-00481-000,148597,0.016643929211469535,80,155,"[240, 240, 155]","[1.0, 1.0, 1.0]"
BraTS-GLI-00481-001,165600,0.018548387096774192,74,155,"[240, 240, 155]","[1.0, 1.0, 1.0]"
BraTS-GLI-00483-000,174946,0.019595206093189963,84,155,"[240, 240, 155]","[1.0, 1.0, 1.0]"
BraTS-GLI-00483-001,182662,0.02045945340501792,82,155,"[240, 240, 155]","[1.0, 1.0, 1.0]"
BraTS-GLI-00485-000,29563,0.0033112679211469535,53,155,"[240, 240, 155]","[1.0, 1.0, 1.0]"
BraTS-GLI-00485-001,39457,0.004419466845878136,50,155,"[240, 240, 155]","[1.0, 1.0, 1.0]"
BraTS-GLI-00488-000,55818,0.006252016129032258,60,155,"[240, 240, 155]","[1.0, 1.0, 1.0]"
BraTS-GLI-00491-000,99834,0.011182123655913978,65,155,"[240, 240, 155]","[1.0, 1.0, 1.0]"
BraTS-GLI-00491-001,97063,0.010871751792114696,71,155,"[240, 240, 155]","[1.0, 1.0, 1.0]"
BraTS-GLI-00493-000,34451,0.0038587589605734766,41,155,"[240, 240, 155]","[1.0, 1.0, 1.0]"
BraTS-GLI-00494-000,174350,0.01952844982078853,84,155,"[240, 240, 155]","[1.0, 1.0, 1.0]"
BraTS-GLI-00494-001,118353,0.01325638440860215,63,155,"[240, 240, 155]","[1.0, 1.0, 1.0]"
BraTS-GLI-00495-000,99302,0.011122535842293908,70,155,"[240, 240, 155]","[1.0, 1.0, 1.0]"
BraTS-GLI-00495-001,97215,0.01088877688172043,68,155,"[240, 240, 155]","[1.0, 1.0, 1.0]"
BraTS-GLI-00496-000,45528,0.005099462365591398,42,155,"[240, 240, 155]","[1.0, 1.0, 1.0]"
BraTS-GLI-00498-000,120263,0.013470318100358423,69,155,"[240, 240, 155]","[1.0, 1.0, 1.0]"
BraTS-GLI-00498-001,102466,0.01147692652329749,58,155,"[240, 240, 155]","[1.0, 1.0, 1.0]"
BraTS-GLI-00499-000,105926,0.011864471326164874,74,155,"[240, 240, 155]","[1.0, 1.0, 1.0]"
BraTS-GLI-00499-001,144798,0.016218413978494623,87,155,"[240, 240, 155]","[1.0, 1.0, 1.0]"
BraTS-GLI-00500-000,55083,0.006169690860215054,60,155,"[240, 240, 155]","[1.0, 1.0, 1.0]"
BraTS-GLI-00500-001,61602,0.00689986559139785,66,155,"[240, 240, 155]","[1.0, 1.0, 1.0]"
BraTS-GLI-00501-000,194150,0.0217461917562724,82,155,"[240, 240, 155]","[1.0, 1.0, 1.0]"
BraTS-GLI-00502-000,95547,0.010701948924731183,56,155,"[240, 240, 155]","[1.0, 1.0, 1.0]"
BraTS-GLI-00502-001,76681,0.008588821684587813,61,155,"[240, 240, 155]","[1.0, 1.0, 1.0]"
BraTS-GLI-00504-000,107860,0.012081093189964158,64,155,"[240, 240, 155]","[1.0, 1.0, 1.0]"
BraTS-GLI-00505-000,86824,0.009724910394265233,68,155,"[240, 240, 155]","[1.0, 1.0, 1.0]"
BraTS-GLI-00506-000,88284,0.009888440860215054,67,155,"[240, 240, 155]","[1.0, 1.0, 1.0]"
BraTS-GLI-00507-000,161571,0.018097110215053763,75,155,"[240, 240, 155]","[1.0, 1.0, 1.0]"
BraTS-GLI-00510-000,100941,0.01130611559139785,66,155,"[240, 240, 155]","[1.0, 1.0, 1.0]"
BraTS-GLI-00510-001,45293,0.0050731406810035845,46,155,"[240, 240, 155]","[1.0, 1.0, 1.0]"
BraTS-GLI-00511-000,90377,0.010122871863799282,55,155,"[240, 240, 155]","[1.0, 1.0, 1.0]"
BraTS-GLI-00511-001,144999,0.016240927419354838,66,155,"[240, 240, 155]","[1.0, 1.0, 1.0]"
BraTS-GLI-00512-000,163802,0.018346998207885306,87,155,"[240, 240, 155]","[1.0, 1.0, 1.0]"
BraTS-GLI-00513-000,182435,0.020434027777777777,80,155,"[240, 240, 155]","[1.0, 1.0, 1.0]"
BraTS-GLI-00514-000,40350,0.004519489247311828,60,155,"[240, 240, 155]","[1.0, 1.0, 1.0]"
BraTS-GLI-00514-001,120053,0.01344679659498208,92,155,"[240, 240, 155]","[1.0, 1.0, 1.0]"
BraTS-GLI-00516-000,172508,0.019322132616487454,79,155,"[240, 240, 155]","[1.0, 1.0, 1.0]"
BraTS-GLI-00517-000,142604,0.01597267025089606,73,155,"[240, 240, 155]","[1.0, 1.0, 1.0]"
BraTS-GLI-00517-001,161682,0.01810954301075269,76,155,"[240, 240, 155]","[1.0, 1.0, 1.0]"
BraTS-GLI-00518-000,56315,0.006307683691756273,47,155,"[240, 240, 155]","[1.0, 1.0, 1.0]"
BraTS-GLI-00518-001,71796,0.008041666666666667,53,155,"[240, 240, 155]","[1.0, 1.0, 1.0]"
BraTS-GLI-00519-000,63558,0.007118951612903226,60,155,"[240, 240, 155]","[1.0, 1.0, 1.0]"
BraTS-GLI-00520-000,41030,0.0045956541218638,46,155,"[240, 240, 155]","[1.0, 1.0, 1.0]"
BraTS-GLI-00520-001,51036,0.005716397849462366,49,155,"[240, 240, 155]","[1.0, 1.0, 1.0]"
BraTS-GLI-00523-000,55808,0.006250896057347671,61,155,"[240, 240, 155]","[1.0, 1.0, 1.0]"
BraTS-GLI-00524-000,79757,0.008933355734767025,61,155,"[240, 240, 155]","[1.0, 1.0, 1.0]"
BraTS-GLI-00525-000,95198,0.010662858422939068,62,155,"[240, 240, 155]","[1.0, 1.0, 1.0]"
BraTS-GLI-00525-001,103083,0.01154603494623656,66,155,"[240, 240, 155]","[1.0, 1.0, 1.0]"
BraTS-GLI-00526-000,162816,0.018236559139784947,82,155,"[240, 240, 155]","[1.0, 1.0, 1.0]"
BraTS-GLI-00528-000,226720,0.02539426523297491,99,155,"[240, 240, 155]","[1.0, 1.0, 1.0]"
BraTS-GLI-00529-000,55142,0.006176299283154122,51,155,"[240, 240, 155]","[1.0, 1.0, 1.0]"
BraTS-GLI-00530-000,8224,0.0009211469534050179,31,155,"[240, 240, 155]","[1.0, 1.0, 1.0]"
BraTS-GLI-00532-000,169057,0.018935595878136202,64,155,"[240, 240, 155]","[1.0, 1.0, 1.0]"
BraTS-GLI-00533-000,76259,0.008541554659498208,67,155,"[240, 240, 155]","[1.0, 1.0, 1.0]"
BraTS-GLI-00537-000,93399,0.01046135752688172,74,155,"[240, 240, 155]","[1.0, 1.0, 1.0]"
BraTS-GLI-00538-000,211565,0.02369679659498208,79,155,"[240, 240, 155]","[1.0, 1.0, 1.0]"
BraTS-GLI-00539-000,131085,0.014682459677419355,78,155,"[240, 240, 155]","[1.0, 1.0, 1.0]"
BraTS-GLI-00540-000,12486,0.001398521505376344,32,155,"[240, 240, 155]","[1.0, 1.0, 1.0]"
BraTS-GLI-00540-001,8067,0.0009035618279569892,26,155,"[240, 240, 155]","[1.0, 1.0, 1.0]"
BraTS-GLI-00542-000,86504,0.009689068100358423,64,155,"[240, 240, 155]","[1.0, 1.0, 1.0]"
BraTS-GLI-00543-000,120390,0.013484543010752689,69,155,"[240, 240, 155]","[1.0, 1.0, 1.0]"
BraTS-GLI-00544-000,28250,0.0031642025089605734,51,155,"[240, 240, 155]","[1.0, 1.0, 1.0]"
BraTS-GLI-00544-001,52300,0.005857974910394265,56,155,"[240, 240, 155]","[1.0, 1.0, 1.0]"
BraTS-GLI-00545-000,73286,0.00820855734767025,59,155,"[240, 240, 155]","[1.0, 1.0, 1.0]"
BraTS-GLI-00545-001,79736,0.00893100358422939,54,155,"[240, 240, 155]","[1.0, 1.0, 1.0]"
BraTS-GLI-00547-000,33760,0.003781362007168459,51,155,"[240, 240, 155]","[1.0, 1.0, 1.0]"
BraTS-GLI-00547-001,63086,0.007066084229390681,52,155,"[240, 240, 155]","[1.0, 1.0, 1.0]"
BraTS-GLI-00548-000,224828,0.025182347670250897,90,155,"[240, 240, 155]","[1.0, 1.0, 1.0]"
BraTS-GLI-00548-001,206475,0.023126680107526883,86,155,"[240, 240, 155]","[1.0, 1.0, 1.0]"
BraTS-GLI-00549-000,107095,0.01199540770609319,71,155,"[240, 240, 155]","[1.0, 1.0, 1.0]"
BraTS-GLI-00549-001,163568,0.01832078853046595,76,155,"[240, 240, 155]","[1.0, 1.0, 1.0]"
BraTS-GLI-00550-000,30840,0.003454301075268817,43,155,"[240, 240, 155]","[1.0, 1.0, 1.0]"
BraTS-GLI-00550-001,40469,0.004532818100358423,46,155,"[240, 240, 155]","[1.0, 1.0, 1.0]"
BraTS-GLI-00551-000,110130,0.012335349462365591,76,155,"[240, 240, 155]","[1.0, 1.0, 1.0]"
BraTS-GLI-00552-000,146010,0.016354166666666666,75,155,"[240, 240, 155]","[1.0, 1.0, 1.0]"
BraTS-GLI-00552-001,96851,0.010848006272401433,67,155,"[240, 240, 155]","[1.0, 1.0, 1.0]"
BraTS-GLI-00554-000,142355,0.01594478046594982,68,155,"[240, 240, 155]","[1.0, 1.0, 1.0]"
BraTS-GLI-00555-000,44554,0.0049903673835125445,51,155,"[240, 240, 155]","[1.0, 1.0, 1.0]"
BraTS-GLI-00555-001,31609,0.00354043458781362,47,155,"[240, 240, 155]","[1.0, 1.0, 1.0]"
BraTS-GLI-00556-000,118042,0.013221550179211469,59,155,"[240, 240, 155]","[1.0, 1.0, 1.0]"
BraTS-GLI-00556-001,91019,0.010194780465949821,61,155,"[240, 240, 155]","[1.0, 1.0, 1.0]"
BraTS-GLI-00557-000,45507,0.005097110215053763,43,155,"[240, 240, 155]","[1.0, 1.0, 1.0]"
BraTS-GLI-00558-000,189258,0.021198252688172044,78,155,"[240, 240, 155]","[1.0, 1.0, 1.0]"
BraTS-GLI-00558-001,246036,0.02755779569892473,82,155,"[240, 240, 155]","[1.0, 1.0, 1.0]"
BraTS-GLI-00559-000,158833,0.01779043458781362,101,155,"[240, 240, 155]","[1.0, 1.0, 1.0]"
BraTS-GLI-00559-001,205436,0.02301030465949821,94,155,"[240, 240, 155]","[1.0, 1.0, 1.0]"
BraTS-GLI-00561-000,142810,0.015995743727598568,94,155,"[240, 240, 155]","[1.0, 1.0, 1.0]"
BraTS-GLI-00563-000,116530,0.013052195340501793,70,155,"[240, 240, 155]","[1.0, 1.0, 1.0]"
BraTS-GLI-00565-000,83290,0.0093290770609319,72,155,"[240, 240, 155]","[1.0, 1.0, 1.0]"
BraTS-GLI-00567-000,42636,0.004775537634408602,54,155,"[240, 240, 155]","[1.0, 1.0, 1.0]"
BraTS-GLI-00568-000,224832,0.02518279569892473,102,155,"[240, 240, 155]","[1.0, 1.0, 1.0]"
BraTS-GLI-00569-000,147861,0.016561491935483872,71,155,"[240, 240, 155]","[1.0, 1.0, 1.0]"
BraTS-GLI-00570-000,59342,0.006646729390681004,45,155,"[240, 240, 155]","[1.0, 1.0, 1.0]"
BraTS-GLI-00571-000,46230,0.005178091397849463,44,155,"[240, 240, 155]","[1.0, 1.0, 1.0]"
BraTS-GLI-00572-000,83463,0.009348454301075268,66,155,"[240, 240, 155]","[1.0, 1.0, 1.0]"
BraTS-GLI-00574-000,98996,0.01108826164874552,68,155,"[240, 240, 155]","[1.0, 1.0, 1.0]"
BraTS-GLI-00575-000,120374,0.013482750896057348,67,155,"[240, 240, 155]","[1.0, 1.0, 1.0]"
BraTS-GLI-00576-000,79080,0.00885752688172043,52,155,"[240, 240, 155]","[1.0, 1.0, 1.0]"
BraTS-GLI-00577-000,111967,0.012541106630824373,81,155,"[240, 240, 155]","[1.0, 1.0, 1.0]"
BraTS-GLI-00578-000,173764,0.019462813620071684,60,155,"[240, 240, 155]","[1.0, 1.0, 1.0]"
BraTS-GLI-00579-000,107675,0.012060371863799282,83,155,"[240, 240, 155]","[1.0, 1.0, 1.0]"
BraTS-GLI-00580-000,157326,0.017621639784946238,67,155,"[240, 240, 155]","[1.0, 1.0, 1.0]"
BraTS-GLI-00581-000,138460,0.015508512544802868,68,155,"[240, 240, 155]","[1.0, 1.0, 1.0]"
BraTS-GLI-00582-000,51782,0.0057999551971326165,57,155,"[240, 240, 155]","[1.0, 1.0, 1.0]"
BraTS-GLI-00583-000,158379,0.017739583333333333,75,155,"[240, 240, 155]","[1.0, 1.0, 1.0]"
BraTS-GLI-00584-000,12470,0.0013967293906810036,29,155,"[240, 240, 155]","[1.0, 1.0, 1.0]"
BraTS-GLI-00586-000,105016,0.011762544802867383,78,155,"[240, 240, 155]","[1.0, 1.0, 1.0]"
BraTS-GLI-00587-000,150203,0.01682381272401434,74,155,"[240, 240, 155]","[1.0, 1.0, 1.0]"
BraTS-GLI-00588-000,95788,0.01072894265232975,82,155,"[240, 240, 155]","[1.0, 1.0, 1.0]"
BraTS-GLI-00589-000,98512,0.011034050179211469,51,155,"[240, 240, 155]","[1.0, 1.0, 1.0]"
BraTS-GLI-00590-000,107935,0.012089493727598566,78,155,"[240, 240, 155]","[1.0, 1.0, 1.0]"
BraTS-GLI-00591-000,147383,0.016507952508960574,80,155,"[240, 240, 155]","[1.0, 1.0, 1.0]"
BraTS-GLI-00593-000,85112,0.009533154121863799,64,155,"[240, 240, 155]","[1.0, 1.0, 1.0]"
BraTS-GLI-00594-000,77740,0.008707437275985663,62,155,"[240, 240, 155]","[1.0, 1.0, 1.0]"
BraTS-GLI-00596-000,78584,0.008801971326164875,70,155,"[240, 240, 155]","[1.0, 1.0, 1.0]"
BraTS-GLI-00597-000,78549,0.008798051075268817,63,155,"[240, 240, 155]","[1.0, 1.0, 1.0]"
BraTS-GLI-00598-000,98011,0.01097793458781362,72,155,"[240, 240, 155]","[1.0, 1.0, 1.0]"
BraTS-GLI-00599-000,111614,0.012501568100358422,65,155,"[240, 240, 155]","[1.0, 1.0, 1.0]"
BraTS-GLI-00601-000,85980,0.009630376344086021,58,155,"[240, 240, 155]","[1.0, 1.0, 1.0]"
BraTS-GLI-00602-000,36091,0.004042450716845878,45,155,"[240, 240, 155]","[1.0, 1.0, 1.0]"
BraTS-GLI-00602-001,32098,0.003595206093189964,53,155,"[240, 240, 155]","[1.0, 1.0, 1.0]"
BraTS-GLI-00604-000,149786,0.016777105734767025,62,155,"[240, 240, 155]","[1.0, 1.0, 1.0]"
BraTS-GLI-00605-000,252294,0.028258736559139786,88,155,"[240, 240, 155]","[1.0, 1.0, 1.0]"
BraTS-GLI-00606-000,177191,0.01984666218637993,81,155,"[240, 240, 155]","[1.0, 1.0, 1.0]"
BraTS-GLI-00607-000,91128,0.010206989247311829,90,155,"[240, 240, 155]","[1.0, 1.0, 1.0]"
BraTS-GLI-00607-001,97705,0.010943660394265232,100,155,"[240, 240, 155]","[1.0, 1.0, 1.0]"
BraTS-GLI-00608-000,107636,0.012056003584229391,62,155,"[240, 240, 155]","[1.0, 1.0, 1.0]"
BraTS-GLI-00608-001,115676,0.012956541218637993,63,155,"[240, 240, 155]","[1.0, 1.0, 1.0]"
BraTS-GLI-00610-000,70246,0.007868055555555555,76,155,"[240, 240, 155]","[1.0, 1.0, 1.0]"
BraTS-GLI-00610-001,73176,0.008196236559139786,86,155,"[240, 240, 155]","[1.0, 1.0, 1.0]"
BraTS-GLI-00611-000,89468,0.01002105734767025,63,155,"[240, 240, 155]","[1.0, 1.0, 1.0]"
BraTS-GLI-00611-001,88316,0.009892025089605735,64,155,"[240, 240, 155]","[1.0, 1.0, 1.0]"
BraTS-GLI-00612-000,149953,0.016795810931899642,74,155,"[240, 240, 155]","[1.0, 1.0, 1.0]"
BraTS-GLI-00612-001,54450,0.006098790322580645,48,155,"[240, 240, 155]","[1.0, 1.0, 1.0]"
BraTS-GLI-00613-000,77497,0.008680219534050179,66,155,"[240, 240, 155]","[1.0, 1.0, 1.0]"
BraTS-GLI-00613-001,59924,0.0067119175627240145,70,155,"[240, 240, 155]","[1.0, 1.0, 1.0]"
BraTS-GLI-00615-000,26577,0.0029768145161290322,37,155,"[240, 240, 155]","[1.0, 1.0, 1.0]"
BraTS-GLI-00616-000,132715,0.014865031362007168,72,155,"[240, 240, 155]","[1.0, 1.0, 1.0]"
BraTS-GLI-00618-000,101365,0.011353606630824372,48,155,"[240, 240, 155]","[1.0, 1.0, 1.0]"
BraTS-GLI-00619-000,128899,0.01443761200716846,80,155,"[240, 240, 155]","[1.0, 1.0, 1.0]"
BraTS-GLI-00619-001,24056,0.0026944444444444446,70,155,"[240, 240, 155]","[1.0, 1.0, 1.0]"
BraTS-GLI-00620-000,104718,0.011729166666666667,79,155,"[240, 240, 155]","[1.0, 1.0, 1.0]"
BraTS-GLI-00620-001,144593,0.016195452508960574,82,155,"[240, 240, 155]","[1.0, 1.0, 1.0]"
BraTS-GLI-00621-000,26835,0.0030057123655913977,63,155,"[240, 240, 155]","[1.0, 1.0, 1.0]"
BraTS-GLI-00622-000,35134,0.003935259856630824,43,155,"[240, 240, 155]","[1.0, 1.0, 1.0]"
BraTS-GLI-00623-000,165827,0.018573812724014337,63,155,"[240, 240, 155]","[1.0, 1.0, 1.0]"
BraTS-GLI-00624-000,75870,0.008497983870967741,57,155,"[240, 240, 155]","[1.0, 1.0, 1.0]"
BraTS-GLI-00625-000,153686,0.01721393369175627,85,155,"[240, 240, 155]","[1.0, 1.0, 1.0]"
BraTS-GLI-00626-000,20190,0.002261424731182796,38,155,"[240, 240, 155]","[1.0, 1.0, 1.0]"
BraTS-GLI-00628-000,55153,0.006177531362007168,65,155,"[240, 240, 155]","[1.0, 1.0, 1.0]"
BraTS-GLI-00630-000,61558,0.006894937275985663,62,155,"[240, 240, 155]","[1.0, 1.0, 1.0]"
BraTS-GLI-00630-001,115439,0.012929995519713262,85,155,"[240, 240, 155]","[1.0, 1.0, 1.0]"
BraTS-GLI-00631-000,127510,0.014282034050179212,73,155,"[240, 240, 155]","[1.0, 1.0, 1.0]"
BraTS-GLI-00636-000,31924,0.0035757168458781362,49,155,"[240, 240, 155]","[1.0, 1.0, 1.0]"
BraTS-GLI-00636-001,18151,0.0020330421146953406,46,155,"[240, 240, 155]","[1.0, 1.0, 1.0]"
BraTS-GLI-00638-000,142363,0.01594567652329749,104,155,"[240, 240, 155]","[1.0, 1.0, 1.0]"
BraTS-GLI-00639-000,44969,0.005036850358422939,44,155,"[240, 240, 155]","[1.0, 1.0, 1.0]"
BraTS-GLI-00640-000,106459,0.011924171146953405,71,155,"[240, 240, 155]","[1.0, 1.0, 1.0]"
BraTS-GLI-00641-000,33041,0.003700828853046595,40,155,"[240, 240, 155]","[1.0, 1.0, 1.0]"
BraTS-GLI-00641-001,35530,0.0039796146953405016,39,155,"[240, 240, 155]","[1.0, 1.0, 1.0]"
BraTS-GLI-00642-000,19538,0.0021883960573476705,44,155,"[240, 240, 155]","[1.0, 1.0, 1.0]"
BraTS-GLI-00645-000,17702,0.001982750896057348,51,155,"[240, 240, 155]","[1.0, 1.0, 1.0]"
BraTS-GLI-00645-001,20044,0.0022450716845878135,57,155,"[240, 240, 155]","[1.0, 1.0, 1.0]"
BraTS-GLI-00646-000,125195,0.014022737455197132,76,155,"[240, 240, 155]","[1.0, 1.0, 1.0]"
BraTS-GLI-00646-001,164161,0.01838720878136201,80,155,"[240, 240, 155]","[1.0, 1.0, 1.0]"
BraTS-GLI-00649-000,156968,0.017581541218637992,77,155,"[240, 240, 155]","[1.0, 1.0, 1.0]"
BraTS-GLI-00649-001,114495,0.012824260752688173,74,155,"[240, 240, 155]","[1.0, 1.0, 1.0]"
BraTS-GLI-00650-000,85611,0.009589045698924731,67,155,"[240, 240, 155]","[1.0, 1.0, 1.0]"
BraTS-GLI-00651-000,20108,0.0022522401433691754,41,155,"[240, 240, 155]","[1.0, 1.0, 1.0]"
BraTS-GLI-00652-000,181575,0.020337701612903224,70,155,"[240, 240, 155]","[1.0, 1.0, 1.0]"
BraTS-GLI-00654-000,97433,0.010913194444444444,94,155,"[240, 240, 155]","[1.0, 1.0, 1.0]"
BraTS-GLI-00654-001,102252,0.011452956989247311,93,155,"[240, 240, 155]","[1.0, 1.0, 1.0]"
BraTS-GLI-00655-000,145081,0.016250112007168457,96,155,"[240, 240, 155]","[1.0, 1.0, 1.0]"
BraTS-GLI-00655-001,148517,0.016634968637992832,94,155,"[240, 240, 155]","[1.0, 1.0, 1.0]"
BraTS-GLI-00656-000,125543,0.014061715949820789,103,155,"[240, 240, 155]","[1.0, 1.0, 1.0]"
BraTS-GLI-00657-000,245490,0.027496639784946236,87,155,"[240, 240, 155]","[1.0, 1.0, 1.0]"
BraTS-GLI-00658-000,71561,0.008015344982078853,61,155,"[240, 240, 155]","[1.0, 1.0, 1.0]"
BraTS-GLI-00659-000,30093,0.0033706317204301077,64,155,"[240, 240, 155]","[1.0, 1.0, 1.0]"
BraTS-GLI-00661-000,117203,0.013127576164874552,79,155,"[240, 240, 155]","[1.0, 1.0, 1.0]"
BraTS-GLI-00663-000,183583,0.020562612007168458,93,155,"[240, 240, 155]","[1.0, 1.0, 1.0]"
BraTS-GLI-00667-000,86605,0.009700380824372759,65,155,"[240, 240, 155]","[1.0, 1.0, 1.0]"
BraTS-GLI-00668-000,189207,0.021192540322580646,105,155,"[240, 240, 155]","[1.0, 1.0, 1.0]"
BraTS-GLI-00674-000,111652,0.012505824372759856,57,155,"[240, 240, 155]","[1.0, 1.0, 1.0]"
BraTS-GLI-00674-001,121123,0.013566644265232975,66,155,"[240, 240, 155]","[1.0, 1.0, 1.0]"
BraTS-GLI-00675-000,20026,0.0022430555555555554,31,155,"[240, 240, 155]","[1.0, 1.0, 1.0]"
BraTS-GLI-00675-001,7089,0.000794018817204301,29,155,"[240, 240, 155]","[1.0, 1.0, 1.0]"
BraTS-GLI-00676-000,76003,0.00851288082437276,81,155,"[240, 240, 155]","[1.0, 1.0, 1.0]"
BraTS-GLI-00676-001,61557,0.006894825268817204,61,155,"[240, 240, 155]","[1.0, 1.0, 1.0]"
BraTS-GLI-00677-000,181191,0.020294690860215053,80,155,"[240, 240, 155]","[1.0, 1.0, 1.0]"
BraTS-GLI-00679-000,173503,0.01943357974910394,89,155,"[240, 240, 155]","[1.0, 1.0, 1.0]"
BraTS-GLI-00680-000,72702,0.008143145161290322,62,155,"[240, 240, 155]","[1.0, 1.0, 1.0]"
BraTS-GLI-00680-001,62146,0.0069607974910394265,58,155,"[240, 240, 155]","[1.0, 1.0, 1.0]"
BraTS-GLI-00682-000,81790,0.009161066308243728,66,155,"[240, 240, 155]","[1.0, 1.0, 1.0]"
BraTS-GLI-00682-001,114032,0.012772401433691757,73,155,"[240, 240, 155]","[1.0, 1.0, 1.0]"
BraTS-GLI-00683-000,119693,0.013406474014336917,72,155,"[240, 240, 155]","[1.0, 1.0, 1.0]"
BraTS-GLI-00683-001,193540,0.021677867383512545,76,155,"[240, 240, 155]","[1.0, 1.0, 1.0]"
BraTS-GLI-00684-000,23329,0.0026130152329749104,52,155,"[240, 240, 155]","[1.0, 1.0, 1.0]"
BraTS-GLI-00685-000,89333,0.010005936379928316,61,155,"[240, 240, 155]","[1.0, 1.0, 1.0]"
BraTS-GLI-00685-001,114056,0.012775089605734768,76,155,"[240, 240, 155]","[1.0, 1.0, 1.0]"
BraTS-GLI-00686-000,255108,0.028573924731182795,82,155,"[240, 240, 155]","[1.0, 1.0, 1.0]"
BraTS-GLI-00687-000,92543,0.010365479390681004,62,155,"[240, 240, 155]","[1.0, 1.0, 1.0]"
BraTS-GLI-00688-000,24277,0.002719198028673835,41,155,"[240, 240, 155]","[1.0, 1.0, 1.0]"
BraTS-GLI-00689-000,141967,0.015901321684587813,66,155,"[240, 240, 155]","[1.0, 1.0, 1.0]"
BraTS-GLI-00689-001,185011,0.0207225582437276,74,155,"[240, 240, 155]","[1.0, 1.0, 1.0]"
BraTS-GLI-00690-000,50717,0.0056806675627240144,50,155,"[240, 240, 155]","[1.0, 1.0, 1.0]"
BraTS-GLI-00691-000,65669,0.007355398745519714,57,155,"[240, 240, 155]","[1.0, 1.0, 1.0]"
BraTS-GLI-00691-001,52008,0.005825268817204301,64,155,"[240, 240, 155]","[1.0, 1.0, 1.0]"
BraTS-GLI-00692-000,67827,0.007597110215053764,60,155,"[240, 240, 155]","[1.0, 1.0, 1.0]"
BraTS-GLI-00692-001,69689,0.007805667562724015,61,155,"[240, 240, 155]","[1.0, 1.0, 1.0]"
BraTS-GLI-00693-000,131654,0.014746191756272401,66,155,"[240, 240, 155]","[1.0, 1.0, 1.0]"
BraTS-GLI-00694-000,70468,0.007892921146953405,78,155,"[240, 240, 155]","[1.0, 1.0, 1.0]"
BraTS-GLI-00694-001,107949,0.01209106182795699,74,155,"[240, 240, 155]","[1.0, 1.0, 1.0]"
BraTS-GLI-00697-000,139740,0.015651881720430107,89,155,"[240, 240, 155]","[1.0, 1.0, 1.0]"
BraTS-GLI-00698-000,129121,0.014462477598566309,69,155,"[240, 240, 155]","[1.0, 1.0, 1.0]"
BraTS-GLI-00703-000,98144,0.010992831541218637,84,155,"[240, 240, 155]","[1.0, 1.0, 1.0]"
BraTS-GLI-00703-001,229819,0.025741375448028674,86,155,"[240, 240, 155]","[1.0, 1.0, 1.0]"
BraTS-GLI-00704-000,66146,0.007408826164874552,52,155,"[240, 240, 155]","[1.0, 1.0, 1.0]"
BraTS-GLI-00705-000,17329,0.0019409722222222222,31,155,"[240, 240, 155]","[1.0, 1.0, 1.0]"
BraTS-GLI-00706-000,148348,0.0166160394265233,86,155,"[240, 240, 155]","[1.0, 1.0, 1.0]"
BraTS-GLI-00707-000,103906,0.011638216845878136,81,155,"[240, 240, 155]","[1.0, 1.0, 1.0]"
BraTS-GLI-00708-000,16530,0.001851478494623656,46,155,"[240, 240, 155]","[1.0, 1.0, 1.0]"
BraTS-GLI-00708-001,38741,0.004339269713261649,50,155,"[240, 240, 155]","[1.0, 1.0, 1.0]"
BraTS-GLI-00709-000,101590,0.011378808243727598,73,155,"[240, 240, 155]","[1.0, 1.0, 1.0]"
BraTS-GLI-00714-000,212918,0.02384834229390681,87,155,"[240, 240, 155]","[1.0, 1.0, 1.0]"
BraTS-GLI-00714-001,215017,0.024083445340501792,88,155,"[240, 240, 155]","[1.0, 1.0, 1.0]"
BraTS-GLI-00715-000,66459,0.007443884408602151,52,155,"[240, 240, 155]","[1.0, 1.0, 1.0]"
BraTS-GLI-00715-001,64458,0.007219758064516129,65,155,"[240, 240, 155]","[1.0, 1.0, 1.0]"
BraTS-GLI-00716-000,32770,0.003670474910394265,50,155,"[240, 240, 155]","[1.0, 1.0, 1.0]"
BraTS-GLI-00718-000,137296,0.015378136200716847,77,155,"[240, 240, 155]","[1.0, 1.0, 1.0]"
BraTS-GLI-00723-000,83044,0.00930152329749104,61,155,"[240, 240, 155]","[1.0, 1.0, 1.0]"
BraTS-GLI-00724-000,118763,0.013302307347670251,70,155,"[240, 240, 155]","[1.0, 1.0, 1.0]"
BraTS-GLI-00725-000,95323,0.010676859318996416,58,155,"[240, 240, 155]","[1.0, 1.0, 1.0]"
BraTS-GLI-00725-001,126883,0.014211805555555556,73,155,"[240, 240, 155]","[1.0, 1.0, 1.0]"
BraTS-GLI-00727-000,107808,0.012075268817204301,77,155,"[240, 240, 155]","[1.0, 1.0, 1.0]"
BraTS-GLI-00727-001,134013,0.015010416666666667,72,155,"[240, 240, 155]","[1.0, 1.0, 1.0]"
BraTS-GLI-00728-000,34062,0.0038151881720430107,47,155,"[240, 240, 155]","[1.0, 1.0, 1.0]"
BraTS-GLI-00729-000,16357,0.0018321012544802867,33,155,"[240, 240, 155]","[1.0, 1.0, 1.0]"
BraTS-GLI-00729-001,13036,0.0014601254480286739,30,155,"[240, 240, 155]","[1.0, 1.0, 1.0]"
BraTS-GLI-00730-000,78169,0.008755488351254481,57,155,"[240, 240, 155]","[1.0, 1.0, 1.0]"
BraTS-GLI-00730-001,93679,0.010492719534050178,60,155,"[240, 240, 155]","[1.0, 1.0, 1.0]"
BraTS-GLI-00731-000,11479,0.0012857302867383513,26,155,"[240, 240, 155]","[1.0, 1.0, 1.0]"
BraTS-GLI-00731-001,23091,0.0025863575268817206,78,155,"[240, 240, 155]","[1.0, 1.0, 1.0]"
BraTS-GLI-00732-000,6046,0.0006771953405017921,25,155,"[240, 240, 155]","[1.0, 1.0, 1.0]"
BraTS-GLI-00732-001,2818,0.00031563620071684587,25,155,"[240, 240, 155]","[1.0, 1.0, 1.0]"
BraTS-GLI-00733-000,81813,0.00916364247311828,60,155,"[240, 240, 155]","[1.0, 1.0, 1.0]"
BraTS-GLI-00733-001,7048,0.000789426523297491,37,155,"[240, 240, 155]","[1.0, 1.0, 1.0]"
BraTS-GLI-00734-000,183832,0.020590501792114694,92,155,"[240, 240, 155]","[1.0, 1.0, 1.0]"
BraTS-GLI-00734-001,207853,0.023281025985663083,93,155,"[240, 240, 155]","[1.0, 1.0, 1.0]"
BraTS-GLI-00735-000,29760,0.0033333333333333335,52,155,"[240, 240, 155]","[1.0, 1.0, 1.0]"
BraTS-GLI-00735-001,33560,0.0037589605734767023,52,155,"[240, 240, 155]","[1.0, 1.0, 1.0]"
BraTS-GLI-00736-000,44711,0.005007952508960574,68,155,"[240, 240, 155]","[1.0, 1.0, 1.0]"
BraTS-GLI-00736-001,65119,0.007293794802867384,58,155,"[240, 240, 155]","[1.0, 1.0, 1.0]"
BraTS-GLI-00737-000,24279,0.0027194220430107525,41,155,"[240, 240, 155]","[1.0, 1.0, 1.0]"
BraTS-GLI-00739-000,225157,0.025219198028673836,85,155,"[240, 240, 155]","[1.0, 1.0, 1.0]"
BraTS-GLI-00740-000,94723,0.010609655017921146,61,155,"[240, 240, 155]","[1.0, 1.0, 1.0]"
BraTS-GLI-00742-000,179271,0.020079637096774194,85,155,"[240, 240, 155]","[1.0, 1.0, 1.0]"
BraTS-GLI-00744-000,84172,0.009427867383512544,61,155,"[240, 240, 155]","[1.0, 1.0, 1.0]"
BraTS-GLI-00746-000,18763,0.0021015905017921148,40,155,"[240, 240, 155]","[1.0, 1.0, 1.0]"
BraTS-GLI-00747-000,69487,0.0077830421146953405,69,155,"[240, 240, 155]","[1.0, 1.0, 1.0]"
BraTS-GLI-00750-000,50924,0.005703853046594982,59,155,"[240, 240, 155]","[1.0, 1.0, 1.0]"
BraTS-GLI-00750-001,112521,0.012603158602150537,71,155,"[240, 240, 155]","[1.0, 1.0, 1.0]"
BraTS-GLI-00751-000,69756,0.007813172043010753,53,155,"[240, 240, 155]","[1.0, 1.0, 1.0]"
BraTS-GLI-00751-001,53342,0.005974686379928315,74,155,"[240, 240, 155]","[1.0, 1.0, 1.0]"
BraTS-GLI-00753-000,6880,0.0007706093189964158,28,155,"[240, 240, 155]","[1.0, 1.0, 1.0]"
BraTS-GLI-00753-001,2808,0.00031451612903225806,11,155,"[240, 240, 155]","[1.0, 1.0, 1.0]"
BraTS-GLI-00756-000,127864,0.01432168458781362,72,155,"[240, 240, 155]","[1.0, 1.0, 1.0]"
BraTS-GLI-00756-001,131652,0.014745967741935484,66,155,"[240, 240, 155]","[1.0, 1.0, 1.0]"
BraTS-GLI-00757-000,66997,0.007504144265232975,79,155,"[240, 240, 155]","[1.0, 1.0, 1.0]"
BraTS-GLI-00758-000,24883,0.0027870743727598565,36,155,"[240, 240, 155]","[1.0, 1.0, 1.0]"
BraTS-GLI-00759-000,114907,0.01287040770609319,71,155,"[240, 240, 155]","[1.0, 1.0, 1.0]"
BraTS-GLI-00760-000,161575,0.018097558243727597,100,155,"[240, 240, 155]","[1.0, 1.0, 1.0]"
BraTS-GLI-00764-000,88252,0.009884856630824373,83,155,"[240, 240, 155]","[1.0, 1.0, 1.0]"
BraTS-GLI-00765-000,110073,0.01232896505376344,74,155,"[240, 240, 155]","[1.0, 1.0, 1.0]"
BraTS-GLI-00767-000,93379,0.010459117383512545,69,155,"[240, 240, 155]","[1.0, 1.0, 1.0]"
BraTS-GLI-00767-001,91089,0.010202620967741936,66,155,"[240, 240, 155]","[1.0, 1.0, 1.0]"
BraTS-GLI-00768-000,109201,0.012231294802867384,60,155,"[240, 240, 155]","[1.0, 1.0, 1.0]"
BraTS-GLI-00768-001,110422,0.012368055555555556,62,155,"[240, 240, 155]","[1.0, 1.0, 1.0]"
BraTS-GLI-00772-000,10479,0.00117372311827957,34,155,"[240, 240, 155]","[1.0, 1.0, 1.0]"
BraTS-GLI-00772-001,29156,0.0032656810035842296,38,155,"[240, 240, 155]","[1.0, 1.0, 1.0]"
BraTS-GLI-00773-000,107856,0.012080645161290322,71,155,"[240, 240, 155]","[1.0, 1.0, 1.0]"
BraTS-GLI-00774-000,151721,0.016993839605734768,79,155,"[240, 240, 155]","[1.0, 1.0, 1.0]"
BraTS-GLI-00774-001,164812,0.018460125448028674,86,155,"[240, 240, 155]","[1.0, 1.0, 1.0]"
BraTS-GLI-00775-000,55460,0.006211917562724014,51,155,"[240, 240, 155]","[1.0, 1.0, 1.0]"
BraTS-GLI-00775-001,45324,0.005076612903225806,49,155,"[240, 240, 155]","[1.0, 1.0, 1.0]"
BraTS-GLI-00777-000,113353,0.012696348566308243,66,155,"[240, 240, 155]","[1.0, 1.0, 1.0]"
BraTS-GLI-00777-001,139052,0.015574820788530466,68,155,"[240, 240, 155]","[1.0, 1.0, 1.0]"
BraTS-GLI-00778-000,48475,0.005429547491039427,38,155,"[240, 240, 155]","[1.0, 1.0, 1.0]"
BraTS-GLI-00780-000,122732,0.013746863799283153,62,155,"[240, 240, 155]","[1.0, 1.0, 1.0]"
BraTS-GLI-00781-000,127058,0.014231406810035842,80,155,"[240, 240, 155]","[1.0, 1.0, 1.0]"
BraTS-GLI-00782-000,41846,0.004687051971326165,48,155,"[240, 240, 155]","[1.0, 1.0, 1.0]"
BraTS-GLI-00784-000,206391,0.023117271505376343,76,155,"[240, 240, 155]","[1.0, 1.0, 1.0]"
BraTS-GLI-00787-000,158352,0.017736559139784946,80,155,"[240, 240, 155]","[1.0, 1.0, 1.0]"
BraTS-GLI-00788-000,19983,0.002238239247311828,38,155,"[240, 240, 155]","[1.0, 1.0, 1.0]"
BraTS-GLI-00789-000,119553,0.013390793010752688,74,155,"[240, 240, 155]","[1.0, 1.0, 1.0]"
BraTS-GLI-00791-000,155578,0.017425851254480287,72,155,"[240, 240, 155]","[1.0, 1.0, 1.0]"
BraTS-GLI-00792-000,250448,0.028051971326164875,88,155,"[240, 240, 155]","[1.0, 1.0, 1.0]"
BraTS-GLI-00793-000,196119,0.02196673387096774,73,155,"[240, 240, 155]","[1.0, 1.0, 1.0]"
BraTS-GLI-00795-000,32152,0.0036012544802867382,37,155,"[240, 240, 155]","[1.0, 1.0, 1.0]"
BraTS-GLI-00796-000,88202,0.009879256272401434,72,155,"[240, 240, 155]","[1.0, 1.0, 1.0]"
BraTS-GLI-00797-000,202204,0.022648297491039426,97,155,"[240, 240, 155]","[1.0, 1.0, 1.0]"
BraTS-GLI-00799-000,197715,0.022145497311827956,76,155,"[240, 240, 155]","[1.0, 1.0, 1.0]"
BraTS-GLI-00800-000,43731,0.004898185483870968,48,155,"[240, 240, 155]","[1.0, 1.0, 1.0]"
BraTS-GLI-00801-000,120535,0.013500784050179212,66,155,"[240, 240, 155]","[1.0, 1.0, 1.0]"
BraTS-GLI-00802-000,12441,0.001393481182795699,36,155,"[240, 240, 155]","[1.0, 1.0, 1.0]"
BraTS-GLI-00803-000,183151,0.020514224910394264,79,155,"[240, 240, 155]","[1.0, 1.0, 1.0]"
BraTS-GLI-00804-000,211976,0.02374283154121864,77,155,"[240, 240, 155]","[1.0, 1.0, 1.0]"
BraTS-GLI-00805-000,85169,0.009539538530465949,73,155,"[240, 240, 155]","[1.0, 1.0, 1.0]"
BraTS-GLI-00806-000,136876,0.015331093189964158,71,155,"[240, 240, 155]","[1.0, 1.0, 1.0]"
BraTS-GLI-00807-000,143608,0.016085125448028675,75,155,"[240, 240, 155]","[1.0, 1.0, 1.0]"
BraTS-GLI-00808-000,163326,0.018293682795698925,75,155,"[240, 240, 155]","[1.0, 1.0, 1.0]"
BraTS-GLI-00809-000,182713,0.02046516577060932,77,155,"[240, 240, 155]","[1.0, 1.0, 1.0]"
BraTS-GLI-00810-000,137145,0.01536122311827957,88,155,"[240, 240, 155]","[1.0, 1.0, 1.0]"
BraTS-GLI-00811-000,117869,0.013202172939068101,60,155,"[240, 240, 155]","[1.0, 1.0, 1.0]"
BraTS-GLI-00814-000,129868,0.014546146953405018,73,155,"[240, 240, 155]","[1.0, 1.0, 1.0]"
BraTS-GLI-00816-000,187129,0.0209597894265233,82,155,"[240, 240, 155]","[1.0, 1.0, 1.0]"
BraTS-GLI-00818-000,146677,0.016428875448028672,75,155,"[240, 240, 155]","[1.0, 1.0, 1.0]"
BraTS-GLI-00819-000,191304,0.02142741935483871,90,155,"[240, 240, 155]","[1.0, 1.0, 1.0]"
BraTS-GLI-00820-000,39480,0.004422043010752688,76,155,"[240, 240, 155]","[1.0, 1.0, 1.0]"
BraTS-GLI-00823-000,97910,0.010966621863799283,65,155,"[240, 240, 155]","[1.0, 1.0, 1.0]"
BraTS-GLI-00824-000,83265,0.00932627688172043,71,155,"[240, 240, 155]","[1.0, 1.0, 1.0]"
BraTS-GLI-00828-000,101024,0.011315412186379928,62,155,"[240, 240, 155]","[1.0, 1.0, 1.0]"
BraTS-GLI-00830-000,69606,0.007796370967741936,60,155,"[240, 240, 155]","[1.0, 1.0, 1.0]"
BraTS-GLI-00831-000,42233,0.004730398745519713,55,155,"[240, 240, 155]","[1.0, 1.0, 1.0]"
BraTS-GLI-00834-000,73399,0.008221214157706094,52,155,"[240, 240, 155]","[1.0, 1.0, 1.0]"
BraTS-GLI-00836-000,21894,0.002452284946236559,32,155,"[240, 240, 155]","[1.0, 1.0, 1.0]"
BraTS-GLI-00837-000,24696,0.0027661290322580647,47,155,"[240, 240, 155]","[1.0, 1.0, 1.0]"
BraTS-GLI-00838-000,127577,0.01428953853046595,65,155,"[240, 240, 155]","[1.0, 1.0, 1.0]"
BraTS-GLI-00839-000,15799,0.0017696012544802867,45,155,"[240, 240, 155]","[1.0, 1.0, 1.0]"
BraTS-GLI-00840-000,121324,0.01358915770609319,81,155,"[240, 240, 155]","[1.0, 1.0, 1.0]"
BraTS-GLI-00999-000,146494,0.016408378136200715,82,155,"[240, 240, 155]","[1.0, 1.0, 1.0]"
BraTS-GLI-01000-000,99572,0.011152777777777777,63,155,"[240, 240, 155]","[1.0, 1.0, 1.0]"
BraTS-GLI-01001-000,39628,0.004438620071684588,49,155,"[240, 240, 155]","[1.0, 1.0, 1.0]"
BraTS-GLI-01002-000,66802,0.007482302867383513,55,155,"[240, 240, 155]","[1.0, 1.0, 1.0]"
BraTS-GLI-01003-000,127812,0.014315860215053763,85,155,"[240, 240, 155]","[1.0, 1.0, 1.0]"
BraTS-GLI-01004-000,77771,0.008710909498207886,60,155,"[240, 240, 155]","[1.0, 1.0, 1.0]"
BraTS-GLI-01005-000,107328,0.012021505376344086,80,155,"[240, 240, 155]","[1.0, 1.0, 1.0]"
BraTS-GLI-01007-000,55781,0.006247871863799283,45,155,"[240, 240, 155]","[1.0, 1.0, 1.0]"
BraTS-GLI-01008-000,42170,0.00472334229390681,51,155,"[240, 240, 155]","[1.0, 1.0, 1.0]"
BraTS-GLI-01009-000,53787,0.006024529569892473,52,155,"[240, 240, 155]","[1.0, 1.0, 1.0]"
BraTS-GLI-01010-000,52187,0.005845318100358423,55,155,"[240, 240, 155]","[1.0, 1.0, 1.0]"
BraTS-GLI-01011-000,74298,0.008321908602150537,63,155,"[240, 240, 155]","[1.0, 1.0, 1.0]"
BraTS-GLI-01012-000,125934,0.014105510752688172,68,155,"[240, 240, 155]","[1.0, 1.0, 1.0]"
BraTS-GLI-01013-000,72110,0.008076836917562724,67,155,"[240, 240, 155]","[1.0, 1.0, 1.0]"
BraTS-GLI-01014-000,34197,0.0038303091397849463,48,155,"[240, 240, 155]","[1.0, 1.0, 1.0]"
BraTS-GLI-01015-000,237250,0.026573700716845877,82,155,"[240, 240, 155]","[1.0, 1.0, 1.0]"
BraTS-GLI-01016-000,87678,0.009820564516129032,60,155,"[240, 240, 155]","[1.0, 1.0, 1.0]"
BraTS-GLI-01017-000,98447,0.011026769713261648,68,155,"[240, 240, 155]","[1.0, 1.0, 1.0]"
BraTS-GLI-01018-000,130763,0.014646393369175626,82,155,"[240, 240, 155]","[1.0, 1.0, 1.0]"
BraTS-GLI-01019-000,161243,0.018060371863799284,85,155,"[240, 240, 155]","[1.0, 1.0, 1.0]"
BraTS-GLI-01020-000,173462,0.01942898745519713,67,155,"[240, 240, 155]","[1.0, 1.0, 1.0]"
BraTS-GLI-01021-000,168343,0.01885562275985663,69,155,"[240, 240, 155]","[1.0, 1.0, 1.0]"
BraTS-GLI-01022-000,140799,0.015770497311827957,79,155,"[240, 240, 155]","[1.0, 1.0, 1.0]"
BraTS-GLI-01023-000,91161,0.010210685483870968,68,155,"[240, 240, 155]","[1.0, 1.0, 1.0]"
BraTS-GLI-01024-000,51390,0.0057560483870967745,69,155,"[240, 240, 155]","[1.0, 1.0, 1.0]"
BraTS-GLI-01025-000,46623,0.005222110215053763,49,155,"[240, 240, 155]","[1.0, 1.0, 1.0]"
BraTS-GLI-01026-000,186129,0.020847782258064516,80,155,"[240, 240, 155]","[1.0, 1.0, 1.0]"
BraTS-GLI-01027-000,66111,0.007404905913978494,59,155,"[240, 240, 155]","[1.0, 1.0, 1.0]"
BraTS-GLI-01027-001,38243,0.004283490143369176,57,155,"[240, 240, 155]","[1.0, 1.0, 1.0]"
BraTS-GLI-01028-000,73145,0.008192764336917563,58,155,"[240, 240, 155]","[1.0, 1.0, 1.0]"
BraTS-GLI-01029-000,149114,0.016701836917562725,79,155,"[240, 240, 155]","[1.0, 1.0, 1.0]"
BraTS-GLI-01030-000,130628,0.014631272401433693,69,155,"[240, 240, 155]","[1.0, 1.0, 1.0]"
BraTS-GLI-01031-000,29084,0.003257616487455197,43,155,"[240, 240, 155]","[1.0, 1.0, 1.0]"
BraTS-GLI-01032-000,155033,0.01736480734767025,66,155,"[240, 240, 155]","[1.0, 1.0, 1.0]"
BraTS-GLI-01033-000,81366,0.009113575268817205,51,155,"[240, 240, 155]","[1.0, 1.0, 1.0]"
BraTS-GLI-01034-000,31542,0.0035329301075268816,39,155,"[240, 240, 155]","[1.0, 1.0, 1.0]"
BraTS-GLI-01035-000,3745,0.0004194668458781362,33,155,"[240, 240, 155]","[1.0, 1.0, 1.0]"
BraTS-GLI-01036-000,14830,0.0016610663082437275,38,155,"[240, 240, 155]","[1.0, 1.0, 1.0]"
BraTS-GLI-01037-000,129038,0.014453181003584229,69,155,"[240, 240, 155]","[1.0, 1.0, 1.0]"
BraTS-GLI-01038-000,78007,0.008737343189964157,63,155,"[240, 240, 155]","[1.0, 1.0, 1.0]"
BraTS-GLI-01039-000,14950,0.0016745071684587814,32,155,"[240, 240, 155]","[1.0, 1.0, 1.0]"
BraTS-GLI-01040-000,96611,0.010821124551971326,77,155,"[240, 240, 155]","[1.0, 1.0, 1.0]"
BraTS-GLI-01041-000,91481,0.010246527777777778,79,155,"[240, 240, 155]","[1.0, 1.0, 1.0]"
BraTS-GLI-01042-000,153662,0.017211245519713262,70,155,"[240, 240, 155]","[1.0, 1.0, 1.0]"
BraTS-GLI-01043-000,77066,0.008631944444444444,62,155,"[240, 240, 155]","[1.0, 1.0, 1.0]"
BraTS-GLI-01044-000,186387,0.02087668010752688,105,155,"[240, 240, 155]","[1.0, 1.0, 1.0]"
BraTS-GLI-01045-000,211084,0.023642921146953405,80,155,"[240, 240, 155]","[1.0, 1.0, 1.0]"
BraTS-GLI-01046-000,95466,0.010692876344086022,66,155,"[240, 240, 155]","[1.0, 1.0, 1.0]"
BraTS-GLI-01047-000,143733,0.016099126344086022,74,155,"[240, 240, 155]","[1.0, 1.0, 1.0]"
BraTS-GLI-01048-000,56831,0.0063654793906810034,72,155,"[240, 240, 155]","[1.0, 1.0, 1.0]"
BraTS-GLI-01049-000,57780,0.006471774193548387,65,155,"[240, 240, 155]","[1.0, 1.0, 1.0]"
BraTS-GLI-01050-000,34159,0.0038260528673835126,54,155,"[240, 240, 155]","[1.0, 1.0, 1.0]"
BraTS-GLI-01051-000,88075,0.009865031362007169,68,155,"[240, 240, 155]","[1.0, 1.0, 1.0]"
BraTS-GLI-01052-000,100733,0.011282818100358423,54,155,"[240, 240, 155]","[1.0, 1.0, 1.0]"
BraTS-GLI-01053-000,151692,0.01699059139784946,68,155,"[240, 240, 155]","[1.0, 1.0, 1.0]"
BraTS-GLI-01054-000,5904,0.0006612903225806452,27,155,"[240, 240, 155]","[1.0, 1.0, 1.0]"
BraTS-GLI-01055-000,60973,0.006829413082437276,66,155,"[240, 240, 155]","[1.0, 1.0, 1.0]"
BraTS-GLI-01056-000,97245,0.010892137096774194,64,155,"[240, 240, 155]","[1.0, 1.0, 1.0]"
BraTS-GLI-01057-000,38775,0.004343077956989247,77,155,"[240, 240, 155]","[1.0, 1.0, 1.0]"
BraTS-GLI-01058-000,104559,0.011711357526881721,67,155,"[240, 240, 155]","[1.0, 1.0, 1.0]"
BraTS-GLI-01059-000,42189,0.004725470430107527,56,155,"[240, 240, 155]","[1.0, 1.0, 1.0]"
BraTS-GLI-01060-000,103777,0.011623767921146954,63,155,"[240, 240, 155]","[1.0, 1.0, 1.0]"
BraTS-GLI-01061-000,164671,0.018444332437275987,76,155,"[240, 240, 155]","[1.0, 1.0, 1.0]"
BraTS-GLI-01062-000,136499,0.015288866487455198,67,155,"[240, 240, 155]","[1.0, 1.0, 1.0]"
BraTS-GLI-01063-000,189997,0.02128102598566308,83,155,"[240, 240, 155]","[1.0, 1.0, 1.0]"
BraTS-GLI-01064-000,33518,0.0037542562724014335,91,155,"[240, 240, 155]","[1.0, 1.0, 1.0]"
BraTS-GLI-01065-000,157478,0.01763866487455197,71,155,"[240, 240, 155]","[1.0, 1.0, 1.0]"
BraTS-GLI-01066-000,75648,0.008473118279569893,73,155,"[240, 240, 155]","[1.0, 1.0, 1.0]"
BraTS-GLI-01067-000,149700,0.016767473118279568,77,155,"[240, 240, 155]","[1.0, 1.0, 1.0]"
BraTS-GLI-01068-000,39011,0.0043695116487455195,45,155,"[240, 240, 155]","[1.0, 1.0, 1.0]"
BraTS-GLI-01069-000,136069,0.015240703405017922,68,155,"[240, 240, 155]","[1.0, 1.0, 1.0]"
BraTS-GLI-01070-000,149284,0.016720878136200715,90,155,"[240, 240, 155]","[1.0, 1.0, 1.0]"
BraTS-GLI-01071-000,108878,0.012195116487455197,73,155,"[240, 240, 155]","[1.0, 1.0, 1.0]"
BraTS-GLI-01072-000,112626,0.01261491935483871,72,155,"[240, 240, 155]","[1.0, 1.0, 1.0]"
BraTS-GLI-01073-000,113722,0.012737679211469535,81,155,"[240, 240, 155]","[1.0, 1.0, 1.0]"
BraTS-GLI-01074-000,95372,0.010682347670250896,63,155,"[240, 240, 155]","[1.0, 1.0, 1.0]"
BraTS-GLI-01075-000,140710,0.015760528673835126,76,155,"[240, 240, 155]","[1.0, 1.0, 1.0]"
BraTS-GLI-01076-000,112474,0.012597894265232975,68,155,"[240, 240, 155]","[1.0, 1.0, 1.0]"
BraTS-GLI-01077-000,5523,0.0006186155913978495,34,155,"[240, 240, 155]","[1.0, 1.0, 1.0]"
BraTS-GLI-01078-000,122261,0.013694108422939067,64,155,"[240, 240, 155]","[1.0, 1.0, 1.0]"
BraTS-GLI-01079-000,226241,0.025340613799283155,97,155,"[240, 240, 155]","[1.0, 1.0, 1.0]"
BraTS-GLI-01080-000,83547,0.009357862903225806,69,155,"[240, 240, 155]","[1.0, 1.0, 1.0]"
BraTS-GLI-01081-000,56391,0.00631619623655914,60,155,"[240, 240, 155]","[1.0, 1.0, 1.0]"
BraTS-GLI-01082-000,111500,0.012488799283154122,67,155,"[240, 240, 155]","[1.0, 1.0, 1.0]"
BraTS-GLI-01083-000,119484,0.013383064516129032,72,155,"[240, 240, 155]","[1.0, 1.0, 1.0]"
BraTS-GLI-01084-000,44233,0.004954413082437276,54,155,"[240, 240, 155]","[1.0, 1.0, 1.0]"
BraTS-GLI-01085-000,138509,0.015514000896057348,76,155,"[240, 240, 155]","[1.0, 1.0, 1.0]"
BraTS-GLI-01086-000,78985,0.008846886200716846,54,155,"[240, 240, 155]","[1.0, 1.0, 1.0]"
BraTS-GLI-01087-000,103881,0.011635416666666667,102,155,"[240, 240, 155]","[1.0, 1.0, 1.0]"
BraTS-GLI-01088-000,19209,0.0021515456989247314,41,155,"[240, 240, 155]","[1.0, 1.0, 1.0]"
BraTS-GLI-01089-000,163650,0.01832997311827957,78,155,"[240, 240, 155]","[1.0, 1.0, 1.0]"
BraTS-GLI-01090-000,50296,0.005633512544802867,71,155,"[240, 240, 155]","[1.0, 1.0, 1.0]"
BraTS-GLI-01091-000,6790,0.0007605286738351254,45,155,"[240, 240, 155]","[1.0, 1.0, 1.0]"
BraTS-GLI-01092-000,146303,0.01638698476702509,75,155,"[240, 240, 155]","[1.0, 1.0, 1.0]"
BraTS-GLI-01093-000,158406,0.01774260752688172,72,155,"[240, 240, 155]","[1.0, 1.0, 1.0]"
BraTS-GLI-01094-000,121785,0.013640793010752689,77,155,"[240, 240, 155]","[1.0, 1.0, 1.0]"
BraTS-GLI-01095-000,204561,0.022912298387096776,82,155,"[240, 240, 155]","[1.0, 1.0, 1.0]"
BraTS-GLI-01096-000,146657,0.016426635304659497,88,155,"[240, 240, 155]","[1.0, 1.0, 1.0]"
BraTS-GLI-01097-000,66108,0.007404569892473119,49,155,"[240, 240, 155]","[1.0, 1.0, 1.0]"
BraTS-GLI-01098-000,92500,0.010360663082437277,101,155,"[240, 240, 155]","[1.0, 1.0, 1.0]"
BraTS-GLI-01099-000,74023,0.008291106630824373,58,155,"[240, 240, 155]","[1.0, 1.0, 1.0]"
BraTS-GLI-01100-000,80148,0.008977150537634409,55,155,"[240, 240, 155]","[1.0, 1.0, 1.0]"
BraTS-GLI-01101-000,179829,0.020142137096774194,70,155,"[240, 240, 155]","[1.0, 1.0, 1.0]"
BraTS-GLI-01102-000,22655,0.002537522401433692,50,155,"[240, 240, 155]","[1.0, 1.0, 1.0]"
BraTS-GLI-01103-000,92469,0.010357190860215054,51,155,"[240, 240, 155]","[1.0, 1.0, 1.0]"
BraTS-GLI-01104-000,99795,0.011177755376344085,83,155,"[240, 240, 155]","[1.0, 1.0, 1.0]"
BraTS-GLI-01105-000,134008,0.015009856630824372,74,155,"[240, 240, 155]","[1.0, 1.0, 1.0]"
BraTS-GLI-01106-000,38671,0.004331429211469534,84,155,"[240, 240, 155]","[1.0, 1.0, 1.0]"
BraTS-GLI-01107-000,75860,0.008496863799283154,55,155,"[240, 240, 155]","[1.0, 1.0, 1.0]"
BraTS-GLI-01108-000,7468,0.0008364695340501792,22,155,"[240, 240, 155]","[1.0, 1.0, 1.0]"
BraTS-GLI-01109-000,60130,0.006734991039426523,50,155,"[240, 240, 155]","[1.0, 1.0, 1.0]"
BraTS-GLI-01110-000,42216,0.004728494623655914,44,155,"[240, 240, 155]","[1.0, 1.0, 1.0]"
BraTS-GLI-01111-000,108905,0.012198140681003585,98,155,"[240, 240, 155]","[1.0, 1.0, 1.0]"
BraTS-GLI-01112-000,168501,0.01887331989247312,74,155,"[240, 240, 155]","[1.0, 1.0, 1.0]"
BraTS-GLI-01113-000,70872,0.007938172043010753,73,155,"[240, 240, 155]","[1.0, 1.0, 1.0]"
BraTS-GLI-01114-000,76330,0.008549507168458781,62,155,"[240, 240, 155]","[1.0, 1.0, 1.0]"
BraTS-GLI-01115-000,81613,0.009141241039426524,59,155,"[240, 240, 155]","[1.0, 1.0, 1.0]"
BraTS-GLI-01116-000,69876,0.007826612903225807,46,155,"[240, 240, 155]","[1.0, 1.0, 1.0]"
BraTS-GLI-01117-000,31494,0.00352755376344086,44,155,"[240, 240, 155]","[1.0, 1.0, 1.0]"
BraTS-GLI-01118-000,46298,0.00518570788530466,63,155,"[240, 240, 155]","[1.0, 1.0, 1.0]"
BraTS-GLI-01119-000,42706,0.004783378136200717,50,155,"[240, 240, 155]","[1.0, 1.0, 1.0]"
BraTS-GLI-01120-000,111497,0.012488463261648746,83,155,"[240, 240, 155]","[1.0, 1.0, 1.0]"
BraTS-GLI-01121-000,174423,0.01953662634408602,95,155,"[240, 240, 155]","[1.0, 1.0, 1.0]"
BraTS-GLI-01122-000,139615,0.01563788082437276,81,155,"[240, 240, 155]","[1.0, 1.0, 1.0]"
BraTS-GLI-01123-000,78568,0.008800179211469535,55,155,"[240, 240, 155]","[1.0, 1.0, 1.0]"
BraTS-GLI-01124-000,43553,0.004878248207885304,51,155,"[240, 240, 155]","[1.0, 1.0, 1.0]"
BraTS-GLI-01125-000,161907,0.018134744623655913,80,155,"[240, 240, 155]","[1.0, 1.0, 1.0]"
BraTS-GLI-01126-000,88866,0.009953629032258065,69,155,"[240, 240, 155]","[1.0, 1.0, 1.0]"
BraTS-GLI-01127-000,58697,0.0065744847670250895,54,155,"[240, 240, 155]","[1.0, 1.0, 1.0]"
BraTS-GLI-01128-000,26807,0.003002576164874552,65,155,"[240, 240, 155]","[1.0, 1.0, 1.0]"
BraTS-GLI-01129-000,74772,0.008375,58,155,"[240, 240, 155]","[1.0, 1.0, 1.0]"
BraTS-GLI-01130-000,38502,0.0043125,61,155,"[240, 240, 155]","[1.0, 1.0, 1.0]"
BraTS-GLI-01131-000,43800,0.0049059139784946235,49,155,"[240, 240, 155]","[1.0, 1.0, 1.0]"
BraTS-GLI-01132-000,14244,0.0015954301075268818,42,155,"[240, 240, 155]","[1.0, 1.0, 1.0]"
BraTS-GLI-01133-000,44210,0.004951836917562724,49,155,"[240, 240, 155]","[1.0, 1.0, 1.0]"
BraTS-GLI-01134-000,99597,0.011155577956989248,65,155,"[240, 240, 155]","[1.0, 1.0, 1.0]"
BraTS-GLI-01135-000,136574,0.015297267025089606,74,155,"[240, 240, 155]","[1.0, 1.0, 1.0]"
BraTS-GLI-01136-000,174894,0.019589381720430107,77,155,"[240, 240, 155]","[1.0, 1.0, 1.0]"
BraTS-GLI-01137-000,39841,0.004462477598566308,50,155,"[240, 240, 155]","[1.0, 1.0, 1.0]"
BraTS-GLI-01138-000,134095,0.015019601254480286,91,155,"[240, 240, 155]","[1.0, 1.0, 1.0]"
BraTS-GLI-01139-000,138051,0.015462701612903225,85,155,"[240, 240, 155]","[1.0, 1.0, 1.0]"
BraTS-GLI-01140-000,87193,0.009766241039426523,65,155,"[240, 240, 155]","[1.0, 1.0, 1.0]"
BraTS-GLI-01141-000,156606,0.017540994623655912,78,155,"[240, 240, 155]","[1.0, 1.0, 1.0]"
BraTS-GLI-01142-000,163612,0.018325716845878137,85,155,"[240, 240, 155]","[1.0, 1.0, 1.0]"
BraTS-GLI-01143-000,172673,0.019340613799283153,73,155,"[240, 240, 155]","[1.0, 1.0, 1.0]"
BraTS-GLI-01144-000,82023,0.009187163978494624,69,155,"[240, 240, 155]","[1.0, 1.0, 1.0]"
BraTS-GLI-01145-000,122734,0.013747087813620072,63,155,"[240, 240, 155]","[1.0, 1.0, 1.0]"
BraTS-GLI-01146-000,119314,0.01336402329749104,68,155,"[240, 240, 155]","[1.0, 1.0, 1.0]"
BraTS-GLI-01147-000,11890,0.0013317652329749104,37,155,"[240, 240, 155]","[1.0, 1.0, 1.0]"
BraTS-GLI-01148-000,105753,0.011845094086021505,74,155,"[240, 240, 155]","[1.0, 1.0, 1.0]"
BraTS-GLI-01149-000,21413,0.0023984094982078853,45,155,"[240, 240, 155]","[1.0, 1.0, 1.0]"
BraTS-GLI-01150-000,96481,0.010806563620071685,71,155,"[240, 240, 155]","[1.0, 1.0, 1.0]"
BraTS-GLI-01151-000,127133,0.01423980734767025,69,155,"[240, 240, 155]","[1.0, 1.0, 1.0]"
BraTS-GLI-01152-000,13806,0.0015463709677419355,36,155,"[240, 240, 155]","[1.0, 1.0, 1.0]"
BraTS-GLI-01153-000,168082,0.01882638888888889,98,155,"[240, 240, 155]","[1.0, 1.0, 1.0]"
BraTS-GLI-01154-000,14911,0.001670138888888889,30,155,"[240, 240, 155]","[1.0, 1.0, 1.0]"
BraTS-GLI-01155-000,196777,0.022040434587813622,77,155,"[240, 240, 155]","[1.0, 1.0, 1.0]"
BraTS-GLI-01156-000,103154,0.011553987455197133,72,155,"[240, 240, 155]","[1.0, 1.0, 1.0]"
BraTS-GLI-01157-000,112339,0.012582773297491039,85,155,"[240, 240, 155]","[1.0, 1.0, 1.0]"
BraTS-GLI-01158-000,108343,0.012135192652329749,66,155,"[240, 240, 155]","[1.0, 1.0, 1.0]"
BraTS-GLI-01159-000,25809,0.0028907930107526882,65,155,"[240, 240, 155]","[1.0, 1.0, 1.0]"
BraTS-GLI-01160-000,126699,0.01419119623655914,70,155,"[240, 240, 155]","[1.0, 1.0, 1.0]"
BraTS-GLI-01160-001,133158,0.014914650537634409,68,155,"[240, 240, 155]","[1.0, 1.0, 1.0]"
BraTS-GLI-01161-000,109939,0.012313956093189964,64,155,"[240, 240, 155]","[1.0, 1.0, 1.0]"
BraTS-GLI-01162-000,118781,0.013304323476702509,71,155,"[240, 240, 155]","[1.0, 1.0, 1.0]"
BraTS-GLI-01163-000,72125,0.008078517025089606,67,155,"[240, 240, 155]","[1.0, 1.0, 1.0]"
BraTS-GLI-01164-000,79746,0.008932123655913978,58,155,"[240, 240, 155]","[1.0, 1.0, 1.0]"
BraTS-GLI-01165-000,72263,0.008093974014336917,79,155,"[240, 240, 155]","[1.0, 1.0, 1.0]"
BraTS-GLI-01166-000,31560,0.0035349462365591396,39,155,"[240, 240, 155]","[1.0, 1.0, 1.0]"
BraTS-GLI-01167-000,100253,0.011229054659498208,82,155,"[240, 240, 155]","[1.0, 1.0, 1.0]"
BraTS-GLI-01168-000,64411,0.007214493727598566,56,155,"[240, 240, 155]","[1.0, 1.0, 1.0]"
BraTS-GLI-01169-000,140258,0.015709901433691758,92,155,"[240, 240, 155]","[1.0, 1.0, 1.0]"
BraTS-GLI-01170-000,102231,0.011450604838709678,74,155,"[240, 240, 155]","[1.0, 1.0, 1.0]"
BraTS-GLI-01171-000,141749,0.0158769041218638,70,155,"[240, 240, 155]","[1.0, 1.0, 1.0]"
BraTS-GLI-01172-000,114300,0.01280241935483871,79,155,"[240, 240, 155]","[1.0, 1.0, 1.0]"
BraTS-GLI-01173-000,66357,0.007432459677419355,61,155,"[240, 240, 155]","[1.0, 1.0, 1.0]"
BraTS-GLI-01174-000,85983,0.009630712365591397,63,155,"[240, 240, 155]","[1.0, 1.0, 1.0]"
BraTS-GLI-01175-000,185687,0.020798275089605734,90,155,"[240, 240, 155]","[1.0, 1.0, 1.0]"
BraTS-GLI-01176-000,74456,0.008339605734767025,61,155,"[240, 240, 155]","[1.0, 1.0, 1.0]"
BraTS-GLI-01177-000,251739,0.02819657258064516,74,155,"[240, 240, 155]","[1.0, 1.0, 1.0]"
BraTS-GLI-01178-000,31513,0.003529681899641577,51,155,"[240, 240, 155]","[1.0, 1.0, 1.0]"
BraTS-GLI-01179-000,105314,0.0117959229390681,77,155,"[240, 240, 155]","[1.0, 1.0, 1.0]"
BraTS-GLI-01180-000,123967,0.013885192652329749,68,155,"[240, 240, 155]","[1.0, 1.0, 1.0]"
BraTS-GLI-01181-000,34275,0.003839045698924731,49,155,"[240, 240, 155]","[1.0, 1.0, 1.0]"
BraTS-GLI-01182-000,186895,0.020933579749103943,95,155,"[240, 240, 155]","[1.0, 1.0, 1.0]"
BraTS-GLI-01183-000,124500,0.01394489247311828,70,155,"[240, 240, 155]","[1.0, 1.0, 1.0]"
BraTS-GLI-01184-000,32522,0.0036426971326164875,48,155,"[240, 240, 155]","[1.0, 1.0, 1.0]"
BraTS-GLI-01185-000,106514,0.011930331541218638,84,155,"[240, 240, 155]","[1.0, 1.0, 1.0]"
BraTS-GLI-01186-000,32335,0.0036217517921146953,49,155,"[240, 240, 155]","[1.0, 1.0, 1.0]"
BraTS-GLI-01187-000,41331,0.0046293682795698924,65,155,"[240, 240, 155]","[1.0, 1.0, 1.0]"
BraTS-GLI-01188-000,147615,0.01653393817204301,74,155,"[240, 240, 155]","[1.0, 1.0, 1.0]"
BraTS-GLI-01189-000,114711,0.01284845430107527,69,155,"[240, 240, 155]","[1.0, 1.0, 1.0]"
BraTS-GLI-01190-000,147227,0.016490479390681004,77,155,"[240, 240, 155]","[1.0, 1.0, 1.0]"
BraTS-GLI-01191-000,138962,0.015564740143369176,63,155,"[240, 240, 155]","[1.0, 1.0, 1.0]"
BraTS-GLI-01192-000,169214,0.01895318100358423,68,155,"[240, 240, 155]","[1.0, 1.0, 1.0]"
BraTS-GLI-01193-000,83729,0.009378248207885305,51,155,"[240, 240, 155]","[1.0, 1.0, 1.0]"
BraTS-GLI-01194-000,136102,0.015244399641577061,75,155,"[240, 240, 155]","[1.0, 1.0, 1.0]"
BraTS-GLI-01195-000,129183,0.014469422043010752,83,155,"[240, 240, 155]","[1.0, 1.0, 1.0]"
BraTS-GLI-01196-000,66141,0.007408266129032258,56,155,"[240, 240, 155]","[1.0, 1.0, 1.0]"
BraTS-GLI-01197-000,111154,0.012450044802867384,75,155,"[240, 240, 155]","[1.0, 1.0, 1.0]"
BraTS-GLI-01198-000,124307,0.013923275089605735,86,155,"[240, 240, 155]","[1.0, 1.0, 1.0]"
BraTS-GLI-01199-000,150096,0.016811827956989246,78,155,"[240, 240, 155]","[1.0, 1.0, 1.0]"
BraTS-GLI-01200-000,81752,0.009156810035842294,64,155,"[240, 240, 155]","[1.0, 1.0, 1.0]"
BraTS-GLI-01201-000,99343,0.011127128136200717,65,155,"[240, 240, 155]","[1.0, 1.0, 1.0]"
BraTS-GLI-01202-000,211979,0.023743167562724016,83,155,"[240, 240, 155]","[1.0, 1.0, 1.0]"
BraTS-GLI-01203-000,67008,0.007505376344086021,55,155,"[240, 240, 155]","[1.0, 1.0, 1.0]"
BraTS-GLI-01204-000,29807,0.003338597670250896,52,155,"[240, 240, 155]","[1.0, 1.0, 1.0]"
BraTS-GLI-01205-000,21963,0.002460013440860215,51,155,"[240, 240, 155]","[1.0, 1.0, 1.0]"
BraTS-GLI-01206-000,139230,0.015594758064516129,76,155,"[240, 240, 155]","[1.0, 1.0, 1.0]"
BraTS-GLI-01207-000,39772,0.004454749103942652,54,155,"[240, 240, 155]","[1.0, 1.0, 1.0]"
BraTS-GLI-01208-000,33446,0.0037461917562724013,52,155,"[240, 240, 155]","[1.0, 1.0, 1.0]"
BraTS-GLI-01209-000,183094,0.020507840501792114,81,155,"[240, 240, 155]","[1.0, 1.0, 1.0]"
BraTS-GLI-01210-000,44582,0.00499350358422939,58,155,"[240, 240, 155]","[1.0, 1.0, 1.0]"
BraTS-GLI-01211-000,55130,0.006174955197132617,73,155,"[240, 240, 155]","[1.0, 1.0, 1.0]"
BraTS-GLI-01212-000,32051,0.0035899417562724016,55,155,"[240, 240, 155]","[1.0, 1.0, 1.0]"
BraTS-GLI-01213-000,46339,0.00519030017921147,62,155,"[240, 240, 155]","[1.0, 1.0, 1.0]"
BraTS-GLI-01214-000,80396,0.009004928315412187,64,155,"[240, 240, 155]","[1.0, 1.0, 1.0]"
BraTS-GLI-01215-000,125287,0.01403304211469534,79,155,"[240, 240, 155]","[1.0, 1.0, 1.0]"
BraTS-GLI-01216-000,127189,0.014246079749103942,80,155,"[240, 240, 155]","[1.0, 1.0, 1.0]"
BraTS-GLI-01217-000,100758,0.011285618279569892,79,155,"[240, 240, 155]","[1.0, 1.0, 1.0]"
BraTS-GLI-01218-000,45118,0.005053539426523298,56,155,"[240, 240, 155]","[1.0, 1.0, 1.0]"
BraTS-GLI-01219-000,130340,0.014599014336917562,57,155,"[240, 240, 155]","[1.0, 1.0, 1.0]"
BraTS-GLI-01220-000,32059,0.003590837813620072,45,155,"[240, 240, 155]","[1.0, 1.0, 1.0]"
BraTS-GLI-01221-000,175675,0.019676859318996417,80,155,"[240, 240, 155]","[1.0, 1.0, 1.0]"
BraTS-GLI-01222-000,36858,0.004128360215053763,51,155,"[240, 240, 155]","[1.0, 1.0, 1.0]"
BraTS-GLI-01223-000,68118,0.007629704301075269,77,155,"[240, 240, 155]","[1.0, 1.0, 1.0]"
BraTS-GLI-01224-000,41124,0.004606182795698925,56,155,"[240, 240, 155]","[1.0, 1.0, 1.0]"
BraTS-GLI-01225-000,149586,0.016754704301075268,70,155,"[240, 240, 155]","[1.0, 1.0, 1.0]"
BraTS-GLI-01226-000,95627,0.010710909498207886,89,155,"[240, 240, 155]","[1.0, 1.0, 1.0]"
BraTS-GLI-01227-000,73437,0.008225470430107526,61,155,"[240, 240, 155]","[1.0, 1.0, 1.0]"
BraTS-GLI-01228-000,180618,0.020230510752688172,79,155,"[240, 240, 155]","[1.0, 1.0, 1.0]"
BraTS-GLI-01229-000,66648,0.00746505376344086,76,155,"[240, 240, 155]","[1.0, 1.0, 1.0]"
BraTS-GLI-01230-000,20935,0.0023448700716845877,43,155,"[240, 240, 155]","[1.0, 1.0, 1.0]"
BraTS-GLI-01231-000,62354,0.006984094982078853,65,155,"[240, 240, 155]","[1.0, 1.0, 1.0]"
BraTS-GLI-01232-000,99909,0.011190524193548388,85,155,"[240, 240, 155]","[1.0, 1.0, 1.0]"
BraTS-GLI-01233-000,87609,0.009812836021505376,82,155,"[240, 240, 155]","[1.0, 1.0, 1.0]"
BraTS-GLI-01234-000,26500,0.002968189964157706,47,155,"[240, 240, 155]","[1.0, 1.0, 1.0]"
BraTS-GLI-01235-000,122656,0.013738351254480287,68,155,"[240, 240, 155]","[1.0, 1.0, 1.0]"
BraTS-GLI-01236-000,91573,0.010256832437275985,67,155,"[240, 240, 155]","[1.0, 1.0, 1.0]"
BraTS-GLI-01237-000,78815,0.008827844982078854,62,155,"[240, 240, 155]","[1.0, 1.0, 1.0]"
BraTS-GLI-01238-000,100879,0.011299171146953405,88,155,"[240, 240, 155]","[1.0, 1.0, 1.0]"
BraTS-GLI-01239-000,51853,0.00580790770609319,52,155,"[240, 240, 155]","[1.0, 1.0, 1.0]"
BraTS-GLI-01240-000,36342,0.004070564516129032,60,155,"[240, 240, 155]","[1.0, 1.0, 1.0]"
BraTS-GLI-01241-000,132682,0.014861335125448029,92,155,"[240, 240, 155]","[1.0, 1.0, 1.0]"
BraTS-GLI-01242-000,80574,0.009024865591397849,77,155,"[240, 240, 155]","[1.0, 1.0, 1.0]"
BraTS-GLI-01243-000,55364,0.006201164874551971,72,155,"[240, 240, 155]","[1.0, 1.0, 1.0]"
BraTS-GLI-01244-000,91132,0.010207437275985663,70,155,"[240, 240, 155]","[1.0, 1.0, 1.0]"
BraTS-GLI-01245-000,91646,0.010265008960573477,67,155,"[240, 240, 155]","[1.0, 1.0, 1.0]"
BraTS-GLI-01246-000,103768,0.011622759856630825,67,155,"[240, 240, 155]","[1.0, 1.0, 1.0]"
BraTS-GLI-01247-000,25918,0.0029030017921146956,54,155,"[240, 240, 155]","[1.0, 1.0, 1.0]"
BraTS-GLI-01248-000,87324,0.009780913978494624,60,155,"[240, 240, 155]","[1.0, 1.0, 1.0]"
BraTS-GLI-01249-000,20876,0.00233826164874552,45,155,"[240, 240, 155]","[1.0, 1.0, 1.0]"
BraTS-GLI-01250-000,65993,0.007391689068100359,61,155,"[240, 240, 155]","[1.0, 1.0, 1.0]"
BraTS-GLI-01251-000,142132,0.015919802867383512,82,155,"[240, 240, 155]","[1.0, 1.0, 1.0]"
BraTS-GLI-01252-000,13459,0.0015075044802867383,46,155,"[240, 240, 155]","[1.0, 1.0, 1.0]"
BraTS-GLI-01253-000,95815,0.010731966845878136,98,155,"[240, 240, 155]","[1.0, 1.0, 1.0]"
BraTS-GLI-01254-000,79531,0.00890804211469534,68,155,"[240, 240, 155]","[1.0, 1.0, 1.0]"
BraTS-GLI-01255-000,7513,0.0008415098566308244,23,155,"[240, 240, 155]","[1.0, 1.0, 1.0]"
BraTS-GLI-01256-000,135252,0.015149193548387096,69,155,"[240, 240, 155]","[1.0, 1.0, 1.0]"
BraTS-GLI-01257-000,24955,0.0027951388888888887,40,155,"[240, 240, 155]","[1.0, 1.0, 1.0]"
BraTS-GLI-01258-000,59246,0.006635976702508961,82,155,"[240, 240, 155]","[1.0, 1.0, 1.0]"
BraTS-GLI-01259-000,71751,0.008036626344086022,57,155,"[240, 240, 155]","[1.0, 1.0, 1.0]"
BraTS-GLI-01260-000,130505,0.014617495519713261,92,155,"[240, 240, 155]","[1.0, 1.0, 1.0]"
BraTS-GLI-01261-000,63159,0.007074260752688172,50,155,"[240, 240, 155]","[1.0, 1.0, 1.0]"
BraTS-GLI-01262-000,160010,0.017922267025089606,95,155,"[240, 240, 155]","[1.0, 1.0, 1.0]"
BraTS-GLI-01263-000,57830,0.0064773745519713264,102,155,"[240, 240, 155]","[1.0, 1.0, 1.0]"
BraTS-GLI-01264-000,24143,0.0027041890681003583,43,155,"[240, 240, 155]","[1.0, 1.0, 1.0]"
BraTS-GLI-01265-000,58208,0.006519713261648745,59,155,"[240, 240, 155]","[1.0, 1.0, 1.0]"
BraTS-GLI-01266-000,154279,0.01728035394265233,82,155,"[240, 240, 155]","[1.0, 1.0, 1.0]"
BraTS-GLI-01267-000,89189,0.00998980734767025,87,155,"[240, 240, 155]","[1.0, 1.0, 1.0]"
BraTS-GLI-01268-000,44519,0.004986447132616488,51,155,"[240, 240, 155]","[1.0, 1.0, 1.0]"
BraTS-GLI-01269-000,76789,0.008600918458781363,82,155,"[240, 240, 155]","[1.0, 1.0, 1.0]"
BraTS-GLI-01270-000,185137,0.020736671146953406,94,155,"[240, 240, 155]","[1.0, 1.0, 1.0]"
BraTS-GLI-01271-000,42204,0.004727150537634409,64,155,"[240, 240, 155]","[1.0, 1.0, 1.0]"
BraTS-GLI-01272-000,50183,0.005620855734767025,52,155,"[240, 240, 155]","[1.0, 1.0, 1.0]"
BraTS-GLI-01273-000,7285,0.0008159722222222223,29,155,"[240, 240, 155]","[1.0, 1.0, 1.0]"
BraTS-GLI-01274-000,43464,0.004868279569892473,43,155,"[240, 240, 155]","[1.0, 1.0, 1.0]"
BraTS-GLI-01275-000,31532,0.003531810035842294,53,155,"[240, 240, 155]","[1.0, 1.0, 1.0]"
BraTS-GLI-01276-000,10101,0.0011313844086021506,34,155,"[240, 240, 155]","[1.0, 1.0, 1.0]"
BraTS-GLI-01277-000,73658,0.008250224014336918,62,155,"[240, 240, 155]","[1.0, 1.0, 1.0]"
BraTS-GLI-01278-000,34311,0.0038430779569892473,58,155,"[240, 240, 155]","[1.0, 1.0, 1.0]"
BraTS-GLI-01279-000,15718,0.0017605286738351254,67,155,"[240, 240, 155]","[1.0, 1.0, 1.0]"
BraTS-GLI-01280-000,170359,0.019081429211469533,79,155,"[240, 240, 155]","[1.0, 1.0, 1.0]"
BraTS-GLI-01281-000,154508,0.01730600358422939,74,155,"[240, 240, 155]","[1.0, 1.0, 1.0]"
BraTS-GLI-01282-000,125370,0.014042338709677419,72,155,"[240, 240, 155]","[1.0, 1.0, 1.0]"
BraTS-GLI-01283-000,143759,0.01610203853046595,95,155,"[240, 240, 155]","[1.0, 1.0, 1.0]"
BraTS-GLI-01284-000,163378,0.01829950716845878,78,155,"[240, 240, 155]","[1.0, 1.0, 1.0]"
BraTS-GLI-01285-000,108359,0.01213698476702509,90,155,"[240, 240, 155]","[1.0, 1.0, 1.0]"
BraTS-GLI-01286-000,100724,0.011281810035842294,81,155,"[240, 240, 155]","[1.0, 1.0, 1.0]"
BraTS-GLI-01287-000,90607,0.010148633512544802,70,155,"[240, 240, 155]","[1.0, 1.0, 1.0]"
BraTS-GLI-01288-000,123632,0.013847670250896057,70,155,"[240, 240, 155]","[1.0, 1.0, 1.0]"
BraTS-GLI-01289-000,99859,0.011184923835125447,60,155,"[240, 240, 155]","[1.0, 1.0, 1.0]"
BraTS-GLI-01290-000,37828,0.004237007168458782,77,155,"[240, 240, 155]","[1.0, 1.0, 1.0]"
BraTS-GLI-01291-000,105852,0.011856182795698925,69,155,"[240, 240, 155]","[1.0, 1.0, 1.0]"
BraTS-GLI-01292-000,92661,0.01037869623655914,78,155,"[240, 240, 155]","[1.0, 1.0, 1.0]"
BraTS-GLI-01293-000,129521,0.014507280465949821,64,155,"[240, 240, 155]","[1.0, 1.0, 1.0]"
BraTS-GLI-01294-000,76427,0.008560371863799283,65,155,"[240, 240, 155]","[1.0, 1.0, 1.0]"
BraTS-GLI-01295-000,38684,0.004332885304659498,60,155,"[240, 240, 155]","[1.0, 1.0, 1.0]"
BraTS-GLI-01296-000,122929,0.013768929211469534,78,155,"[240, 240, 155]","[1.0, 1.0, 1.0]"
BraTS-GLI-01297-000,67704,0.007583333333333333,78,155,"[240, 240, 155]","[1.0, 1.0, 1.0]"
BraTS-GLI-01298-000,97135,0.010879816308243728,52,155,"[240, 240, 155]","[1.0, 1.0, 1.0]"
BraTS-GLI-01299-000,165681,0.018557459677419355,92,155,"[240, 240, 155]","[1.0, 1.0, 1.0]"
BraTS-GLI-01300-000,45281,0.005071796594982079,59,155,"[240, 240, 155]","[1.0, 1.0, 1.0]"
BraTS-GLI-01301-000,7621,0.0008536066308243728,31,155,"[240, 240, 155]","[1.0, 1.0, 1.0]"
BraTS-GLI-01302-000,150805,0.016891241039426522,83,155,"[240, 240, 155]","[1.0, 1.0, 1.0]"
BraTS-GLI-01303-000,110151,0.012337701612903226,83,155,"[240, 240, 155]","[1.0, 1.0, 1.0]"
BraTS-GLI-01304-000,94933,0.010633176523297492,55,155,"[240, 240, 155]","[1.0, 1.0, 1.0]"
BraTS-GLI-01305-000,94460,0.010580197132616487,68,155,"[240, 240, 155]","[1.0, 1.0, 1.0]"
BraTS-GLI-01306-000,56169,0.00629133064516129,52,155,"[240, 240, 155]","[1.0, 1.0, 1.0]"
BraTS-GLI-01307-000,176020,0.019715501792114697,84,155,"[240, 240, 155]","[1.0, 1.0, 1.0]"
BraTS-GLI-01308-000,6520,0.0007302867383512545,23,155,"[240, 240, 155]","[1.0, 1.0, 1.0]"
BraTS-GLI-01309-000,67291,0.007537074372759856,57,155,"[240, 240, 155]","[1.0, 1.0, 1.0]"
BraTS-GLI-01310-000,46457,0.005203517025089606,63,155,"[240, 240, 155]","[1.0, 1.0, 1.0]"
BraTS-GLI-01311-000,97479,0.010918346774193548,88,155,"[240, 240, 155]","[1.0, 1.0, 1.0]"
BraTS-GLI-01312-000,82915,0.009287074372759857,60,155,"[240, 240, 155]","[1.0, 1.0, 1.0]"
BraTS-GLI-01313-000,182014,0.02038687275985663,79,155,"[240, 240, 155]","[1.0, 1.0, 1.0]"
BraTS-GLI-01314-000,70433,0.007889000896057348,70,155,"[240, 240, 155]","[1.0, 1.0, 1.0]"
BraTS-GLI-01315-000,135030,0.015124327956989248,67,155,"[240, 240, 155]","[1.0, 1.0, 1.0]"
BraTS-GLI-01316-000,134387,0.015052307347670251,78,155,"[240, 240, 155]","[1.0, 1.0, 1.0]"
BraTS-GLI-01317-000,126608,0.01418100358422939,61,155,"[240, 240, 155]","[1.0, 1.0, 1.0]"
BraTS-GLI-01318-000,39996,0.004479838709677419,40,155,"[240, 240, 155]","[1.0, 1.0, 1.0]"
BraTS-GLI-01319-000,65321,0.007316420250896057,55,155,"[240, 240, 155]","[1.0, 1.0, 1.0]"
BraTS-GLI-01320-000,261373,0.02927564964157706,76,155,"[240, 240, 155]","[1.0, 1.0, 1.0]"
BraTS-GLI-01321-000,128820,0.014428763440860215,67,155,"[240, 240, 155]","[1.0, 1.0, 1.0]"
BraTS-GLI-01322-000,16323,0.0018282930107526882,42,155,"[240, 240, 155]","[1.0, 1.0, 1.0]"
BraTS-GLI-01323-000,86818,0.00972423835125448,53,155,"[240, 240, 155]","[1.0, 1.0, 1.0]"
BraTS-GLI-01324-000,284681,0.031886312724014335,95,155,"[240, 240, 155]","[1.0, 1.0, 1.0]"
BraTS-GLI-01325-000,130959,0.014668346774193548,72,155,"[240, 240, 155]","[1.0, 1.0, 1.0]"
BraTS-GLI-01326-000,215769,0.024167674731182795,85,155,"[240, 240, 155]","[1.0, 1.0, 1.0]"
BraTS-GLI-01327-000,11932,0.0013364695340501791,27,155,"[240, 240, 155]","[1.0, 1.0, 1.0]"
BraTS-GLI-01328-000,121908,0.013654569892473118,64,155,"[240, 240, 155]","[1.0, 1.0, 1.0]"
BraTS-GLI-01329-000,55916,0.006262992831541219,56,155,"[240, 240, 155]","[1.0, 1.0, 1.0]"
BraTS-GLI-01330-000,55536,0.006220430107526881,64,155,"[240, 240, 155]","[1.0, 1.0, 1.0]"
BraTS-GLI-01331-000,82008,0.009185483870967742,65,155,"[240, 240, 155]","[1.0, 1.0, 1.0]"
BraTS-GLI-01332-000,74506,0.008345206093189964,60,155,"[240, 240, 155]","[1.0, 1.0, 1.0]"
BraTS-GLI-01333-000,4830,0.000540994623655914,26,155,"[240, 240, 155]","[1.0, 1.0, 1.0]"
BraTS-GLI-01334-000,59765,0.006694108422939068,51,155,"[240, 240, 155]","[1.0, 1.0, 1.0]"
BraTS-GLI-01335-000,148522,0.016635528673835127,83,155,"[240, 240, 155]","[1.0, 1.0, 1.0]"
BraTS-GLI-01336-000,50014,0.005601926523297491,56,155,"[240, 240, 155]","[1.0, 1.0, 1.0]"
BraTS-GLI-01337-000,75919,0.008503472222222223,80,155,"[240, 240, 155]","[1.0, 1.0, 1.0]"
BraTS-GLI-01338-000,97565,0.010927979390681004,67,155,"[240, 240, 155]","[1.0, 1.0, 1.0]"
BraTS-GLI-01339-000,130632,0.014631720430107527,84,155,"[240, 240, 155]","[1.0, 1.0, 1.0]"
BraTS-GLI-01340-000,31705,0.003551187275985663,43,155,"[240, 240, 155]","[1.0, 1.0, 1.0]"
BraTS-GLI-01341-000,3340,0.00037410394265232976,22,155,"[240, 240, 155]","[1.0, 1.0, 1.0]"
BraTS-GLI-01342-000,67771,0.007590837813620072,69,155,"[240, 240, 155]","[1.0, 1.0, 1.0]"
BraTS-GLI-01343-000,162937,0.01825011200716846,85,155,"[240, 240, 155]","[1.0, 1.0, 1.0]"
BraTS-GLI-01344-000,10780,0.0012074372759856631,39,155,"[240, 240, 155]","[1.0, 1.0, 1.0]"
BraTS-GLI-01345-000,63205,0.007079413082437276,76,155,"[240, 240, 155]","[1.0, 1.0, 1.0]"
BraTS-GLI-01346-000,163432,0.018305555555555554,81,155,"[240, 240, 155]","[1.0, 1.0, 1.0]"
BraTS-GLI-01347-000,31162,0.003490367383512545,54,155,"[240, 240, 155]","[1.0, 1.0, 1.0]"
BraTS-GLI-01348-000,35578,0.003984991039426523,55,155,"[240, 240, 155]","[1.0, 1.0, 1.0]"
BraTS-GLI-01349-000,9993,0.001119287634408602,40,155,"[240, 240, 155]","[1.0, 1.0, 1.0]"
BraTS-GLI-01350-000,25783,0.00288788082437276,46,155,"[240, 240, 155]","[1.0, 1.0, 1.0]"
BraTS-GLI-01351-000,114686,0.0128456541218638,69,155,"[240, 240, 155]","[1.0, 1.0, 1.0]"
BraTS-GLI-01352-000,60238,0.006747087813620072,56,155,"[240, 240, 155]","[1.0, 1.0, 1.0]"
BraTS-GLI-01353-000,43858,0.004912410394265233,51,155,"[240, 240, 155]","[1.0, 1.0, 1.0]"
BraTS-GLI-01354-000,61579,0.006897289426523298,66,155,"[240, 240, 155]","[1.0, 1.0, 1.0]"
BraTS-GLI-01355-000,111090,0.012442876344086022,66,155,"[240, 240, 155]","[1.0, 1.0, 1.0]"
BraTS-GLI-01356-000,139471,0.015621751792114695,70,155,"[240, 240, 155]","[1.0, 1.0, 1.0]"
BraTS-GLI-01357-000,90450,0.010131048387096775,74,155,"[240, 240, 155]","[1.0, 1.0, 1.0]"
BraTS-GLI-01358-000,154018,0.017251120071684587,73,155,"[240, 240, 155]","[1.0, 1.0, 1.0]"
BraTS-GLI-01359-000,48979,0.005485999103942652,54,155,"[240, 240, 155]","[1.0, 1.0, 1.0]"
BraTS-GLI-01360-000,155180,0.01738127240143369,79,155,"[240, 240, 155]","[1.0, 1.0, 1.0]"
BraTS-GLI-01361-000,113518,0.012714829749103942,63,155,"[240, 240, 155]","[1.0, 1.0, 1.0]"
BraTS-GLI-01362-000,140999,0.01579289874551971,69,155,"[240, 240, 155]","[1.0, 1.0, 1.0]"
BraTS-GLI-01363-000,6664,0.000746415770609319,26,155,"[240, 240, 155]","[1.0, 1.0, 1.0]"
BraTS-GLI-01364-000,49696,0.005566308243727599,59,155,"[240, 240, 155]","[1.0, 1.0, 1.0]"
BraTS-GLI-01365-000,27625,0.0030941980286738353,40,155,"[240, 240, 155]","[1.0, 1.0, 1.0]"
BraTS-GLI-01366-000,15026,0.0016830197132616488,67,155,"[240, 240, 155]","[1.0, 1.0, 1.0]"
BraTS-GLI-01367-000,41170,0.004611335125448029,70,155,"[240, 240, 155]","[1.0, 1.0, 1.0]"
BraTS-GLI-01368-000,190650,0.021354166666666667,75,155,"[240, 240, 155]","[1.0, 1.0, 1.0]"
BraTS-GLI-01369-000,56813,0.006363463261648746,67,155,"[240, 240, 155]","[1.0, 1.0, 1.0]"
BraTS-GLI-01370-000,76764,0.008598118279569892,79,155,"[240, 240, 155]","[1.0, 1.0, 1.0]"
BraTS-GLI-01371-000,172295,0.019298275089605736,76,155,"[240, 240, 155]","[1.0, 1.0, 1.0]"
BraTS-GLI-01372-000,24729,0.0027698252688172042,57,155,"[240, 240, 155]","[1.0, 1.0, 1.0]"
BraTS-GLI-01373-000,80004,0.008961021505376345,72,155,"[240, 240, 155]","[1.0, 1.0, 1.0]"
BraTS-GLI-01374-000,140459,0.015732414874551973,72,155,"[240, 240, 155]","[1.0, 1.0, 1.0]"
BraTS-GLI-01375-000,44703,0.0050070564516129035,59,155,"[240, 240, 155]","[1.0, 1.0, 1.0]"
BraTS-GLI-01376-000,55211,0.006184027777777778,57,155,"[240, 240, 155]","[1.0, 1.0, 1.0]"
BraTS-GLI-01377-000,108981,0.012206653225806451,69,155,"[240, 240, 155]","[1.0, 1.0, 1.0]"
BraTS-GLI-01378-000,172317,0.019300739247311828,78,155,"[240, 240, 155]","[1.0, 1.0, 1.0]"
BraTS-GLI-01379-000,58929,0.006600470430107527,59,155,"[240, 240, 155]","[1.0, 1.0, 1.0]"
BraTS-GLI-01380-000,70109,0.007852710573476702,79,155,"[240, 240, 155]","[1.0, 1.0, 1.0]"
BraTS-GLI-01381-000,118517,0.01327475358422939,63,155,"[240, 240, 155]","[1.0, 1.0, 1.0]"
BraTS-GLI-01382-000,41918,0.004695116487455197,62,155,"[240, 240, 155]","[1.0, 1.0, 1.0]"
BraTS-GLI-01383-000,92278,0.010335797491039427,72,155,"[240, 240, 155]","[1.0, 1.0, 1.0]"
BraTS-GLI-01384-000,111382,0.012475582437275985,64,155,"[240, 240, 155]","[1.0, 1.0, 1.0]"
BraTS-GLI-01385-000,146347,0.016391913082437277,89,155,"[240, 240, 155]","[1.0, 1.0, 1.0]"
BraTS-GLI-01386-000,176059,0.01971987007168459,85,155,"[240, 240, 155]","[1.0, 1.0, 1.0]"
BraTS-GLI-01387-000,92297,0.010337925627240143,63,155,"[240, 240, 155]","[1.0, 1.0, 1.0]"
BraTS-GLI-01388-000,151417,0.0169597894265233,80,155,"[240, 240, 155]","[1.0, 1.0, 1.0]"
BraTS-GLI-01389-000,20653,0.0023132840501792116,38,155,"[240, 240, 155]","[1.0, 1.0, 1.0]"
BraTS-GLI-01390-000,52724,0.005905465949820788,65,155,"[240, 240, 155]","[1.0, 1.0, 1.0]"
BraTS-GLI-01391-000,124002,0.013889112903225807,91,155,"[240, 240, 155]","[1.0, 1.0, 1.0]"
BraTS-GLI-01392-000,37644,0.004216397849462365,65,155,"[240, 240, 155]","[1.0, 1.0, 1.0]"
BraTS-GLI-01393-000,66727,0.007473902329749104,50,155,"[240, 240, 155]","[1.0, 1.0, 1.0]"
BraTS-GLI-01394-000,52232,0.005850358422939068,63,155,"[240, 240, 155]","[1.0, 1.0, 1.0]"
BraTS-GLI-01395-000,22850,0.0025593637992831542,41,155,"[240, 240, 155]","[1.0, 1.0, 1.0]"
BraTS-GLI-01396-000,84001,0.009408714157706093,65,155,"[240, 240, 155]","[1.0, 1.0, 1.0]"
BraTS-GLI-01397-000,63983,0.007166554659498208,47,155,"[240, 240, 155]","[1.0, 1.0, 1.0]"
BraTS-GLI-01398-000,42300,0.004737903225806452,54,155,"[240, 240, 155]","[1.0, 1.0, 1.0]"
BraTS-GLI-01399-000,29880,0.0033467741935483872,95,155,"[240, 240, 155]","[1.0, 1.0, 1.0]"
BraTS-GLI-01400-000,153838,0.017230958781362007,84,155,"[240, 240, 155]","[1.0, 1.0, 1.0]"
BraTS-GLI-01401-000,161450,0.01808355734767025,77,155,"[240, 240, 155]","[1.0, 1.0, 1.0]"
BraTS-GLI-01402-000,75231,0.00842641129032258,66,155,"[240, 240, 155]","[1.0, 1.0, 1.0]"
BraTS-GLI-01403-000,146330,0.016390008960573476,70,155,"[240, 240, 155]","[1.0, 1.0, 1.0]"
BraTS-GLI-01404-000,22551,0.0025258736559139786,37,155,"[240, 240, 155]","[1.0, 1.0, 1.0]"
BraTS-GLI-01405-000,10951,0.0012265905017921146,42,155,"[240, 240, 155]","[1.0, 1.0, 1.0]"
BraTS-GLI-01406-000,162577,0.018209789426523296,91,155,"[240, 240, 155]","[1.0, 1.0, 1.0]"
BraTS-GLI-01407-000,10186,0.001140905017921147,27,155,"[240, 240, 155]","[1.0, 1.0, 1.0]"
BraTS-GLI-01408-000,45408,0.005086021505376344,44,155,"[240, 240, 155]","[1.0, 1.0, 1.0]"
BraTS-GLI-01409-000,38696,0.004334229390681003,76,155,"[240, 240, 155]","[1.0, 1.0, 1.0]"
BraTS-GLI-01410-000,93395,0.010460909498207886,59,155,"[240, 240, 155]","[1.0, 1.0, 1.0]"
BraTS-GLI-01411-000,111724,0.012513888888888889,74,155,"[240, 240, 155]","[1.0, 1.0, 1.0]"
BraTS-GLI-01412-000,63061,0.007063284050179212,61,155,"[240, 240, 155]","[1.0, 1.0, 1.0]"
BraTS-GLI-01413-000,173927,0.019481070788530466,82,155,"[240, 240, 155]","[1.0, 1.0, 1.0]"
BraTS-GLI-01414-000,120654,0.013514112903225807,73,155,"[240, 240, 155]","[1.0, 1.0, 1.0]"
BraTS-GLI-01415-000,80679,0.00903662634408602,76,155,"[240, 240, 155]","[1.0, 1.0, 1.0]"
BraTS-GLI-01416-000,217356,0.02434543010752688,84,155,"[240, 240, 155]","[1.0, 1.0, 1.0]"
BraTS-GLI-01417-000,61085,0.0068419578853046595,58,155,"[240, 240, 155]","[1.0, 1.0, 1.0]"
BraTS-GLI-01418-000,187569,0.02100907258064516,76,155,"[240, 240, 155]","[1.0, 1.0, 1.0]"
BraTS-GLI-01419-000,210260,0.023550627240143368,74,155,"[240, 240, 155]","[1.0, 1.0, 1.0]"
BraTS-GLI-01420-000,20487,0.002294690860215054,41,155,"[240, 240, 155]","[1.0, 1.0, 1.0]"
BraTS-GLI-01421-000,137297,0.015378248207885305,66,155,"[240, 240, 155]","[1.0, 1.0, 1.0]"
BraTS-GLI-01422-000,21607,0.0024201388888888888,44,155,"[240, 240, 155]","[1.0, 1.0, 1.0]"
BraTS-GLI-01423-000,12969,0.0014526209677419356,36,155,"[240, 240, 155]","[1.0, 1.0, 1.0]"
BraTS-GLI-01424-000,147785,0.016552979390681004,72,155,"[240, 240, 155]","[1.0, 1.0, 1.0]"
BraTS-GLI-01425-000,198692,0.022254928315412186,81,155,"[240, 240, 155]","[1.0, 1.0, 1.0]"
BraTS-GLI-01426-000,82709,0.009264000896057348,57,155,"[240, 240, 155]","[1.0, 1.0, 1.0]"
BraTS-GLI-01427-000,100873,0.011298499103942653,60,155,"[240, 240, 155]","[1.0, 1.0, 1.0]"
BraTS-GLI-01428-000,139254,0.01559744623655914,76,155,"[240, 240, 155]","[1.0, 1.0, 1.0]"
BraTS-GLI-01429-000,149341,0.016727262544802866,97,155,"[240, 240, 155]","[1.0, 1.0, 1.0]"
BraTS-GLI-01430-000,256849,0.028768929211469535,80,155,"[240, 240, 155]","[1.0, 1.0, 1.0]"
BraTS-GLI-01431-000,49639,0.005559923835125448,48,155,"[240, 240, 155]","[1.0, 1.0, 1.0]"
BraTS-GLI-01432-000,248232,0.027803763440860215,80,155,"[240, 240, 155]","[1.0, 1.0, 1.0]"
BraTS-GLI-01433-000,64107,0.007180443548387097,57,155,"[240, 240, 155]","[1.0, 1.0, 1.0]"
BraTS-GLI-01434-000,30440,0.003409498207885305,41,155,"[240, 240, 155]","[1.0, 1.0, 1.0]"
BraTS-GLI-01435-000,25624,0.0028700716845878136,33,155,"[240, 240, 155]","[1.0, 1.0, 1.0]"
BraTS-GLI-01436-000,61746,0.006915994623655914,56,155,"[240, 240, 155]","[1.0, 1.0, 1.0]"
BraTS-GLI-01437-000,53270,0.005966621863799283,49,155,"[240, 240, 155]","[1.0, 1.0, 1.0]"
BraTS-GLI-01438-000,79615,0.008917450716845878,53,155,"[240, 240, 155]","[1.0, 1.0, 1.0]"
BraTS-GLI-01439-000,18890,0.00211581541218638,27,155,"[240, 240, 155]","[1.0, 1.0, 1.0]"
BraTS-GLI-01440-000,35439,0.003969422043010752,44,155,"[240, 240, 155]","[1.0, 1.0, 1.0]"
BraTS-GLI-01441-000,130288,0.014593189964157706,68,155,"[240, 240, 155]","[1.0, 1.0, 1.0]"
BraTS-GLI-01442-000,99624,0.011158602150537635,60,155,"[240, 240, 155]","[1.0, 1.0, 1.0]"
BraTS-GLI-01443-000,50735,0.005682683691756272,51,155,"[240, 240, 155]","[1.0, 1.0, 1.0]"
BraTS-GLI-01444-000,168187,0.01883814964157706,72,155,"[240, 240, 155]","[1.0, 1.0, 1.0]"
BraTS-GLI-01445-000,131589,0.01473891129032258,73,155,"[240, 240, 155]","[1.0, 1.0, 1.0]"
BraTS-GLI-01446-000,107194,0.012006496415770609,59,155,"[240, 240, 155]","[1.0, 1.0, 1.0]"
BraTS-GLI-01447-000,81847,0.009167450716845878,61,155,"[240, 240, 155]","[1.0, 1.0, 1.0]"
BraTS-GLI-01448-000,44798,0.005017697132616488,54,155,"[240, 240, 155]","[1.0, 1.0, 1.0]"
BraTS-GLI-01449-000,97212,0.010888440860215053,72,155,"[240, 240, 155]","[1.0, 1.0, 1.0]"
BraTS-GLI-01450-000,89516,0.010026433691756272,70,155,"[240, 240, 155]","[1.0, 1.0, 1.0]"
BraTS-GLI-01451-000,19075,0.0021365367383512543,36,155,"[240, 240, 155]","[1.0, 1.0, 1.0]"
BraTS-GLI-01452-000,31109,0.0034844310035842293,52,155,"[240, 240, 155]","[1.0, 1.0, 1.0]"
BraTS-GLI-01453-000,23456,0.0026272401433691758,51,155,"[240, 240, 155]","[1.0, 1.0, 1.0]"
BraTS-GLI-01454-000,59206,0.0066314964157706095,82,155,"[240, 240, 155]","[1.0, 1.0, 1.0]"
BraTS-GLI-01455-000,175646,0.01967361111111111,78,155,"[240, 240, 155]","[1.0, 1.0, 1.0]"
BraTS-GLI-01456-000,110210,0.012344310035842293,60,155,"[240, 240, 155]","[1.0, 1.0, 1.0]"
BraTS-GLI-01457-000,66672,0.007467741935483871,58,155,"[240, 240, 155]","[1.0, 1.0, 1.0]"
BraTS-GLI-01458-000,60356,0.006760304659498208,50,155,"[240, 240, 155]","[1.0, 1.0, 1.0]"
BraTS-GLI-01459-000,21984,0.0024623655913978493,44,155,"[240, 240, 155]","[1.0, 1.0, 1.0]"
BraTS-GLI-01460-000,111312,0.01246774193548387,68,155,"[240, 240, 155]","[1.0, 1.0, 1.0]"
BraTS-GLI-01461-000,77278,0.008655689964157706,63,155,"[240, 240, 155]","[1.0, 1.0, 1.0]"
BraTS-GLI-01462-000,117937,0.013209789426523297,75,155,"[240, 240, 155]","[1.0, 1.0, 1.0]"
BraTS-GLI-01463-000,161557,0.01809554211469534,74,155,"[240, 240, 155]","[1.0, 1.0, 1.0]"
BraTS-GLI-01464-000,30490,0.003415098566308244,53,155,"[240, 240, 155]","[1.0, 1.0, 1.0]"
BraTS-GLI-01465-000,159632,0.017879928315412186,82,155,"[240, 240, 155]","[1.0, 1.0, 1.0]"
BraTS-GLI-01466-000,148030,0.016580421146953406,71,155,"[240, 240, 155]","[1.0, 1.0, 1.0]"
BraTS-GLI-01467-000,206134,0.02308848566308244,79,155,"[240, 240, 155]","[1.0, 1.0, 1.0]"
BraTS-GLI-01468-000,69628,0.007798835125448028,51,155,"[240, 240, 155]","[1.0, 1.0, 1.0]"
BraTS-GLI-01469-000,52716,0.005904569892473118,57,155,"[240, 240, 155]","[1.0, 1.0, 1.0]"
BraTS-GLI-01470-000,73827,0.008269153225806451,61,155,"[240, 240, 155]","[1.0, 1.0, 1.0]"
BraTS-GLI-01471-000,200621,0.022470990143369177,70,155,"[240, 240, 155]","[1.0, 1.0, 1.0]"
BraTS-GLI-01472-000,54958,0.006155689964157706,50,155,"[240, 240, 155]","[1.0, 1.0, 1.0]"
BraTS-GLI-01473-000,156762,0.017558467741935483,77,155,"[240, 240, 155]","[1.0, 1.0, 1.0]"
BraTS-GLI-01474-000,70781,0.007927979390681003,56,155,"[240, 240, 155]","[1.0, 1.0, 1.0]"
BraTS-GLI-01475-000,204242,0.022876568100358423,80,155,"[240, 240, 155]","[1.0, 1.0, 1.0]"
BraTS-GLI-01476-000,51173,0.0057317428315412184,62,155,"[240, 240, 155]","[1.0, 1.0, 1.0]"
BraTS-GLI-01477-000,195433,0.021889896953405017,78,155,"[240, 240, 155]","[1.0, 1.0, 1.0]"
BraTS-GLI-01478-000,230882,0.025860439068100358,84,155,"[240, 240, 155]","[1.0, 1.0, 1.0]"
BraTS-GLI-01479-000,190251,0.02130947580645161,81,155,"[240, 240, 155]","[1.0, 1.0, 1.0]"
BraTS-GLI-01480-000,34700,0.003886648745519713,44,155,"[240, 240, 155]","[1.0, 1.0, 1.0]"
BraTS-GLI-01481-000,56512,0.006329749103942652,56,155,"[240, 240, 155]","[1.0, 1.0, 1.0]"
BraTS-GLI-01482-000,30073,0.0033683915770609317,70,155,"[240, 240, 155]","[1.0, 1.0, 1.0]"
BraTS-GLI-01483-000,107864,0.012081541218637993,72,155,"[240, 240, 155]","[1.0, 1.0, 1.0]"
BraTS-GLI-01484-000,162703,0.018223902329749103,82,155,"[240, 240, 155]","[1.0, 1.0, 1.0]"
BraTS-GLI-01485-000,39237,0.004394825268817204,50,155,"[240, 240, 155]","[1.0, 1.0, 1.0]"
BraTS-GLI-01486-000,143067,0.016024529569892473,82,155,"[240, 240, 155]","[1.0, 1.0, 1.0]"
BraTS-GLI-01487-000,85121,0.009534162186379928,65,155,"[240, 240, 155]","[1.0, 1.0, 1.0]"
BraTS-GLI-01488-000,46436,0.005201164874551971,57,155,"[240, 240, 155]","[1.0, 1.0, 1.0]"
BraTS-GLI-01489-000,196181,0.021973678315412186,79,155,"[240, 240, 155]","[1.0, 1.0, 1.0]"
BraTS-GLI-01490-000,113289,0.012689180107526881,65,155,"[240, 240, 155]","[1.0, 1.0, 1.0]"
BraTS-GLI-01491-000,23844,0.0026706989247311827,60,155,"[240, 240, 155]","[1.0, 1.0, 1.0]"
BraTS-GLI-01492-000,49010,0.005489471326164875,49,155,"[240, 240, 155]","[1.0, 1.0, 1.0]"
BraTS-GLI-01493-000,77001,0.008624663978494623,56,155,"[240, 240, 155]","[1.0, 1.0, 1.0]"
BraTS-GLI-01494-000,191547,0.021454637096774195,81,155,"[240, 240, 155]","[1.0, 1.0, 1.0]"
BraTS-GLI-01495-000,220284,0.024673387096774194,85,155,"[240, 240, 155]","[1.0, 1.0, 1.0]"
BraTS-GLI-01496-000,218263,0.024447020609318998,91,155,"[240, 240, 155]","[1.0, 1.0, 1.0]"
BraTS-GLI-01497-000,77020,0.008626792114695341,57,155,"[240, 240, 155]","[1.0, 1.0, 1.0]"
BraTS-GLI-01498-000,298075,0.033386536738351257,91,155,"[240, 240, 155]","[1.0, 1.0, 1.0]"
BraTS-GLI-01499-000,82814,0.00927576164874552,59,155,"[240, 240, 155]","[1.0, 1.0, 1.0]"
BraTS-GLI-01500-000,25293,0.002832997311827957,39,155,"[240, 240, 155]","[1.0, 1.0, 1.0]"
BraTS-GLI-01501-000,162105,0.018156922043010754,65,155,"[240, 240, 155]","[1.0, 1.0, 1.0]"
BraTS-GLI-01502-000,74866,0.008385528673835125,77,155,"[240, 240, 155]","[1.0, 1.0, 1.0]"
BraTS-GLI-01503-000,45690,0.00511760752688172,56,155,"[240, 240, 155]","[1.0, 1.0, 1.0]"
BraTS-GLI-01504-000,111018,0.01243481182795699,67,155,"[240, 240, 155]","[1.0, 1.0, 1.0]"
BraTS-GLI-01505-000,95449,0.010690972222222222,74,155,"[240, 240, 155]","[1.0, 1.0, 1.0]"
BraTS-GLI-01506-000,173216,0.019401433691756273,84,155,"[240, 240, 155]","[1.0, 1.0, 1.0]"
BraTS-GLI-01507-000,115617,0.012949932795698924,73,155,"[240, 240, 155]","[1.0, 1.0, 1.0]"
BraTS-GLI-01508-000,35851,0.004015568996415771,58,155,"[240, 240, 155]","[1.0, 1.0, 1.0]"
BraTS-GLI-01509-000,31170,0.003491263440860215,45,155,"[240, 240, 155]","[1.0, 1.0, 1.0]"
BraTS-GLI-01510-000,125421,0.014048051075268818,69,155,"[240, 240, 155]","[1.0, 1.0, 1.0]"
BraTS-GLI-01511-000,180724,0.020242383512544804,82,155,"[240, 240, 155]","[1.0, 1.0, 1.0]"
BraTS-GLI-01512-000,147787,0.01655320340501792,78,155,"[240, 240, 155]","[1.0, 1.0, 1.0]"
BraTS-GLI-01513-000,202427,0.022673275089605736,76,155,"[240, 240, 155]","[1.0, 1.0, 1.0]"
BraTS-GLI-01514-000,157275,0.01761592741935484,73,155,"[240, 240, 155]","[1.0, 1.0, 1.0]"
BraTS-GLI-01515-000,175367,0.01964236111111111,76,155,"[240, 240, 155]","[1.0, 1.0, 1.0]"
BraTS-GLI-01516-000,30323,0.0033963933691756273,39,155,"[240, 240, 155]","[1.0, 1.0, 1.0]"
BraTS-GLI-01517-000,158539,0.017757504480286738,85,155,"[240, 240, 155]","[1.0, 1.0, 1.0]"
BraTS-GLI-01518-000,171033,0.01915692204301075,75,155,"[240, 240, 155]","[1.0, 1.0, 1.0]"
BraTS-GLI-01519-000,27311,0.0030590277777777777,52,155,"[240, 240, 155]","[1.0, 1.0, 1.0]"
BraTS-GLI-01520-000,34226,0.0038335573476702507,44,155,"[240, 240, 155]","[1.0, 1.0, 1.0]"
BraTS-GLI-01521-000,231951,0.025980174731182797,84,155,"[240, 240, 155]","[1.0, 1.0, 1.0]"
BraTS-GLI-01522-000,20725,0.0023213485663082438,42,155,"[240, 240, 155]","[1.0, 1.0, 1.0]"
BraTS-GLI-01523-000,212186,0.023766353046594982,82,155,"[240, 240, 155]","[1.0, 1.0, 1.0]"
BraTS-GLI-01524-000,116994,0.013104166666666667,58,155,"[240, 240, 155]","[1.0, 1.0, 1.0]"
BraTS-GLI-01525-000,37466,0.004196460573476703,73,155,"[240, 240, 155]","[1.0, 1.0, 1.0]"
BraTS-GLI-01526-000,65338,0.007318324372759857,57,155,"[240, 240, 155]","[1.0, 1.0, 1.0]"
BraTS-GLI-01527-000,87527,0.009803651433691756,57,155,"[240, 240, 155]","[1.0, 1.0, 1.0]"
BraTS-GLI-01528-000,232098,0.025996639784946235,75,155,"[240, 240, 155]","[1.0, 1.0, 1.0]"
BraTS-GLI-01529-000,68293,0.007649305555555556,66,155,"[240, 240, 155]","[1.0, 1.0, 1.0]"
BraTS-GLI-01530-000,17082,0.0019133064516129031,35,155,"[240, 240, 155]","[1.0, 1.0, 1.0]"
BraTS-GLI-01531-000,125353,0.01404043458781362,78,155,"[240, 240, 155]","[1.0, 1.0, 1.0]"
BraTS-GLI-01532-000,183843,0.020591733870967743,70,155,"[240, 240, 155]","[1.0, 1.0, 1.0]"
BraTS-GLI-01533-000,361783,0.0405222894265233,102,155,"[240, 240, 155]","[1.0, 1.0, 1.0]"
BraTS-GLI-01534-000,62935,0.007049171146953405,65,155,"[240, 240, 155]","[1.0, 1.0, 1.0]"
BraTS-GLI-01535-000,53625,0.00600638440860215,54,155,"[240, 240, 155]","[1.0, 1.0, 1.0]"
BraTS-GLI-01536-000,49858,0.005584453405017921,44,155,"[240, 240, 155]","[1.0, 1.0, 1.0]"
BraTS-GLI-01537-000,194482,0.021783378136200716,83,155,"[240, 240, 155]","[1.0, 1.0, 1.0]"
BraTS-GLI-01610-000,19259,0.0021571460573476704,44,155,"[240, 240, 155]","[1.0, 1.0, 1.0]"
BraTS-GLI-01657-000,135309,0.015155577956989246,85,155,"[240, 240, 155]","[1.0, 1.0, 1.0]"
BraTS-GLI-01658-000,166389,0.01863676075268817,78,155,"[240, 240, 155]","[1.0, 1.0, 1.0]"
BraTS-GLI-01659-000,145847,0.016335909498207884,80,155,"[240, 240, 155]","[1.0, 1.0, 1.0]"
BraTS-GLI-01660-000,99177,0.01110853494623656,63,155,"[240, 240, 155]","[1.0, 1.0, 1.0]"
BraTS-GLI-01661-000,147014,0.016466621863799283,79,155,"[240, 240, 155]","[1.0, 1.0, 1.0]"
BraTS-GLI-01662-000,94116,0.010541666666666666,56,155,"[240, 240, 155]","[1.0, 1.0, 1.0]"
BraTS-GLI-01663-000,56445,0.006322244623655914,50,155,"[240, 240, 155]","[1.0, 1.0, 1.0]"
BraTS-GLI-01664-000,188686,0.02113418458781362,77,155,"[240, 240, 155]","[1.0, 1.0, 1.0]"
BraTS-GLI-01665-000,151508,0.016969982078853047,67,155,"[240, 240, 155]","[1.0, 1.0, 1.0]"
BraTS-GLI-01666-000,135746,0.015204525089605734,78,155,"[240, 240, 155]","[1.0, 1.0, 1.0]"
